time,acc raw,,,,,,gyr raw,,,,,,mag raw,,,,,,orientation fusion,,,,,,quaternion fusion,,,,,,,
1588757180.4195552,51,252,224,255,0,0,2,0,12,0,0,0,56,2,54,1,228,0,99,20,126,250,34,11,62,43,120,241,237,42,32,13
1588757180.4507384,50,252,223,255,245,255,251,255,6,0,0,0,56,2,54,1,228,0,99,20,126,250,34,11,62,43,120,241,237,42,32,13
1588757180.4724689,48,252,221,255,252,255,0,0,255,255,254,255,78,2,43,1,217,0,98,20,126,250,34,11,60,43,114,241,235,42,38,13
1588757180.4925733,47,252,220,255,248,255,249,255,251,255,3,0,78,2,43,1,217,0,98,20,126,250,34,11,60,43,113,241,235,42,38,13
1588757180.5205593,47,252,222,255,248,255,0,0,7,0,5,0,72,2,36,1,204,0,98,20,126,250,34,11,59,43,113,241,235,42,40,13
1588757180.5512269,55,252,225,255,243,255,252,255,5,0,10,0,72,2,36,1,204,0,98,20,126,250,35,11,59,43,113,241,236,42,40,13
1588757180.5771601,50,252,225,255,249,255,249,255,247,255,4,0,60,2,49,1,224,0,97,20,126,250,35,11,58,43,107,241,232,42,47,13
1588757180.6013105,47,252,220,255,249,255,254,255,251,255,7,0,60,2,49,1,224,0,97,20,126,250,35,11,58,43,107,241,232,42,47,13
1588757180.6203847,49,252,224,255,251,255,254,255,5,0,11,0,67,2,36,1,217,0,95,20,125,250,35,11,54,43,99,241,230,42,57,13
1588757180.6405282,51,252,224,255,232,255,251,255,10,0,15,0,67,2,36,1,217,0,95,20,125,250,35,11,53,43,100,241,231,42,59,13
1588757180.6675165,48,252,224,255,251,255,239,255,250,255,3,0,67,2,43,1,217,0,94,20,125,250,35,11,52,43,94,241,229,42,66,13
1588757180.6874588,51,252,224,255,252,255,252,255,243,255,1,0,67,2,43,1,217,0,94,20,125,250,35,11,53,43,94,241,227,42,67,13
1588757180.7178292,49,252,224,255,248,255,236,255,247,255,3,0,60,2,49,1,228,0,92,20,125,250,35,11,49,43,82,241,223,42,79,13
1588757180.7407203,51,252,224,255,245,255,253,255,9,0,253,255,60,2,49,1,228,0,92,20,125,250,35,11,49,43,82,241,223,42,79,13
1588757180.770952,51,252,225,255,249,255,237,255,0,0,247,255,60,2,43,1,211,0,91,20,125,250,35,11,48,43,78,241,222,42,81,13
1588757180.7909932,53,252,227,255,251,255,243,255,245,255,238,255,60,2,43,1,211,0,91,20,126,250,34,11,49,43,75,241,220,42,80,13
1588757180.8184354,51,252,222,255,249,255,6,0,247,255,221,255,60,2,30,1,211,0,91,20,126,250,34,11,50,43,63,241,215,42,79,13
1588757180.8383296,50,252,223,255,251,255,245,255,245,255,222,255,60,2,30,1,211,0,92,20,127,250,33,11,52,43,58,241,213,42,77,13
1588757180.8643231,50,252,224,255,250,255,243,255,246,255,212,255,54,2,43,1,211,0,93,20,128,250,32,11,54,43,51,241,209,42,73,13
1588757180.8893075,55,252,225,255,237,255,9,0,227,255,199,255,54,2,43,1,211,0,94,20,129,250,31,11,66,43,45,241,199,42,62,13
1588757180.9190729,56,252,224,255,219,255,16,0,130,255,170,255,49,2,30,1,224,0,93,20,132,250,35,0,90,43,18,241,162,42,72,13
1588757180.942171,51,252,214,255,229,255,16,0,193,254,162,255,49,2,30,1,224,0,97,20,136,250,38,0,127,43,19,241,125,42,69,13
1588757180.9718254,30,252,192,255,187,255,15,0,181,253,203,255,67,2,60,1,204,0,98,20,143,250,40,0,223,43,40,241,28,42,87,13
1588757180.991494,56,252,209,255,31,0,119,255,24,253,255,255,67,2,60,1,204,0,95,20,152,250,40,0,46,44,48,241,187,41,136,13
1588757181.0221102,65,252,221,255,114,0,41,0,154,252,229,255,91,2,60,1,192,0,94,20,172,250,40,0,189,44,90,241,32,41,186,13
1588757181.0448923,50,252,209,255,46,0,115,0,108,252,207,255,91,2,60,1,192,0,97,20,190,250,41,0,54,45,141,241,168,40,203,13
1588757181.072305,51,252,209,255,4,0,44,0,242,250,222,255,84,2,41,1,172,0,97,20,225,250,54,1,12,46,215,241,186,39,7,14
1588757181.091978,101,252,232,255,160,0,202,255,182,250,184,255,84,2,41,1,172,0,98,20,250,250,13,1,160,46,252,241,11,39,51,14
1588757181.1225286,88,252,220,255,222,0,177,0,38,250,80,255,91,2,52,1,121,0,105,20,38,251,228,0,159,47,91,242,236,37,72,14
1588757181.1421778,82,252,200,255,139,0,227,0,93,249,70,255,91,2,52,1,121,0,110,20,72,251,206,0,95,48,166,242,10,37,92,14
1588757181.1694112,86,252,184,255,178,0,255,255,79,248,89,255,96,2,52,1,59,0,115,20,109,251,188,0,141,49,10,243,128,35,148,14
1588757181.1850142,111,252,191,255,210,0,136,255,41,248,100,255,96,2,52,1,59,0,114,20,147,251,177,0,235,49,26,243,242,34,185,14
1588757181.2094848,134,252,183,255,52,1,142,254,77,248,126,255,96,2,52,1,59,0,109,20,185,251,173,0,226,50,31,243,78,33,59,15
1588757181.22519,165,252,190,255,135,1,202,253,243,248,123,255,102,2,76,1,19,0,103,20,219,251,175,0,40,51,18,243,200,32,104,15
1588757181.242855,169,252,181,255,37,2,249,253,148,249,54,255,102,2,76,1,19,0,100,20,250,251,179,0,174,51,6,243,206,31,169,15
1588757181.2698455,185,252,183,255,47,2,215,255,12,250,220,254,108,2,76,1,189,255,107,20,24,252,180,0,137,52,75,243,128,30,160,15
1588757181.2902977,189,252,177,255,242,1,100,0,8,250,163,254,108,2,76,1,189,255,113,20,55,252,180,0,26,53,131,243,157,29,152,15
1588757181.3161871,175,252,147,255,248,1,170,0,229,249,194,254,73,2,72,1,146,255,126,20,101,252,176,0,176,53,212,243,193,28,115,15
1588757181.3332524,204,252,152,255,35,2,99,0,44,250,246,254,73,2,72,1,146,255,130,20,130,252,174,0,46,54,10,244,230,27,118,15
1588757181.3604248,255,252,171,255,81,2,91,0,120,250,227,254,73,2,72,1,146,255,135,20,158,252,172,0,236,54,106,244,166,26,85,15
1588757181.3807309,242,252,146,255,70,2,1,1,242,249,187,254,92,2,88,1,88,255,144,20,188,252,169,0,114,55,188,244,185,25,69,15
1588757181.4042761,2,253,144,255,22,2,205,0,88,249,223,254,92,2,88,1,88,255,149,20,220,252,164,0,248,55,9,245,179,24,69,15
1588757181.4234276,40,253,133,255,85,2,18,0,4,249,36,255,52,2,94,1,39,255,157,20,17,253,160,0,126,56,80,245,162,23,57,15
1588757181.4438348,85,253,149,255,136,2,128,255,249,248,65,255,52,2,94,1,39,255,157,20,51,253,161,0,243,56,121,245,131,22,87,15
1588757181.470904,117,253,142,255,225,2,160,255,20,249,53,255,11,2,94,1,244,254,163,20,86,253,161,0,163,57,216,245,224,20,86,15
1588757181.4862165,54,254,47,255,189,5,14,0,4,249,133,255,11,2,94,1,244,254,164,20,120,253,149,0,221,57,55,246,101,20,93,15
1588757181.5109987,164,253,180,255,252,2,28,4,253,248,109,255,11,2,94,1,244,254,171,20,154,253,128,0,144,58,108,247,20,19,34,15
1588757181.526504,181,253,169,255,18,3,143,2,73,250,223,255,0,2,118,1,204,254,177,20,182,253,114,0,187,58,182,247,177,18,32,15
1588757181.555102,2,254,196,255,47,3,118,2,116,250,151,255,0,2,118,1,204,254,182,20,209,253,101,0,62,59,155,248,130,17,3,15
1588757181.5824246,188,253,166,255,23,3,72,2,118,250,188,255,209,1,88,1,128,254,192,20,251,253,82,0,187,59,129,249,78,16,217,14
1588757181.6052318,213,253,181,255,30,3,245,1,60,250,71,0,209,1,88,1,128,254,193,20,22,254,70,0,255,59,16,250,116,15,235,14
1588757181.6319084,47,254,195,255,96,3,228,1,7,250,128,0,169,1,94,1,96,254,197,20,66,254,52,0,106,60,253,250,30,14,226,14
1588757181.6554585,62,254,34,0,60,3,43,0,135,251,110,0,169,1,94,1,96,254,195,20,93,254,45,0,142,60,42,251,120,13,249,14
1588757181.674536,44,254,180,255,141,3,52,0,60,252,142,255,152,1,72,1,58,254,199,20,120,254,44,0,186,60,89,251,218,12,226,14
1588757181.6921241,40,254,195,255,93,3,242,255,64,252,30,0,152,1,72,1,58,254,198,20,130,254,44,0,216,60,125,251,64,12,246,14
1588757181.7180696,137,254,221,255,143,3,218,255,173,252,72,0,121,1,76,1,20,254,200,20,154,254,44,0,248,60,161,251,186,11,232,14
1588757181.7349436,134,254,214,255,131,3,212,255,7,253,76,0,121,1,76,1,20,254,198,20,169,254,44,0,11,61,187,251,61,11,2,15
1588757181.762954,135,254,214,255,113,3,192,255,254,252,140,0,121,1,76,1,20,254,194,20,184,254,44,0,38,61,225,251,118,10,45,15
1588757181.7853293,147,254,208,255,118,3,131,255,70,252,22,1,104,1,65,1,250,253,187,20,210,254,44,0,50,61,250,251,216,9,110,15
1588757181.8123338,2,255,228,255,182,3,128,255,167,251,134,1,104,1,65,1,250,253,178,20,230,254,44,0,70,61,49,252,208,8,204,15
1588757181.8279629,78,255,0,0,241,3,174,255,41,252,11,1,83,1,67,1,0,254,175,20,248,254,43,0,77,61,65,252,139,8,219,15
1588757181.845343,19,255,233,255,185,3,4,0,96,253,235,255,83,1,67,1,0,254,176,20,4,255,43,0,93,61,93,252,36,8,215,15
1588757181.8687644,249,254,224,255,164,3,34,0,187,253,134,255,64,1,73,1,224,253,181,20,16,255,43,0,117,61,125,252,191,7,180,15
1588757181.8856578,204,254,191,255,144,3,1,0,12,253,252,255,64,1,73,1,224,253,180,20,31,255,43,0,131,61,157,252,58,7,196,15
1588757181.912899,226,254,196,255,140,3,213,255,127,252,183,0,64,1,73,1,224,253,175,20,50,255,43,0,147,61,218,252,59,6,0,16
1588757181.9330924,20,255,193,255,191,3,172,255,103,251,161,1,40,1,73,1,224,253,169,20,72,255,43,0,147,61,8,253,110,5,82,16
1588757181.9569316,58,255,224,255,105,3,153,255,61,250,207,1,40,1,73,1,224,253,160,20,98,255,43,0,144,61,68,253,102,4,184,16
1588757181.97591,117,254,158,255,231,2,152,255,185,247,95,3,0,1,67,1,218,253,135,20,161,255,42,0,126,61,172,253,210,2,93,17
1588757181.9962363,133,0,231,255,141,4,92,255,14,244,156,5,0,1,67,1,218,253,106,20,214,255,42,0,72,61,39,254,255,0,87,18
1588757182.0235677,33,1,32,0,85,4,209,255,251,250,129,2,243,0,65,1,165,253,90,20,244,255,42,0,30,61,119,254,221,255,237,18
1588757182.045013,39,0,220,255,23,4,49,0,189,0,67,255,243,0,65,1,165,253,91,20,245,255,42,0,40,61,117,254,249,255,205,18
1588757182.0698683,194,255,219,255,141,3,240,255,203,255,68,255,184,0,60,1,180,253,98,20,246,255,43,0,54,61,118,254,230,255,159,18
1588757182.0863533,226,255,196,255,241,3,217,255,86,255,181,255,184,0,60,1,180,253,99,20,249,255,43,0,56,61,120,254,207,255,152,18
1588757182.1082935,246,255,222,255,184,3,254,255,0,0,254,255,184,0,60,1,180,253,99,20,249,255,43,0,56,61,120,254,207,255,152,18
1588757182.12718,246,255,221,255,203,3,254,255,251,255,1,0,179,0,67,1,180,253,102,20,249,255,43,0,64,61,121,254,208,255,126,18
1588757182.1504872,250,255,222,255,192,3,1,0,254,255,2,0,179,0,67,1,180,253,102,20,249,255,43,0,64,61,121,254,208,255,126,18
1588757182.1750185,249,255,223,255,201,3,254,255,255,255,2,0,179,0,67,1,162,253,104,20,249,255,43,0,70,61,122,254,209,255,108,18
1588757182.1974158,247,255,221,255,204,3,0,0,254,255,1,0,179,0,67,1,162,253,104,20,249,255,43,0,70,61,123,254,209,255,108,18
1588757182.2277305,248,255,221,255,200,3,0,0,254,255,254,255,179,0,60,1,162,253,105,20,249,255,43,0,73,61,124,254,210,255,97,18
1588757182.2499766,248,255,222,255,193,3,255,255,254,255,1,0,179,0,60,1,162,253,105,20,249,255,43,0,73,61,125,254,210,255,97,18
1588757182.2779799,248,255,222,255,201,3,255,255,0,0,2,0,184,0,54,1,167,253,106,20,249,255,42,0,74,61,126,254,210,255,95,18
1588757182.297851,248,255,223,255,192,3,0,0,0,0,255,255,184,0,54,1,167,253,106,20,249,255,42,0,74,61,126,254,211,255,95,18
1588757182.3284698,248,255,220,255,201,3,255,255,0,0,253,255,184,0,67,1,167,253,107,20,249,255,42,0,76,61,127,254,211,255,86,18
1588757182.3592372,250,255,223,255,194,3,1,0,255,255,255,255,184,0,67,1,167,253,107,20,249,255,42,0,76,61,128,254,211,255,86,18
1588757182.3855014,249,255,222,255,201,3,0,0,0,0,2,0,190,0,67,1,180,253,107,20,249,255,42,0,77,61,129,254,212,255,83,18
1588757182.4094276,250,255,221,255,191,3,1,0,254,255,0,0,190,0,67,1,180,253,107,20,249,255,42,0,77,61,129,254,212,255,83,18
1588757182.435967,246,255,223,255,204,3,253,255,3,0,0,0,190,0,67,1,180,253,107,20,249,255,42,0,78,61,130,254,212,255,80,18
1588757182.4659846,248,255,220,255,196,3,0,0,1,0,255,255,190,0,67,1,180,253,107,20,249,255,42,0,84,61,131,254,213,255,60,18
1588757182.4863038,248,255,222,255,205,3,254,255,0,0,2,0,172,0,60,1,186,253,110,20,249,255,42,0,84,61,132,254,213,255,60,18
1588757182.5100071,248,255,222,255,193,3,0,0,253,255,0,0,172,0,60,1,186,253,110,20,249,255,42,0,84,61,132,254,213,255,60,18
1588757182.5285883,247,255,210,255,250,3,1,0,1,0,0,0,179,0,54,1,180,253,110,20,249,255,41,0,86,61,134,254,214,255,56,18
1588757182.5507035,247,255,215,255,235,3,88,0,222,255,253,255,179,0,54,1,180,253,110,20,250,255,39,0,86,61,154,254,212,255,56,18
1588757182.576216,252,255,228,255,188,3,251,255,5,0,250,255,184,0,60,1,167,253,111,20,250,255,39,0,87,61,153,254,213,255,51,18
1588757182.5960622,6,0,243,255,164,3,181,255,29,0,228,255,184,0,60,1,167,253,111,20,249,255,40,0,92,61,139,254,214,255,34,18
1588757182.6190085,252,0,31,0,225,3,186,255,32,0,75,255,184,0,60,1,167,253,128,20,249,255,40,0,132,61,144,254,216,255,155,17
1588757182.6362498,196,0,33,0,237,3,99,0,19,0,236,250,179,0,54,1,167,253,141,20,250,255,39,0,197,61,151,254,220,255,178,16
1588757182.651923,55,0,222,255,193,3,9,0,65,0,40,250,179,0,54,1,167,253,172,20,250,255,40,0,233,61,149,254,223,255,40,16
1588757182.6763444,116,255,163,255,210,3,252,255,71,0,182,249,172,0,67,1,160,253,204,20,250,255,40,0,77,62,146,254,231,255,147,14
1588757182.6919208,86,255,157,255,196,3,8,0,55,0,121,250,172,0,67,1,160,253,229,20,250,255,40,0,100,62,147,254,232,255,49,14
1588757182.716441,0,1,166,255,191,3,2,0,38,0,24,252,172,0,67,1,160,253,250,20,250,255,40,0,177,62,144,254,238,255,205,12
1588757182.732073,230,0,237,255,199,3,254,255,63,0,224,249,124,0,73,1,197,253,34,21,250,255,40,0,211,62,143,254,242,255,33,12
1588757182.7496014,157,0,22,0,185,3,254,255,98,0,188,246,124,0,73,1,197,253,83,21,250,255,41,0,32,63,140,254,250,255,115,10
1588757182.7769327,8,0,220,255,198,3,238,255,130,0,139,244,112,0,84,1,184,253,140,21,250,255,41,0,137,63,133,254,9,0,140,7
1588757182.797104,20,255,136,255,206,3,252,255,105,0,106,246,112,0,84,1,184,253,191,21,251,255,42,0,179,63,131,254,17,0,3,6
1588757182.8232741,166,255,128,255,225,3,37,0,62,0,148,248,64,0,96,1,191,253,254,21,251,255,42,0,211,63,132,254,23,0,133,4
1588757182.8400373,167,0,3,0,181,3,2,0,93,0,54,247,64,0,96,1,191,253,44,22,251,255,42,0,235,63,131,254,31,0,232,2
1588757182.867344,4,0,239,255,200,3,233,255,133,0,186,244,64,0,96,1,191,253,100,22,251,255,43,0,251,63,114,254,50,0,6,0
1588757182.887396,82,255,112,255,196,3,211,255,123,0,165,246,40,0,102,1,197,253,22,0,251,255,45,0,247,63,109,254,59,0,137,254
1588757182.9112825,17,255,115,255,195,3,4,0,70,0,103,249,40,0,102,1,197,253,58,0,251,255,45,0,238,63,110,254,63,0,120,253
1588757182.9330997,239,255,163,255,229,3,27,0,49,0,171,250,237,255,107,1,223,253,101,0,252,255,44,0,226,63,116,254,65,0,115,252
1588757182.950549,84,0,178,255,209,3,76,0,31,0,108,250,237,255,107,1,223,253,131,0,252,255,43,0,209,63,125,254,66,0,108,251
1588757182.9779952,25,0,150,255,196,3,248,255,77,0,0,249,208,255,89,1,236,253,166,0,252,255,43,0,168,63,120,254,77,0,141,249
1588757182.9979036,198,255,165,255,180,3,184,255,100,0,241,248,208,255,89,1,236,253,202,0,252,255,45,0,134,63,110,254,87,0,97,248
1588757183.0214899,75,255,148,255,250,3,253,255,68,0,6,250,208,255,89,1,236,253,248,0,252,255,46,0,101,63,110,254,92,0,92,247
1588757183.0448313,21,0,197,255,203,3,0,0,66,0,211,249,184,255,89,1,228,253,23,1,253,255,46,0,61,63,110,254,97,0,71,246
1588757183.0639753,6,0,202,255,198,3,4,0,74,0,91,249,184,255,89,1,228,253,57,1,253,255,46,0,13,63,110,254,102,0,33,245
1588757183.0839798,206,255,201,255,209,3,0,0,77,0,36,249,165,255,67,1,215,253,90,1,253,255,46,0,215,62,110,254,108,0,250,243
1588757183.101413,167,255,213,255,193,3,2,0,68,0,196,249,165,255,67,1,215,253,120,1,253,255,46,0,163,62,111,254,112,0,246,242
1588757183.1287215,190,255,222,255,198,3,0,0,56,0,170,250,124,255,73,1,247,253,145,1,254,255,46,0,92,62,112,254,118,0,177,241
1588757183.1485984,129,255,23,0,202,3,2,0,50,0,198,251,124,255,73,1,247,253,168,1,254,255,46,0,53,62,112,254,122,0,11,241
1588757183.168672,95,255,8,0,202,3,255,255,39,0,132,252,124,255,73,1,247,253,183,1,254,255,46,0,27,62,112,254,123,0,162,240
1588757183.188795,193,255,228,255,206,3,0,0,19,0,25,254,117,255,36,1,234,253,193,1,254,255,46,0,8,62,112,254,124,0,87,240
1588757183.2042844,195,255,198,255,195,3,255,255,14,0,102,254,117,255,36,1,234,253,200,1,254,255,46,0,2,62,112,254,123,0,62,240
1588757183.2243345,156,255,208,255,231,3,27,0,252,255,111,255,104,255,54,1,4,254,201,1,254,255,45,0,0,62,120,254,119,0,52,240
1588757183.241973,122,255,220,255,210,3,107,0,198,255,211,0,104,255,54,1,4,254,195,1,255,255,44,0,14,62,129,254,108,0,106,240
1588757183.2646713,87,255,236,255,204,3,13,0,179,255,178,2,104,255,54,1,4,254,179,1,0,0,44,0,48,62,126,254,95,0,244,240
1588757183.2847245,23,255,255,255,195,3,243,255,91,255,199,4,92,255,36,1,234,253,152,1,2,0,45,0,102,62,115,254,68,0,221,241
1588757183.3020988,5,255,236,255,253,3,200,255,223,254,82,7,92,255,36,1,234,253,112,1,5,0,45,0,177,62,102,254,36,0,57,243
1588757183.329825,69,255,232,255,173,3,20,0,117,255,153,9,140,255,54,1,234,253,62,1,5,0,45,0,39,63,104,254,24,0,191,245
1588757183.349651,25,0,165,255,179,3,26,0,44,0,107,9,140,255,54,1,234,253,15,1,3,0,45,0,101,63,117,254,48,0,89,247
1588757183.3798938,225,255,165,255,106,3,28,0,219,0,128,9,144,255,83,1,240,253,200,0,253,255,44,0,177,63,120,254,72,0,236,249
1588757183.3998752,176,255,182,255,217,3,250,255,142,255,226,10,144,255,83,1,240,253,147,0,252,255,44,0,216,63,120,254,64,0,208,251
1588757183.4304724,4,0,172,255,198,3,238,255,144,255,218,10,199,255,94,1,215,253,67,0,252,255,44,0,247,63,109,254,56,0,130,254
1588757183.4500315,59,0,164,255,217,3,213,255,169,255,58,9,199,255,94,1,215,253,19,0,251,255,45,0,251,63,107,254,50,0,20,0
1588757183.480769,188,255,189,255,204,3,253,255,159,255,13,9,223,255,124,1,215,253,80,22,251,255,45,0,238,63,108,254,39,0,135,2
1588757183.5004802,184,255,100,255,204,3,253,255,141,255,45,10,223,255,124,1,215,253,30,22,250,255,44,0,214,63,110,254,30,0,77,4
1588757183.5309868,223,255,167,255,186,3,4,0,138,255,113,10,8,0,104,1,215,253,209,21,250,255,44,0,156,63,115,254,17,0,224,6
1588757183.55624,73,0,216,255,220,3,9,0,157,255,186,8,8,0,104,1,215,253,143,21,250,255,43,0,111,63,117,254,10,0,93,8
1588757183.5836694,30,255,134,255,202,3,245,255,143,255,136,10,52,0,104,1,208,253,65,21,249,255,43,0,5,63,118,254,253,255,11,11
1588757183.6037648,50,0,176,255,240,3,223,255,130,255,28,12,52,0,104,1,208,253,7,21,249,255,43,0,163,62,119,254,243,255,13,13
1588757183.630975,237,0,139,255,187,3,251,255,143,255,43,10,96,0,99,1,196,253,216,20,249,255,42,0,36,62,124,254,233,255,60,15
1588757183.6509752,209,255,131,255,198,3,253,255,182,255,181,6,96,0,99,1,196,253,182,20,249,255,42,0,217,61,126,254,227,255,99,16
1588757183.6713588,182,255,194,255,200,3,249,255,180,255,1,7,96,0,99,1,196,253,146,20,248,255,42,0,125,61,130,254,221,255,176,17
1588757183.691187,38,255,246,255,207,3,248,255,153,255,57,9,142,0,73,1,172,253,103,20,248,255,42,0,0,61,134,254,212,255,79,19
1588757183.7135453,111,255,182,255,187,3,249,255,131,255,215,10,142,0,73,1,172,253,51,20,248,255,41,0,110,60,139,254,203,255,6,21
1588757183.7313154,87,1,93,255,197,3,252,255,167,255,51,8,177,0,56,1,183,253,5,20,248,255,41,0,0,60,143,254,198,255,57,22
1588757183.7466486,109,0,0,0,198,3,254,255,184,255,134,6,177,0,56,1,183,253,231,19,248,255,40,0,211,59,145,254,195,255,177,22
1588757183.7664819,192,255,187,255,200,3,254,255,196,255,128,5,177,0,56,1,183,253,203,19,248,255,40,0,121,59,147,254,191,255,153,23
1588757183.7844243,228,254,89,255,242,3,17,0,180,255,108,6,195,0,44,1,183,253,168,19,248,255,39,0,3,59,158,254,186,255,187,24
1588757183.8042886,55,255,187,255,241,2,133,0,106,255,245,8,195,0,44,1,183,253,121,19,249,255,37,0,93,58,179,254,179,255,59,26
1588757183.8250096,104,255,193,255,203,3,6,0,142,255,130,10,195,0,44,1,183,253,69,19,249,255,37,0,152,57,185,254,170,255,225,27
1588757183.844595,160,1,254,255,193,3,1,0,153,255,138,9,212,0,12,1,159,253,26,19,249,255,36,0,238,56,190,254,164,255,54,29
1588757183.867432,85,0,254,255,196,3,2,0,201,255,168,5,212,0,12,1,159,253,1,19,249,255,36,0,135,56,192,254,160,255,251,29
1588757183.8873134,128,255,172,255,204,3,254,255,214,255,100,4,0,1,233,0,159,253,234,18,249,255,36,0,37,56,195,254,157,255,178,30
1588757183.9049208,1,0,218,255,189,3,0,0,198,255,89,5,0,1,233,0,159,253,208,18,249,255,36,0,177,55,198,254,153,255,130,31
1588757183.935471,236,255,212,255,199,3,253,255,198,255,122,5,28,1,227,0,172,253,168,18,249,255,35,0,1,55,203,254,148,255,178,32
1588757183.9551172,170,0,6,0,189,3,254,255,204,255,17,5,28,1,227,0,172,253,145,18,249,255,35,0,151,54,206,254,145,255,97,33
1588757183.9856207,130,0,36,0,158,3,123,255,23,0,117,2,46,1,196,0,152,253,127,18,248,255,38,0,64,54,181,254,137,255,237,33
1588757184.0052352,40,0,215,255,188,3,248,255,245,255,37,1,46,1,196,0,152,253,122,18,248,255,38,0,42,54,181,254,137,255,16,34
1588757184.0279565,53,0,217,255,196,3,255,255,251,255,81,0,52,1,193,0,144,253,123,18,248,255,38,0,48,54,181,254,137,255,7,34
1588757184.0480068,20,1,115,0,196,3,3,0,8,0,64,255,52,1,193,0,144,253,131,18,248,255,38,0,83,54,180,254,138,255,207,33
1588757184.0729558,80,0,20,0,191,3,2,0,41,0,87,252,52,1,193,0,144,253,151,18,248,255,38,0,245,54,176,254,143,255,198,32
1588757184.088287,210,255,201,255,210,3,1,0,53,0,62,251,46,1,193,0,144,253,178,18,248,255,38,0,43,55,174,254,145,255,106,32
1588757184.1058536,166,255,163,255,197,3,2,0,51,0,115,251,46,1,193,0,144,253,199,18,248,255,39,0,140,55,171,254,148,255,194,31
1588757184.1360068,196,255,202,255,198,3,2,0,41,0,58,252,38,1,211,0,144,253,232,18,248,255,39,0,26,56,168,254,153,255,197,30
1588757184.1560292,30,0,22,0,188,3,2,0,45,0,237,251,38,1,211,0,144,253,253,18,248,255,39,0,117,56,165,254,156,255,29,30
1588757184.1861765,18,0,0,0,202,3,2,0,60,0,120,250,14,1,241,0,172,253,44,19,248,255,39,0,54,57,159,254,163,255,167,28
1588757184.2062078,134,255,10,0,190,3,1,0,62,0,143,250,14,1,241,0,172,253,71,19,248,255,40,0,158,57,156,254,168,255,211,27
1588757184.2365382,170,255,37,0,206,3,1,0,53,0,71,251,3,1,235,0,159,253,109,19,248,255,40,0,47,58,152,254,174,255,158,26
1588757184.2565694,186,0,186,255,190,3,1,0,54,0,250,250,3,1,235,0,159,253,135,19,248,255,40,0,142,58,149,254,178,255,203,25
1588757184.2866569,141,0,156,255,196,3,5,0,68,0,201,249,3,1,14,1,152,253,182,19,248,255,41,0,52,59,144,254,185,255,69,24
1588757184.3066292,187,255,198,255,190,3,2,0,53,0,147,250,3,1,14,1,152,253,208,19,248,255,41,0,139,59,141,254,188,255,108,23
1588757184.3343616,200,255,220,255,198,3,254,255,56,0,192,250,217,0,20,1,172,253,240,19,248,255,41,0,28,60,138,254,196,255,235,21
1588757184.3541846,136,0,13,0,156,3,8,0,72,0,150,249,217,0,20,1,172,253,14,20,248,255,41,0,130,60,134,254,202,255,205,20
1588757184.384669,70,0,120,255,195,3,1,0,91,0,247,247,206,0,56,1,159,253,77,20,249,255,42,0,49,61,129,254,212,255,176,18
1588757184.4043274,223,255,74,255,198,3,1,0,76,0,178,248,206,0,56,1,159,253,114,20,249,255,42,0,140,61,126,254,217,255,124,17
1588757184.4281058,13,0,194,255,195,3,4,0,76,0,211,248,206,0,56,1,159,253,170,20,249,255,43,0,229,61,123,254,224,255,54,16
1588757184.447242,127,0,234,255,199,3,0,0,93,0,41,248,182,0,49,1,140,253,210,20,249,255,43,0,59,62,120,254,231,255,220,14
1588757184.4684224,121,0,221,255,189,3,3,0,97,0,76,247,182,0,49,1,140,253,231,20,249,255,43,0,146,62,116,254,239,255,91,13
1588757184.4872167,50,0,156,255,207,3,4,0,104,0,202,246,134,0,73,1,159,253,47,21,249,255,44,0,233,62,113,254,247,255,169,11
1588757184.504891,72,0,145,255,198,3,5,0,100,0,196,246,134,0,73,1,159,253,70,21,249,255,44,0,48,63,110,254,255,255,11,10
1588757184.53102,143,0,34,0,201,3,5,0,118,0,172,245,105,0,97,1,176,253,148,21,250,255,44,0,116,63,107,254,8,0,47,8
1588757184.5489502,75,0,174,255,190,3,3,0,124,0,80,245,105,0,97,1,176,253,202,21,250,255,45,0,171,63,104,254,18,0,81,6
1588757184.5749118,239,255,59,255,190,3,5,0,127,0,187,244,105,0,97,1,176,253,1,22,250,255,45,0,226,63,103,254,31,0,135,3
1588757184.590676,62,255,14,255,11,4,26,0,94,0,107,246,70,0,108,1,183,253,46,22,251,255,44,0,235,63,110,254,31,0,215,2
1588757184.607901,89,0,130,255,162,3,140,0,25,0,222,248,70,0,108,1,183,253,82,22,252,255,43,0,246,63,122,254,32,0,152,1
1588757184.6352696,6,0,165,255,199,3,0,0,71,0,22,249,16,0,102,1,176,253,120,22,252,255,43,0,251,63,121,254,41,0,175,255
1588757184.6510386,182,0,182,255,198,3,250,255,70,0,86,249,16,0,102,1,176,253,26,0,252,255,43,0,250,63,121,254,44,0,21,255
1588757184.6755261,127,0,209,255,153,3,236,255,91,0,127,248,16,0,102,1,176,253,64,0,252,255,44,0,232,63,107,254,60,0,239,252
1588757184.69108,204,255,189,255,15,4,188,255,114,0,91,248,231,255,102,1,196,253,106,0,252,255,46,0,223,63,101,254,66,0,70,252
1588757184.7085295,181,255,185,255,191,3,253,255,87,0,215,248,231,255,102,1,196,253,139,0,252,255,46,0,203,63,102,254,72,0,32,251
1588757184.738774,205,255,192,255,224,3,1,0,63,0,74,250,202,255,97,1,221,253,185,0,252,255,46,0,167,63,102,254,80,0,134,249
1588757184.758703,161,255,211,255,194,3,6,0,62,0,203,250,202,255,97,1,221,253,210,0,252,255,46,0,143,63,102,254,85,0,171,248
1588757184.7793753,117,255,177,255,203,3,6,0,52,0,224,251,202,255,97,1,221,253,229,0,252,255,46,0,122,63,102,254,89,0,2,248
1588757184.7988527,10,0,164,255,193,3,2,0,44,0,159,252,172,255,99,1,202,253,246,0,252,255,46,0,103,63,102,254,92,0,111,247
1588757184.81875,19,0,177,255,192,3,1,0,43,0,216,252,172,255,99,1,202,253,254,0,252,255,46,0,84,63,102,254,96,0,227,246
1588757184.8389492,89,0,230,255,192,3,2,0,44,0,163,252,172,255,70,1,247,253,22,1,252,255,47,0,62,63,102,254,100,0,82,246
1588757184.8593316,48,0,236,255,191,3,2,0,37,0,5,253,172,255,70,1,247,253,36,1,252,255,47,0,42,63,102,254,103,0,212,245
1588757184.8865209,15,0,236,255,202,3,2,0,29,0,110,253,172,255,70,1,247,253,48,1,252,255,47,0,17,63,103,254,106,0,63,245
1588757184.9018822,174,255,235,255,209,3,2,0,22,0,16,254,172,255,70,1,247,253,57,1,253,255,47,0,12,63,103,254,107,0,32,245
1588757184.9215655,43,255,219,255,203,3,2,0,8,0,52,255,172,255,70,1,247,253,59,1,253,255,47,0,9,63,102,254,106,0,12,245
1588757184.9396768,112,255,219,255,216,3,0,0,255,255,141,0,170,255,62,1,4,254,55,1,252,255,47,0,15,63,103,254,107,0,49,245
1588757184.959527,232,255,222,255,181,3,1,0,242,255,151,1,170,255,62,1,4,254,46,1,252,255,47,0,28,63,103,254,106,0,126,245
1588757184.9829993,161,255,232,255,209,3,1,0,230,255,60,2,183,255,56,1,36,254,34,1,252,255,47,0,46,63,103,254,104,0,235,245
1588757184.9999294,48,255,4,0,206,3,255,255,220,255,120,3,183,255,56,1,36,254,14,1,252,255,46,0,73,63,103,254,101,0,152,246
1588757185.0225537,83,254,197,255,210,3,252,255,192,255,196,5,183,255,56,1,36,254,238,0,252,255,46,0,112,63,103,254,96,0,181,247
1588757185.045804,229,254,157,255,208,3,253,255,161,255,75,8,188,255,60,1,23,254,196,0,252,255,46,0,157,63,103,254,88,0,42,249
1588757185.0631013,241,255,140,255,187,3,254,255,163,255,107,8,188,255,60,1,23,254,155,0,251,255,46,0,192,63,103,254,82,0,147,250
1588757185.0874696,231,255,187,255,192,3,253,255,170,255,172,7,207,255,60,1,48,254,117,0,251,255,46,0,228,63,104,254,72,0,152,252
1588757185.1075957,128,255,33,0,205,3,254,255,155,255,200,8,207,255,60,1,48,254,75,0,251,255,45,0,245,63,105,254,63,0,59,254
1588757185.131287,5,254,3,0,216,3,250,255,121,255,26,12,207,255,60,1,48,254,113,22,250,255,45,0,250,63,107,254,52,0,129,0
1588757185.1507232,35,255,199,255,216,3,249,255,79,255,163,15,245,255,43,1,29,254,34,22,250,255,44,0,230,63,110,254,38,0,66,3
1588757185.1736736,210,0,164,255,168,3,247,255,76,255,238,15,245,255,43,1,29,254,214,21,250,255,44,0,181,63,113,254,25,0,231,5
1588757185.1934469,156,0,120,255,194,3,249,255,111,255,246,12,48,0,72,1,29,254,154,21,249,255,43,0,123,63,116,254,15,0,252,7
1588757185.210993,46,255,82,255,191,3,249,255,142,255,91,10,48,0,72,1,29,254,102,21,249,255,43,0,59,63,119,254,6,0,197,9
1588757185.2334945,255,254,201,255,219,3,248,255,130,255,120,11,96,0,60,1,253,253,42,21,249,255,42,0,224,62,123,254,252,255,217,11
1588757185.2512789,200,255,167,255,200,3,243,255,110,255,104,13,96,0,60,1,253,253,235,20,249,255,42,0,110,62,127,254,241,255,4,14
1588757185.2744403,182,1,80,255,186,3,253,255,151,255,89,9,96,0,60,1,253,253,195,20,249,255,42,0,28,62,130,254,234,255,95,15
1588757185.2912762,149,0,180,255,209,3,12,0,191,255,104,5,120,0,49,1,247,253,169,20,249,255,41,0,227,61,134,254,229,255,64,16
1588757185.3113146,8,255,3,0,189,3,238,255,201,255,115,5,120,0,49,1,247,253,139,20,248,255,41,0,157,61,132,254,224,255,65,17
1588757185.333929,19,254,26,0,212,3,252,255,164,255,76,8,155,0,43,1,240,253,93,20,248,255,41,0,40,61,136,254,216,255,206,18
1588757185.351457,16,255,249,255,204,3,243,255,121,255,254,11,155,0,43,1,240,253,33,20,248,255,41,0,131,60,139,254,206,255,203,20
1588757185.3713393,245,255,183,255,197,3,250,255,135,255,206,10,155,0,43,1,240,253,6,20,248,255,41,0,237,59,144,254,197,255,108,22
1588757185.3916667,5,0,108,255,225,3,48,0,143,255,158,8,203,0,24,1,215,253,195,19,249,255,38,0,96,59,169,254,190,255,218,23
1588757185.411845,156,255,211,255,221,3,52,0,124,255,255,9,203,0,24,1,215,253,145,19,249,255,37,0,178,58,180,254,181,255,121,25
1588757185.4391723,133,255,243,255,201,3,3,0,131,255,43,10,232,0,244,0,202,253,95,19,249,255,37,0,162,57,186,254,171,255,204,27
1588757185.4545984,11,0,237,255,194,3,246,255,181,255,118,9,232,0,244,0,202,253,50,19,249,255,36,0,76,57,187,254,168,255,123,28
1588757185.475,7,0,199,255,187,3,251,255,178,255,88,8,232,0,244,0,202,253,9,19,249,255,36,0,167,56,189,254,163,255,191,29
1588757185.494765,75,0,201,255,171,3,175,255,204,255,199,7,232,0,220,0,183,253,227,18,248,255,38,0,6,56,174,254,154,255,233,30
1588757185.5123932,78,0,238,255,37,4,177,255,201,255,56,7,232,0,220,0,183,253,192,18,248,255,39,0,108,55,171,254,147,255,251,31
1588757185.5396695,67,0,237,255,200,3,248,255,185,255,189,6,17,1,196,0,164,253,159,18,248,255,38,0,146,54,177,254,140,255,104,33
1588757185.559689,91,0,208,255,191,3,251,255,191,255,164,5,17,1,196,0,164,253,130,18,248,255,38,0,18,54,181,254,135,255,55,34
1588757185.582595,95,0,217,255,185,3,249,255,197,255,4,5,17,1,196,0,164,253,93,18,248,255,38,0,158,53,185,254,131,255,236,34
1588757185.5998333,131,0,45,0,201,3,249,255,203,255,71,4,28,1,163,0,164,253,82,18,248,255,38,0,64,53,188,254,128,255,121,35
1588757185.622573,203,0,54,0,187,3,0,0,239,255,241,1,28,1,163,0,164,253,69,18,248,255,38,0,37,53,188,254,128,255,163,35
1588757185.6403542,162,0,24,0,207,3,253,255,10,0,10,255,59,1,150,0,164,253,71,18,248,255,38,0,71,53,187,254,129,255,111,35
1588757185.6604252,155,0,173,255,176,3,254,255,28,0,129,253,59,1,150,0,164,253,82,18,248,255,38,0,137,53,185,254,131,255,11,35
1588757185.6833246,63,0,160,255,198,3,255,255,35,0,233,252,59,1,150,0,164,253,104,18,248,255,38,0,210,53,183,254,133,255,154,34
1588757185.70325,1,0,126,255,194,3,253,255,25,0,22,253,46,1,150,0,152,253,119,18,248,255,38,0,28,54,181,254,134,255,39,34
1588757185.725794,9,1,136,255,183,3,0,0,43,0,235,251,46,1,150,0,152,253,143,18,248,255,38,0,138,54,178,254,138,255,117,33
1588757185.7433534,86,1,120,255,197,3,4,0,75,0,67,249,40,1,168,0,140,253,179,18,248,255,39,0,48,55,173,254,143,255,96,32
1588757185.7635198,145,0,95,255,186,3,7,0,93,0,121,247,40,1,168,0,140,253,221,18,248,255,39,0,236,55,168,254,150,255,24,31
1588757185.7909,159,254,127,255,175,3,8,0,81,0,126,248,33,1,196,0,132,253,254,18,248,255,39,0,169,56,162,254,156,255,187,29
1588757185.8109174,144,255,174,255,204,3,2,0,45,0,3,252,33,1,196,0,132,253,19,19,248,255,39,0,249,56,160,254,159,255,31,29
1588757185.8343387,67,0,129,255,187,3,1,0,47,0,190,251,33,1,196,0,132,253,51,19,248,255,40,0,82,57,157,254,163,255,110,28
1588757185.853875,182,0,169,255,196,3,4,0,55,0,244,250,9,1,227,0,144,253,78,19,248,255,40,0,185,57,153,254,167,255,155,27
1588757185.8768203,103,0,246,255,196,3,2,0,70,0,223,249,9,1,227,0,144,253,109,19,248,255,40,0,49,58,150,254,172,255,154,26
1588757185.8966465,1,0,202,255,202,3,2,0,76,0,246,248,3,1,240,0,152,253,144,19,248,255,41,0,177,58,146,254,178,255,124,25
1588757185.9140065,168,0,216,255,186,3,3,0,82,0,180,248,3,1,240,0,152,253,182,19,248,255,41,0,52,59,142,254,184,255,69,24
1588757185.94463,226,0,229,255,195,3,11,0,110,0,27,246,230,0,12,1,159,253,2,20,248,255,41,0,39,60,137,254,197,255,207,21
1588757185.9642034,27,0,94,255,13,4,73,0,102,0,169,244,230,0,12,1,159,253,58,20,249,255,40,0,204,60,152,254,206,255,240,19
1588757185.9876196,37,0,201,254,153,2,28,0,108,0,207,244,206,0,36,1,151,253,113,20,250,255,40,0,94,61,151,254,214,255,29,18
1588757186.0044827,232,255,138,255,203,3,254,255,95,0,129,246,206,0,36,1,151,253,160,20,250,255,40,0,207,61,147,254,220,255,140,16
1588757186.0315802,169,0,175,255,198,3,2,0,100,0,107,246,206,0,36,1,151,253,209,20,250,255,40,0,114,62,142,254,233,255,241,13
1588757186.0546775,216,0,143,255,190,3,1,0,117,0,26,245,160,0,48,1,152,253,42,21,250,255,41,0,224,62,138,254,242,255,220,11
1588757186.0818777,216,255,88,255,188,3,254,255,140,0,146,242,160,0,48,1,152,253,108,21,251,255,41,0,107,63,132,254,1,0,126,8
1588757186.0974069,1,255,57,255,184,3,253,255,132,0,112,243,112,0,83,1,164,253,167,21,251,255,42,0,138,63,131,254,6,0,134,7
1588757186.1151094,36,255,140,255,186,3,0,0,101,0,20,246,112,0,83,1,164,253,214,21,251,255,42,0,181,63,129,254,13,0,233,5
1588757186.1422079,102,255,235,255,165,3,153,255,117,0,133,248,52,0,89,1,176,253,2,22,251,255,44,0,223,63,105,254,29,0,195,3
1588757186.157837,29,255,30,0,249,3,155,255,116,0,233,248,52,0,89,1,176,253,36,22,251,255,45,0,231,63,102,254,32,0,46,3
1588757186.1822913,121,255,43,0,195,3,250,255,74,0,129,249,52,0,89,1,176,253,69,22,251,255,45,0,247,63,100,254,42,0,74,1
1588757186.1979525,149,255,223,255,207,3,0,0,73,0,107,249,11,0,91,1,176,253,106,22,251,255,46,0,250,63,100,254,45,0,196,0
1588757186.2154548,209,254,13,0,195,3,3,0,58,0,248,250,11,0,91,1,176,253,126,22,251,255,46,0,251,63,99,254,48,0,9,0
1588757186.242408,5,0,217,255,202,3,0,0,3,0,249,255,239,255,97,1,183,253,7,0,251,255,46,0,251,63,100,254,50,0,192,255
1588757186.2577431,245,255,221,255,204,3,255,255,255,255,0,0,239,255,97,1,183,253,7,0,251,255,46,0,251,63,100,254,50,0,192,255
1588757186.2783575,243,255,221,255,200,3,255,255,3,0,0,0,239,255,97,1,183,253,7,0,251,255,46,0,251,63,100,254,50,0,192,255
1588757186.2952685,245,255,220,255,203,3,254,255,2,0,0,0,0,0,97,1,176,253,7,0,251,255,46,0,251,63,100,254,50,0,192,255
1588757186.313588,245,255,220,255,198,3,255,255,2,0,0,0,0,0,97,1,176,253,7,0,251,255,46,0,251,63,100,254,50,0,192,255
1588757186.3392725,245,255,219,255,199,3,254,255,2,0,254,255,0,0,97,1,183,253,7,0,251,255,46,0,251,63,101,254,51,0,192,255
1588757186.3638136,245,255,220,255,201,3,254,255,253,255,0,0,0,0,97,1,183,253,7,0,251,255,45,0,251,63,102,254,51,0,192,255
1588757186.3892539,244,255,221,255,194,3,1,0,254,255,254,255,0,0,108,1,172,253,7,0,251,255,45,0,251,63,103,254,52,0,192,255
1588757186.4068062,244,255,221,255,205,3,254,255,254,255,1,0,0,0,108,1,172,253,7,0,251,255,45,0,251,63,104,254,52,0,192,255
1588757186.4370255,245,255,220,255,199,3,1,0,0,0,1,0,0,0,108,1,172,253,7,0,251,255,45,0,251,63,106,254,53,0,191,255
1588757186.4644082,245,255,220,255,203,3,0,0,0,0,0,0,0,0,97,1,176,253,7,0,251,255,45,0,251,63,107,254,54,0,191,255
1588757186.4946613,246,255,218,255,196,3,255,255,1,0,3,0,244,255,115,1,176,253,8,0,251,255,45,0,251,63,108,254,55,0,180,255
1588757186.5172057,244,255,219,255,204,3,0,0,253,255,252,255,244,255,115,1,176,253,8,0,251,255,45,0,251,63,109,254,55,0,180,255
1588757186.5487673,246,255,221,255,201,3,255,255,0,0,1,0,244,255,108,1,176,253,9,0,250,255,44,0,251,63,110,254,56,0,168,255
1588757186.5674903,247,255,223,255,193,3,255,255,0,0,0,0,244,255,108,1,176,253,9,0,250,255,44,0,251,63,111,254,56,0,168,255
1588757186.5974758,242,255,221,255,200,3,0,0,251,255,253,255,0,0,102,1,196,253,9,0,250,255,44,0,251,63,113,254,57,0,168,255
1588757186.618003,244,255,220,255,192,3,1,0,255,255,1,0,0,0,102,1,196,253,9,0,250,255,44,0,251,63,114,254,58,0,168,255
1588757186.6454506,244,255,219,255,202,3,255,255,255,255,255,255,250,255,108,1,183,253,10,0,250,255,44,0,251,63,115,254,58,0,165,255
1588757186.6654356,243,255,221,255,205,3,254,255,255,255,255,255,250,255,108,1,183,253,10,0,250,255,44,0,251,63,115,254,59,0,166,255
1588757186.6955283,244,255,219,255,199,3,0,0,1,0,255,255,239,255,91,1,208,253,12,0,250,255,44,0,251,63,116,254,60,0,144,255
1588757186.7156303,245,255,220,255,199,3,254,255,0,0,0,0,239,255,91,1,208,253,12,0,250,255,44,0,251,63,117,254,60,0,144,255
1588757186.7405758,244,255,221,255,199,3,0,0,255,255,255,255,0,0,108,1,196,253,12,0,250,255,44,0,251,63,118,254,60,0,145,255
1588757186.76593,243,255,221,255,205,3,0,0,253,255,1,0,0,0,108,1,196,253,12,0,250,255,44,0,251,63,119,254,61,0,145,255
1588757186.7909153,244,255,221,255,199,3,0,0,1,0,1,0,6,0,108,1,176,253,12,0,250,255,43,0,251,63,120,254,61,0,147,255
1588757186.8159966,243,255,219,255,206,3,255,255,2,0,1,0,6,0,108,1,176,253,12,0,250,255,43,0,251,63,121,254,62,0,147,255
1588757186.846353,246,255,219,255,197,3,255,255,3,0,255,255,250,255,91,1,196,253,12,0,250,255,43,0,251,63,121,254,62,0,145,255
1588757186.8687534,244,255,219,255,200,3,0,0,254,255,255,255,250,255,91,1,196,253,12,0,250,255,43,0,251,63,122,254,62,0,145,255
1588757186.8958597,245,255,220,255,202,3,0,0,1,0,0,0,239,255,102,1,172,253,14,0,250,255,43,0,251,63,123,254,63,0,125,255
1588757186.9159102,244,255,223,255,204,3,255,255,2,0,0,0,239,255,102,1,172,253,14,0,250,255,43,0,251,63,123,254,63,0,125,255
1588757186.9387743,245,255,220,255,199,3,0,0,0,0,0,0,239,255,102,1,172,253,14,0,250,255,43,0,251,63,123,254,63,0,123,255
1588757186.9588666,244,255,220,255,199,3,255,255,255,255,1,0,250,255,102,1,191,253,14,0,250,255,43,0,251,63,123,254,63,0,123,255
1588757186.9863088,244,255,221,255,196,3,254,255,2,0,254,255,250,255,102,1,191,253,14,0,250,255,43,0,251,63,123,254,64,0,122,255
1588757187.006448,243,255,219,255,203,3,1,0,0,0,1,0,250,255,115,1,183,253,15,0,250,255,43,0,251,63,123,254,64,0,122,255
1588757187.0304816,245,255,222,255,193,3,0,0,1,0,254,255,250,255,115,1,183,253,15,0,250,255,43,0,251,63,123,254,64,0,122,255
1588757187.0512228,244,255,220,255,202,3,1,0,255,255,254,255,250,255,108,1,176,253,15,0,250,255,43,0,251,63,123,254,64,0,120,255
1588757187.069428,243,255,219,255,191,3,0,0,1,0,1,0,250,255,108,1,176,253,15,0,250,255,43,0,251,63,123,254,64,0,120,255
1588757187.0970404,245,255,220,255,203,3,255,255,254,255,254,255,244,255,97,1,191,253,16,0,250,255,43,0,251,63,123,254,64,0,111,255
1588757187.116942,245,255,220,255,201,3,1,0,255,255,255,255,244,255,97,1,191,253,16,0,250,255,43,0,251,63,123,254,64,0,111,255
1588757187.142342,245,255,219,255,196,3,1,0,254,255,255,255,0,0,102,1,191,253,16,0,250,255,43,0,251,63,123,254,64,0,111,255
1588757187.1597872,245,255,219,255,204,3,3,0,255,255,0,0,0,0,102,1,191,253,16,0,250,255,43,0,251,63,123,254,64,0,111,255
1588757187.1872125,246,255,219,255,200,3,255,255,0,0,0,0,0,0,102,1,191,253,16,0,250,255,43,0,251,63,123,254,64,0,110,255
1588757187.207443,247,255,221,255,201,3,1,0,2,0,0,0,250,255,108,1,159,253,16,0,250,255,43,0,251,63,123,254,64,0,110,255
1588757187.2312732,244,255,219,255,192,3,1,0,2,0,254,255,250,255,108,1,159,253,16,0,250,255,43,0,251,63,123,254,64,0,110,255
1588757187.2502375,244,255,220,255,203,3,0,0,254,255,0,0,244,255,108,1,176,253,17,0,250,255,43,0,251,63,123,254,64,0,102,255
1588757187.2705328,245,255,220,255,197,3,1,0,253,255,0,0,244,255,108,1,176,253,17,0,250,255,43,0,251,63,123,254,64,0,102,255
1588757187.2978392,245,255,221,255,203,3,0,0,0,0,0,0,0,0,115,1,164,253,17,0,250,255,43,0,251,63,123,254,64,0,102,255
1588757187.3176105,246,255,220,255,205,3,1,0,0,0,255,255,0,0,115,1,164,253,17,0,250,255,43,0,251,63,123,254,64,0,102,255
1588757187.3435538,243,255,220,255,196,3,255,255,0,0,254,255,0,0,102,1,176,253,17,0,250,255,43,0,251,63,123,254,64,0,102,255
1588757187.360919,246,255,221,255,200,3,1,0,2,0,255,255,0,0,102,1,176,253,17,0,250,255,43,0,251,63,123,254,64,0,102,255
1588757187.3882384,243,255,220,255,195,3,255,255,255,255,255,255,0,0,102,1,176,253,17,0,250,255,43,0,251,63,123,254,64,0,101,255
1588757187.4083736,245,255,219,255,206,3,255,255,252,255,0,0,250,255,102,1,191,253,17,0,250,255,43,0,251,63,123,254,64,0,101,255
1588757187.432352,246,255,219,255,195,3,1,0,252,255,254,255,250,255,102,1,191,253,17,0,250,255,43,0,251,63,123,254,64,0,101,255
1588757187.4512942,245,255,220,255,203,3,1,0,255,255,255,255,226,255,102,1,164,253,21,0,250,255,43,0,250,63,123,254,65,0,61,255
1588757187.4713726,245,255,219,255,191,3,1,0,0,0,255,255,226,255,102,1,164,253,21,0,250,255,43,0,250,63,123,254,65,0,61,255
1588757187.4986079,243,255,221,255,200,3,1,0,255,255,0,0,0,0,102,1,172,253,21,0,250,255,43,0,250,63,123,254,65,0,62,255
1588757187.514124,243,255,219,255,203,3,0,0,0,0,255,255,0,0,102,1,172,253,21,0,250,255,43,0,250,63,123,254,65,0,62,255
1588757187.5388994,244,255,219,255,200,3,2,0,0,0,255,255,0,0,102,1,172,253,21,0,250,255,43,0,250,63,123,254,65,0,63,255
1588757187.5590196,245,255,219,255,205,3,0,0,2,0,255,255,0,0,97,1,208,253,21,0,250,255,43,0,250,63,123,254,65,0,63,255
1588757187.582795,244,255,221,255,194,3,255,255,1,0,254,255,0,0,97,1,208,253,21,0,250,255,43,0,250,63,123,254,65,0,63,255
1588757187.6018872,246,255,221,255,203,3,254,255,1,0,255,255,250,255,102,1,183,253,21,0,250,255,43,0,250,63,123,254,65,0,62,255
1588757187.6220224,246,255,219,255,194,3,255,255,254,255,1,0,250,255,102,1,183,253,21,0,250,255,43,0,250,63,123,254,65,0,62,255
1588757187.6496449,246,255,220,255,202,3,254,255,253,255,1,0,250,255,102,1,196,253,21,0,250,255,43,0,250,63,123,254,65,0,62,255
1588757187.669922,245,255,219,255,203,3,255,255,1,0,0,0,250,255,102,1,196,253,21,0,250,255,43,0,250,63,123,254,65,0,62,255
1588757187.6948445,245,255,220,255,198,3,254,255,0,0,255,255,0,0,97,1,176,253,21,0,250,255,43,0,250,63,123,254,65,0,62,255
1588757187.7124288,244,255,220,255,198,3,0,0,255,255,2,0,0,0,97,1,176,253,21,0,250,255,43,0,250,63,123,254,65,0,62,255
1588757187.7398472,246,255,221,255,199,3,255,255,3,0,255,255,0,0,97,1,176,253,21,0,250,255,43,0,250,63,123,254,65,0,56,255
1588757187.7652533,244,255,221,255,203,3,0,0,0,0,255,255,244,255,84,1,183,253,22,0,250,255,43,0,250,63,123,254,65,0,56,255
1588757187.7902188,244,255,221,255,196,3,255,255,0,0,2,0,244,255,84,1,183,253,22,0,250,255,43,0,250,63,123,254,65,0,62,255
1588757187.810308,247,255,222,255,204,3,255,255,1,0,254,255,6,0,102,1,184,253,21,0,250,255,43,0,250,63,123,254,65,0,62,255
1588757187.8344154,247,255,218,255,192,3,0,0,0,0,1,0,6,0,102,1,184,253,21,0,250,255,43,0,250,63,123,254,65,0,62,255
1588757187.8534734,242,255,222,255,205,3,2,0,1,0,1,0,250,255,108,1,191,253,21,0,250,255,43,0,250,63,123,254,65,0,62,255
1588757187.873555,244,255,220,255,191,3,1,0,254,255,0,0,250,255,108,1,191,253,21,0,250,255,43,0,250,63,123,254,65,0,62,255
1588757187.9009812,244,255,220,255,205,3,0,0,1,0,0,0,250,255,102,1,191,253,21,0,250,255,43,0,250,63,123,254,65,0,61,255
1588757187.9210525,244,255,221,255,203,3,1,0,255,255,1,0,250,255,102,1,191,253,21,0,250,255,43,0,250,63,123,254,65,0,61,255
1588757187.9461129,245,255,221,255,198,3,255,255,1,0,255,255,6,0,108,1,183,253,21,0,250,255,43,0,250,63,123,254,65,0,68,255
1588757187.963918,244,255,219,255,198,3,1,0,1,0,1,0,6,0,108,1,183,253,21,0,250,255,43,0,250,63,123,254,65,0,68,255
1588757187.9940534,245,255,220,255,198,3,254,255,1,0,0,0,6,0,108,1,183,253,21,0,250,255,43,0,250,63,123,254,65,0,62,255
1588757188.0141187,244,255,221,255,202,3,2,0,255,255,255,255,244,255,108,1,176,253,21,0,250,255,43,0,250,63,123,254,65,0,62,255
1588757188.045111,245,255,220,255,197,3,1,0,4,0,255,255,244,255,108,1,176,253,21,0,250,255,43,0,250,63,123,254,65,0,57,255
1588757188.0644813,243,255,222,255,205,3,254,255,254,255,255,255,244,255,102,1,208,253,22,0,250,255,43,0,250,63,123,254,65,0,57,255
1588757188.091728,245,255,221,255,200,3,0,0,1,0,255,255,244,255,102,1,208,253,22,0,250,255,43,0,250,63,123,254,65,0,58,255
1588757188.111924,244,255,221,255,206,3,254,255,0,0,2,0,0,0,102,1,183,253,22,0,250,255,43,0,250,63,123,254,65,0,58,255
1588757188.1358674,246,255,218,255,191,3,0,0,0,0,255,255,0,0,102,1,183,253,22,0,250,255,43,0,250,63,123,254,65,0,58,255
1588757188.1545777,244,255,220,255,205,3,252,255,255,255,255,255,244,255,102,1,191,253,22,0,250,255,43,0,250,63,123,254,65,0,52,255
1588757188.1746037,246,255,221,255,195,3,1,0,1,0,255,255,244,255,102,1,191,253,22,0,250,255,43,0,250,63,123,254,65,0,52,255
1588757188.2020304,244,255,219,255,202,3,254,255,255,255,0,0,244,255,108,1,176,253,23,0,250,255,43,0,250,63,123,254,65,0,47,255
1588757188.2221923,245,255,220,255,198,3,255,255,255,255,255,255,244,255,108,1,176,253,23,0,250,255,43,0,250,63,123,254,65,0,47,255
1588757188.2474058,244,255,220,255,198,3,0,0,0,0,255,255,239,255,102,1,176,253,24,0,250,255,43,0,250,63,123,254,66,0,36,255
1588757188.2652411,245,255,219,255,206,3,255,255,255,255,254,255,239,255,102,1,176,253,24,0,250,255,43,0,250,63,123,254,66,0,36,255
1588757188.2924445,244,255,221,255,199,3,0,0,1,0,0,0,239,255,102,1,176,253,24,0,250,255,43,0,250,63,123,254,66,0,31,255
1588757188.3127048,245,255,220,255,204,3,255,255,0,0,255,255,244,255,97,1,196,253,25,0,250,255,43,0,250,63,123,254,66,0,31,255
1588757188.336712,245,255,220,255,192,3,0,0,0,0,0,0,244,255,97,1,196,253,25,0,250,255,43,0,250,63,123,254,66,0,31,255
1588757188.3556755,246,255,221,255,202,3,0,0,0,0,1,0,0,0,97,1,183,253,25,0,250,255,43,0,250,63,123,254,66,0,33,255
1588757188.3757744,244,255,220,255,190,3,255,255,1,0,0,0,0,0,97,1,183,253,25,0,250,255,43,0,250,63,123,254,66,0,33,255
1588757188.403194,247,255,218,255,202,3,2,0,1,0,0,0,250,255,108,1,176,253,25,0,250,255,43,0,250,63,123,254,66,0,33,255
1588757188.4232621,243,255,218,255,204,3,254,255,254,255,0,0,250,255,108,1,176,253,25,0,250,255,43,0,250,63,123,254,66,0,33,255
1588757188.4484506,245,255,220,255,201,3,2,0,254,255,0,0,244,255,97,1,183,253,25,0,250,255,43,0,250,63,123,254,66,0,28,255
1588757188.4663668,246,255,222,255,198,3,255,255,1,0,255,255,244,255,97,1,183,253,25,0,250,255,43,0,250,63,123,254,66,0,28,255
1588757188.4935462,243,255,222,255,196,3,255,255,254,255,1,0,244,255,97,1,183,253,25,0,250,255,43,0,250,63,123,254,66,0,28,255
1588757188.5137916,244,255,218,255,204,3,255,255,255,255,0,0,0,0,108,1,191,253,25,0,250,255,43,0,250,63,123,254,66,0,28,255
1588757188.5370688,246,255,221,255,197,3,254,255,1,0,254,255,0,0,108,1,191,253,25,0,250,255,43,0,250,63,123,254,66,0,28,255
1588757188.5590022,245,255,220,255,206,3,0,0,1,0,254,255,244,255,102,1,191,253,25,0,250,255,43,0,250,63,123,254,66,0,28,255
1588757188.5769582,244,255,221,255,190,3,254,255,0,0,1,0,244,255,102,1,191,253,25,0,250,255,43,0,250,63,123,254,66,0,28,255
1588757188.6040246,245,255,222,255,200,3,255,255,2,0,0,0,250,255,102,1,176,253,25,0,250,255,43,0,250,63,123,254,66,0,28,255
1588757188.6268628,244,255,218,255,199,3,1,0,255,255,1,0,250,255,102,1,176,253,25,0,250,255,43,0,250,63,123,254,66,0,28,255
1588757188.6543694,243,255,221,255,203,3,0,0,254,255,255,255,11,0,102,1,183,253,25,0,250,255,43,0,250,63,123,254,66,0,28,255
1588757188.6743674,245,255,219,255,204,3,253,255,2,0,253,255,11,0,102,1,183,253,25,0,250,255,43,0,250,63,123,254,66,0,28,255
1588757188.699507,246,255,220,255,199,3,2,0,3,0,252,255,250,255,97,1,172,253,25,0,250,255,43,0,250,63,123,254,66,0,28,255
1588757188.7174392,246,255,220,255,197,3,254,255,0,0,1,0,250,255,97,1,172,253,25,0,250,255,43,0,250,63,123,254,66,0,28,255
1588757188.7448225,246,255,221,255,198,3,254,255,253,255,255,255,250,255,97,1,172,253,25,0,250,255,43,0,250,63,123,254,66,0,28,255
1588757188.7649057,243,255,221,255,204,3,254,255,2,0,255,255,0,0,108,1,183,253,25,0,250,255,43,0,250,63,123,254,66,0,28,255
1588757188.7879553,245,255,220,255,191,3,0,0,2,0,255,255,0,0,108,1,183,253,25,0,250,255,43,0,250,63,123,254,66,0,28,255
1588757188.8078463,244,255,220,255,205,3,255,255,255,255,255,255,244,255,102,1,183,253,25,0,250,255,43,0,250,63,123,254,66,0,28,255
1588757188.8279648,245,255,218,255,192,3,0,0,2,0,0,0,244,255,102,1,183,253,25,0,250,255,43,0,250,63,123,254,66,0,28,255
1588757188.8551948,244,255,220,255,200,3,255,255,0,0,254,255,244,255,97,1,191,253,25,0,250,255,43,0,250,63,123,254,66,0,28,255
1588757188.8753483,245,255,222,255,200,3,2,0,254,255,0,0,244,255,97,1,191,253,25,0,250,255,43,0,250,63,123,254,66,0,28,255
1588757188.9004855,247,255,221,255,197,3,0,0,1,0,1,0,250,255,97,1,191,253,25,0,250,255,43,0,250,63,123,254,66,0,28,255
1588757188.9182398,243,255,220,255,204,3,255,255,1,0,0,0,250,255,97,1,191,253,25,0,250,255,43,0,250,63,123,254,66,0,28,255
1588757188.9456282,244,255,219,255,198,3,3,0,255,255,1,0,250,255,97,1,191,253,25,0,250,255,43,0,250,63,123,254,66,0,28,255
1588757188.9657993,242,255,219,255,204,3,253,255,0,0,255,255,250,255,115,1,176,253,25,0,250,255,43,0,250,63,123,254,66,0,28,255
1588757188.9893417,246,255,219,255,191,3,2,0,0,0,255,255,250,255,115,1,176,253,25,0,250,255,43,0,250,63,123,254,66,0,28,255
1588757189.007908,245,255,219,255,203,3,255,255,255,255,0,0,239,255,108,1,184,253,25,0,250,255,43,0,250,63,123,254,66,0,28,255
1588757189.0258641,240,255,209,255,242,3,47,0,241,255,255,255,239,255,108,1,184,253,25,0,250,255,43,0,250,63,136,254,61,0,28,255
1588757189.0513425,244,255,220,255,197,3,97,0,220,255,255,255,239,255,108,1,184,253,25,0,251,255,41,0,250,63,146,254,58,0,28,255
1588757189.0685818,249,254,10,0,239,3,0,0,245,255,100,0,244,255,108,1,164,253,19,0,251,255,40,0,251,63,147,254,56,0,79,255
1588757189.08962,82,255,249,255,202,3,4,0,215,255,93,3,244,255,108,1,164,253,11,0,251,255,40,0,252,63,147,254,50,0,250,255
1588757189.1087015,219,255,218,255,200,3,8,0,161,255,218,4,250,255,102,1,183,253,104,22,252,255,40,0,251,63,148,254,39,0,213,0
1588757189.1261907,0,0,204,255,194,3,3,0,212,255,3,5,250,255,102,1,183,253,91,22,252,255,40,0,246,63,148,254,38,0,181,1
1588757189.152634,227,255,156,255,188,3,2,0,212,255,91,5,11,0,102,1,183,253,52,22,251,255,40,0,238,63,149,254,35,0,167,2
1588757189.169084,32,0,210,255,198,3,254,255,208,255,111,5,11,0,102,1,183,253,25,22,251,255,40,0,226,63,150,254,33,0,145,3
1588757189.1902385,17,0,222,255,194,3,252,255,211,255,227,4,11,0,102,1,183,253,13,22,250,255,40,0,213,63,151,254,30,0,101,4
1588757189.2094557,49,0,214,255,194,3,2,0,202,255,117,4,28,0,102,1,172,253,237,21,250,255,39,0,199,63,152,254,25,0,31,5
1588757189.229377,32,0,162,255,195,3,253,255,229,255,88,3,28,0,102,1,172,253,221,21,250,255,39,0,188,63,152,254,24,0,170,5
1588757189.2569602,238,255,147,255,193,3,0,0,228,255,23,3,70,0,91,1,170,253,202,21,250,255,39,0,163,63,154,254,19,0,173,6
1588757189.2769587,185,255,186,255,206,3,1,0,203,255,230,4,70,0,91,1,170,253,180,21,250,255,39,0,138,63,155,254,15,0,142,7
1588757189.3070898,13,0,211,255,196,3,1,0,197,255,55,5,83,0,97,1,164,253,141,21,250,255,39,0,98,63,157,254,7,0,193,8
1588757189.3270402,182,0,228,255,191,3,254,255,233,255,134,2,83,0,97,1,164,253,126,21,250,255,39,0,86,63,157,254,7,0,26,9
1588757189.3574345,209,255,203,255,201,3,0,0,251,255,76,1,83,0,73,1,183,253,114,21,250,255,39,0,66,63,158,254,5,0,158,9
1588757189.377445,223,255,122,255,204,3,5,0,214,255,92,3,83,0,73,1,183,253,99,21,250,255,39,0,43,63,159,254,2,0,52,10
1588757189.4076264,38,0,125,255,188,3,0,0,227,255,80,3,105,0,97,1,172,253,74,21,250,255,38,0,9,63,160,254,255,255,251,10
1588757189.4275446,59,0,205,255,185,3,3,0,238,255,114,2,105,0,97,1,172,253,61,21,250,255,38,0,249,62,161,254,253,255,88,11
1588757189.4532459,99,0,249,255,188,3,3,0,239,255,30,1,123,0,84,1,164,253,52,21,250,255,38,0,241,62,161,254,253,255,128,11
1588757189.4705093,16,0,158,255,196,3,254,255,8,0,54,0,123,0,84,1,164,253,51,21,250,255,38,0,240,62,161,254,253,255,138,11
1588757189.4980586,213,255,70,255,195,3,254,255,247,255,169,0,123,0,84,1,164,253,47,21,250,255,38,0,227,62,162,254,251,255,207,11
1588757189.5180569,20,0,154,255,204,3,2,0,250,255,109,1,118,0,73,1,183,253,40,21,250,255,38,0,216,62,162,254,252,255,10,12
1588757189.545625,16,0,211,255,190,3,1,0,6,0,62,1,118,0,73,1,183,253,33,21,249,255,38,0,206,62,162,254,253,255,61,12
1588757189.5642035,29,0,177,255,195,3,1,0,247,255,241,0,118,0,73,1,183,253,27,21,249,255,38,0,199,62,162,254,254,255,97,12
1588757189.5838528,33,0,217,255,195,3,2,0,254,255,146,0,118,0,73,1,183,253,24,21,250,255,38,0,195,62,163,254,249,255,116,12
1588757189.60833,19,0,11,0,199,3,9,0,2,0,247,255,118,0,73,1,170,253,25,21,250,255,38,0,196,62,163,254,250,255,112,12
1588757189.623485,188,255,28,0,199,3,6,0,254,255,241,255,118,0,73,1,170,253,25,21,250,255,38,0,196,62,163,254,250,255,113,12
1588757189.6486285,191,255,248,255,200,3,5,0,252,255,43,0,118,0,73,1,170,253,24,21,250,255,38,0,190,62,163,254,250,255,143,12
1588757189.6640537,237,255,237,255,202,3,3,0,255,255,123,0,136,0,56,1,183,253,20,21,249,255,38,0,187,62,163,254,250,255,156,12
1588757189.681504,213,255,227,255,181,3,0,0,250,255,156,0,136,0,56,1,183,253,16,21,249,255,38,0,181,62,163,254,251,255,186,12
1588757189.7117455,251,255,24,0,192,3,255,255,247,255,214,0,136,0,56,1,176,253,9,21,249,255,38,0,168,62,163,254,252,255,249,12
1588757189.7324839,241,255,22,0,204,3,253,255,244,255,167,0,136,0,56,1,176,253,6,21,249,255,38,0,163,62,163,254,250,255,20,13
1588757189.762042,239,255,15,0,189,3,249,255,248,255,135,0,160,0,32,1,152,253,252,20,249,255,37,0,144,62,174,254,251,255,110,13
1588757189.7819774,239,255,28,0,188,3,249,255,252,255,216,0,160,0,32,1,152,253,247,20,249,255,37,0,135,62,174,254,251,255,149,13
1588757189.8133118,216,255,23,0,200,3,247,255,247,255,228,0,168,0,38,1,164,253,235,20,248,255,33,0,111,62,199,254,12,0,5,14
1588757189.83235,195,255,47,0,203,3,246,255,251,255,248,0,168,0,38,1,164,253,229,20,246,255,31,0,101,62,214,254,26,0,49,14
1588757189.8625364,210,255,36,0,196,3,250,255,243,255,81,1,184,0,32,1,164,253,212,20,246,255,30,0,67,62,227,254,31,0,200,14
1588757189.8822837,247,255,37,0,193,3,248,255,249,255,94,1,184,0,32,1,164,253,205,20,246,255,30,0,52,62,227,254,32,0,3,15
1588757189.91016,244,255,65,0,201,3,248,255,247,255,74,1,172,0,20,1,164,253,194,20,245,255,30,0,20,62,246,254,34,0,136,15
1588757189.9296994,17,0,45,0,203,3,250,255,245,255,54,1,172,0,20,1,164,253,187,20,246,255,27,0,10,62,246,254,34,0,177,15
1588757189.9524279,16,0,227,255,200,3,250,255,250,255,179,0,172,0,20,1,164,253,179,20,246,255,27,0,252,61,246,254,33,0,229,15
1588757189.969578,249,255,225,255,204,3,252,255,2,0,1,0,179,0,14,1,159,253,179,20,246,255,27,0,252,61,246,254,33,0,229,15
1588757189.9853492,247,255,225,255,191,3,253,255,1,0,0,0,179,0,14,1,159,253,179,20,246,255,27,0,252,61,246,254,33,0,229,15
1588757190.0131404,0,0,237,255,179,3,220,255,14,0,255,255,179,0,20,1,159,253,176,20,245,255,29,0,245,61,235,254,34,0,3,16
1588757190.0332866,228,255,109,0,213,3,220,255,26,0,225,254,179,0,20,1,159,253,182,20,245,255,29,0,2,62,229,254,36,0,205,15
1588757190.060856,238,255,89,0,203,3,255,255,20,0,127,254,179,0,25,1,164,253,186,20,245,255,29,0,18,62,228,254,39,0,142,15
1588757190.0807292,191,255,23,0,211,3,0,0,13,0,195,254,179,0,25,1,164,253,192,20,245,255,29,0,30,62,227,254,40,0,95,15
1588757190.110884,192,255,245,255,203,3,0,0,7,0,75,255,161,0,32,1,159,253,197,20,245,255,29,0,37,62,227,254,39,0,65,15
1588757190.131158,224,255,5,0,201,3,0,0,7,0,155,255,161,0,32,1,159,253,199,20,245,255,29,0,41,62,227,254,39,0,49,15
1588757190.1613874,231,255,12,0,205,3,254,255,5,0,154,255,172,0,20,1,159,253,198,20,245,255,29,0,40,62,227,254,38,0,54,15
1588757190.1810787,243,255,45,0,203,3,250,255,12,0,96,255,172,0,20,1,159,253,201,20,245,255,30,0,46,62,226,254,39,0,28,15
1588757190.211312,208,255,59,0,200,3,0,0,9,0,137,255,155,0,38,1,172,253,204,20,245,255,30,0,52,62,226,254,39,0,6,15
1588757190.2338912,219,255,64,0,214,3,252,255,2,0,229,255,155,0,38,1,172,253,205,20,244,255,27,0,52,62,245,254,47,0,4,15
1588757190.2565715,230,255,35,0,192,3,254,255,2,0,15,0,148,0,38,1,164,253,205,20,244,255,27,0,52,62,245,254,47,0,7,15
1588757190.27407,36,0,220,255,203,3,0,0,255,255,243,255,148,0,38,1,164,253,206,20,244,255,27,0,53,62,245,254,47,0,1,15
1588757190.2952302,73,0,227,255,188,3,253,255,6,0,124,255,148,0,38,1,164,253,207,20,244,255,27,0,59,62,245,254,46,0,231,14
1588757190.3143485,39,0,254,255,207,3,254,255,11,0,52,255,144,0,49,1,172,253,213,20,244,255,27,0,70,62,244,254,48,0,188,14
1588757190.3317487,249,255,233,255,197,3,254,255,8,0,77,255,144,0,49,1,172,253,215,20,244,255,27,0,75,62,244,254,48,0,165,14
1588757190.3550682,155,255,185,255,190,3,253,255,9,0,159,255,144,0,49,1,172,253,217,20,244,255,27,0,77,62,244,254,48,0,156,14
1588757190.3748503,69,0,187,255,189,3,251,255,250,255,98,0,148,0,73,1,172,253,216,20,244,255,27,0,74,62,244,254,48,0,169,14
1588757190.4054427,135,0,182,255,185,3,249,255,255,255,201,255,148,0,73,1,172,253,221,20,244,255,28,0,85,62,244,254,48,0,124,14
1588757190.4249868,208,255,226,255,205,3,250,255,9,0,255,254,148,0,68,1,176,253,226,20,244,255,28,0,94,62,243,254,48,0,83,14
1588757190.4525123,88,255,154,255,197,3,252,255,3,0,125,255,148,0,68,1,176,253,227,20,245,255,28,0,97,62,243,254,49,0,68,14
1588757190.4724095,138,255,131,255,200,3,1,0,244,255,160,0,144,0,68,1,172,253,226,20,245,255,28,0,91,62,244,254,48,0,97,14
1588757190.4880767,22,0,173,255,178,3,2,0,248,255,182,0,144,0,68,1,172,253,222,20,245,255,28,0,87,62,244,254,47,0,113,14
1588757190.5153852,80,0,165,255,192,3,2,0,250,255,101,0,131,0,91,1,183,253,224,20,245,255,27,0,91,62,244,254,47,0,95,14
1588757190.5353124,215,255,155,255,187,3,3,0,253,255,7,0,131,0,91,1,183,253,224,20,245,255,27,0,91,62,244,254,47,0,98,14
1588757190.5632038,189,255,148,255,206,3,1,0,251,255,68,0,131,0,80,1,176,253,226,20,245,255,27,0,92,62,245,254,49,0,90,14
1588757190.582914,209,255,120,255,202,3,13,0,241,255,201,0,131,0,80,1,176,253,223,20,245,255,27,0,85,62,248,254,47,0,124,14
1588757190.6066914,14,0,120,255,193,3,22,0,240,255,192,0,131,0,80,1,176,253,218,20,245,255,27,0,79,62,253,254,46,0,147,14
1588757190.6283808,21,0,72,255,207,3,15,0,244,255,138,0,144,0,68,1,164,253,216,20,245,255,26,0,74,62,1,255,45,0,169,14
1588757190.653288,88,0,165,255,142,3,41,0,238,255,94,0,144,0,68,1,164,253,215,20,245,255,26,0,79,62,5,255,45,0,148,14
1588757190.6734784,155,255,190,255,211,3,11,0,251,255,126,0,131,0,62,1,159,253,217,20,245,255,26,0,67,62,8,255,44,0,200,14
1588757190.6972647,226,255,213,255,193,3,4,0,223,255,72,2,131,0,62,1,159,253,206,20,245,255,25,0,45,62,9,255,40,0,38,15
1588757190.718812,31,0,73,255,202,3,255,255,241,255,128,1,124,0,80,1,152,253,200,20,246,255,25,0,42,62,10,255,40,0,48,15
1588757190.736439,71,0,74,255,167,3,2,0,242,255,48,1,124,0,80,1,152,253,195,20,246,255,25,0,31,62,11,255,39,0,94,15
1588757190.7632515,84,0,123,255,193,3,254,255,249,255,145,0,155,0,73,1,183,253,194,20,246,255,25,0,29,62,11,255,40,0,103,15
1588757190.7792087,210,255,139,255,207,3,254,255,1,0,10,0,155,0,73,1,183,253,194,20,246,255,25,0,28,62,11,255,40,0,104,15
1588757190.804208,207,255,132,255,194,3,1,0,1,0,62,0,155,0,73,1,183,253,192,20,246,255,25,0,27,62,11,255,40,0,109,15
1588757190.8236845,10,0,149,255,207,3,7,0,251,255,119,0,155,0,80,1,159,253,192,20,245,255,25,0,22,62,12,255,41,0,128,15
1588757190.8394854,39,0,184,255,198,3,10,0,254,255,98,0,155,0,80,1,159,253,190,20,245,255,25,0,21,62,12,255,41,0,132,15
1588757190.867115,44,0,193,255,201,3,4,0,6,0,183,255,144,0,68,1,172,253,196,20,245,255,25,0,33,62,12,255,41,0,85,15
1588757190.886953,245,255,182,255,199,3,3,0,1,0,170,255,144,0,68,1,172,253,198,20,246,255,25,0,37,62,12,255,41,0,70,15
1588757190.9106183,255,255,189,255,221,3,8,0,7,0,154,255,155,0,73,1,176,253,201,20,246,255,25,0,44,62,12,255,41,0,40,15
1588757190.9345138,1,0,206,255,191,3,3,0,8,0,149,255,155,0,73,1,176,253,203,20,246,255,25,0,52,62,10,255,38,0,6,15
1588757190.957446,250,255,219,255,207,3,10,0,7,0,95,255,155,0,73,1,176,253,208,20,246,255,25,0,59,62,9,255,37,0,234,14
1588757190.9778624,254,255,232,255,229,3,7,0,4,0,83,255,161,0,49,1,176,253,212,20,246,255,25,0,66,62,9,255,37,0,205,14
1588757191.0045657,245,255,3,0,200,3,4,0,4,0,90,255,161,0,49,1,176,253,215,20,246,255,25,0,71,62,10,255,36,0,184,14
1588757191.020351,244,255,23,0,202,3,10,0,5,0,73,255,172,0,44,1,159,253,216,20,246,255,25,0,74,62,10,255,36,0,169,14
1588757191.0374823,194,255,28,0,194,3,3,0,5,0,102,255,172,0,44,1,159,253,218,20,246,255,25,0,80,62,10,255,36,0,147,14
1588757191.0612674,215,255,21,0,195,3,254,255,7,0,166,255,155,0,49,1,183,253,220,20,246,255,25,0,83,62,10,255,35,0,134,14
1588757191.0777688,24,0,22,0,186,3,251,255,5,0,181,255,155,0,49,1,183,253,221,20,246,255,25,0,86,62,10,255,35,0,120,14
1588757191.098968,27,0,38,0,199,3,2,0,4,0,146,255,155,0,49,1,183,253,222,20,246,255,25,0,91,62,10,255,35,0,97,14
1588757191.1179833,232,255,28,0,208,3,254,255,8,0,71,255,148,0,44,1,164,253,228,20,247,255,26,0,98,62,10,255,34,0,66,14
1588757191.1354823,208,255,18,0,226,3,252,255,7,0,104,255,148,0,44,1,164,253,229,20,247,255,26,0,103,62,10,255,34,0,43,14
1588757191.159772,227,255,8,0,187,3,250,255,4,0,136,255,148,0,44,1,164,253,228,20,247,255,26,0,98,62,10,255,33,0,66,14
1588757191.178188,0,0,70,0,224,3,246,255,4,0,171,255,168,0,32,1,164,253,229,20,247,255,24,0,102,62,25,255,34,0,50,14
1588757191.1992724,239,255,59,0,195,3,249,255,4,0,136,255,168,0,32,1,164,253,231,20,247,255,24,0,107,62,25,255,34,0,29,14
1588757191.2208996,186,255,0,0,221,3,249,255,4,0,180,255,155,0,38,1,159,253,231,20,247,255,24,0,106,62,24,255,34,0,32,14
1588757191.23826,237,255,251,255,196,3,248,255,4,0,6,0,155,0,38,1,159,253,231,20,247,255,24,0,106,62,24,255,34,0,34,14
1588757191.2612321,5,0,13,0,206,3,248,255,0,0,24,0,168,0,38,1,159,253,227,20,247,255,24,0,97,62,23,255,33,0,72,14
1588757191.2785413,213,255,25,0,195,3,249,255,3,0,252,255,168,0,38,1,159,253,227,20,247,255,24,0,97,62,23,255,33,0,74,14
1588757191.3070328,232,255,30,0,200,3,251,255,254,255,26,0,168,0,38,1,159,253,226,20,247,255,22,0,89,62,51,255,45,0,109,14
1588757191.326281,227,255,47,0,197,3,249,255,1,0,255,255,161,0,32,1,159,253,223,20,246,255,19,0,89,62,67,255,52,0,110,14
1588757191.34135,220,255,57,0,201,3,252,255,3,0,5,0,161,0,32,1,159,253,223,20,246,255,19,0,89,62,67,255,52,0,110,14
1588757191.3661177,1,0,219,255,206,3,249,255,1,0,3,0,168,0,32,1,144,253,219,20,246,255,19,0,81,62,67,255,52,0,144,14
1588757191.3817997,251,255,225,255,206,3,253,255,2,0,255,255,168,0,32,1,144,253,219,20,246,255,19,0,81,62,67,255,52,0,144,14
1588757191.4068542,4,0,230,255,196,3,252,255,2,0,250,255,168,0,32,1,144,253,219,20,246,255,19,0,72,62,62,255,52,0,182,14
1588757191.4267473,245,255,16,0,242,3,164,255,48,0,244,254,179,0,25,1,144,253,217,20,245,255,20,0,82,62,51,255,55,0,138,14
1588757191.4422977,207,255,27,0,180,3,235,255,23,0,3,255,179,0,25,1,144,253,221,20,245,255,20,0,86,62,51,255,55,0,123,14
1588757191.4665837,192,255,50,0,198,3,255,255,5,0,207,255,168,0,49,1,152,253,221,20,245,255,20,0,86,62,51,255,55,0,120,14
1588757191.482424,198,255,57,0,207,3,255,255,1,0,252,255,168,0,49,1,152,253,221,20,245,255,20,0,86,62,51,255,55,0,124,14
1588757191.5075977,208,255,49,0,215,3,2,0,0,0,98,0,168,0,49,1,152,253,218,20,245,255,20,0,70,62,51,255,55,0,191,14
1588757191.5302057,248,255,29,0,209,3,0,0,247,255,155,0,168,0,32,1,164,253,210,20,245,255,20,0,64,62,51,255,55,0,215,14
1588757191.558584,0,0,20,0,202,3,255,255,251,255,96,0,168,0,32,1,164,253,209,20,245,255,20,0,53,62,51,255,55,0,3,15
1588757191.5804014,223,255,10,0,204,3,0,0,251,255,70,0,172,0,44,1,152,253,204,20,245,255,20,0,50,62,56,255,59,0,17,15
1588757191.6073618,255,255,229,255,213,3,0,0,253,255,86,0,172,0,44,1,152,253,202,20,245,255,20,0,42,62,58,255,59,0,49,15
1588757191.623004,249,255,244,255,203,3,14,0,255,255,251,255,168,0,32,1,164,253,201,20,245,255,19,0,43,62,58,255,59,0,45,15
1588757191.6523495,251,255,243,255,181,3,11,0,249,255,230,255,168,0,32,1,164,253,201,20,245,255,19,0,44,62,60,255,57,0,41,15
1588757191.6784418,247,255,4,0,208,3,224,255,13,0,215,255,168,0,32,1,152,253,200,20,245,255,19,0,43,62,62,255,57,0,48,15
1588757191.70841,249,255,10,0,189,3,253,255,0,0,250,255,168,0,32,1,152,253,200,20,245,255,19,0,43,62,67,255,56,0,47,15
1588757191.7319555,7,0,248,255,187,3,251,255,2,0,224,255,161,0,38,1,172,253,201,20,246,255,18,0,45,62,70,255,52,0,39,15
1588757191.762313,13,0,0,0,198,3,254,255,4,0,176,255,161,0,38,1,172,253,205,20,247,255,17,0,54,62,82,255,41,0,2,15
1588757191.7839243,5,0,14,0,200,3,1,0,8,0,110,255,137,0,38,1,176,253,209,20,248,255,17,0,61,62,88,255,39,0,230,14
1588757191.8081155,157,255,252,255,202,3,254,255,7,0,61,255,137,0,38,1,176,253,212,20,248,255,17,0,71,62,88,255,38,0,186,14
1588757191.8237526,149,255,238,255,206,3,4,0,8,0,154,255,148,0,56,1,172,253,214,20,248,255,17,0,73,62,88,255,38,0,181,14
1588757191.84131,216,255,215,255,195,3,3,0,4,0,244,255,148,0,56,1,172,253,214,20,248,255,17,0,73,62,88,255,38,0,181,14
1588757191.8639472,3,0,214,255,195,3,254,255,1,0,4,0,137,0,68,1,176,253,218,20,248,255,17,0,80,62,88,255,39,0,151,14
1588757191.8815084,245,255,179,255,190,3,252,255,1,0,5,0,137,0,68,1,176,253,218,20,248,255,17,0,79,62,88,255,39,0,152,14
1588757191.9024706,1,0,171,255,190,3,252,255,251,255,28,0,137,0,68,1,176,253,217,20,248,255,17,0,78,62,88,255,39,0,158,14
1588757191.921479,4,0,220,255,199,3,252,255,253,255,27,0,131,0,73,1,164,253,221,20,248,255,17,0,86,62,88,255,39,0,124,14
1588757191.9393053,241,255,216,255,201,3,253,255,251,255,46,0,131,0,73,1,164,253,220,20,248,255,17,0,83,62,88,255,39,0,135,14
1588757191.9621725,208,255,186,255,203,3,2,0,244,255,97,0,131,0,73,1,164,253,218,20,248,255,17,0,79,62,88,255,38,0,152,14
1588757191.9820428,241,255,152,255,209,3,4,0,246,255,120,0,131,0,84,1,172,253,215,20,248,255,17,0,75,62,88,255,38,0,172,14
1588757192.0021093,228,255,133,255,210,3,0,0,248,255,137,0,131,0,84,1,172,253,214,20,248,255,17,0,70,62,88,255,38,0,194,14
1588757192.0192385,53,0,157,255,192,3,254,255,249,255,57,0,148,0,84,1,176,253,212,20,248,255,17,0,68,62,88,255,38,0,198,14
1588757192.0351255,39,0,203,255,204,3,255,255,252,255,253,255,148,0,84,1,176,253,213,20,248,255,17,0,69,62,88,255,38,0,195,14
1588757192.059675,193,255,160,255,200,3,3,0,255,255,234,255,148,0,84,1,176,253,212,20,248,255,17,0,66,62,88,255,38,0,210,14
1588757192.0752702,216,255,100,255,192,3,255,255,248,255,135,0,137,0,91,1,159,253,209,20,248,255,17,0,63,62,89,255,37,0,223,14
1588757192.0925982,21,0,85,255,191,3,4,0,247,255,168,0,137,0,91,1,159,253,207,20,248,255,17,0,57,62,89,255,38,0,248,14
1588757192.1123996,65,0,95,255,185,3,255,255,1,0,57,0,137,0,91,1,159,253,206,20,248,255,17,0,55,62,89,255,38,0,254,14
1588757192.1298468,30,0,97,255,193,3,4,0,254,255,11,0,144,0,68,1,176,253,206,20,248,255,17,0,55,62,89,255,38,0,1,15
1588757192.145893,7,0,202,255,206,3,5,0,254,255,19,0,144,0,68,1,176,253,206,20,248,255,16,0,55,62,92,255,37,0,1,15
1588757192.1655362,248,255,238,255,154,3,105,0,217,255,5,0,144,0,80,1,170,253,206,20,249,255,15,0,54,62,103,255,36,0,2,15
1588757192.1832514,207,254,125,255,191,3,14,0,247,255,160,0,144,0,80,1,170,253,200,20,249,255,15,0,42,62,105,255,35,0,54,15
1588757192.206523,238,255,56,255,187,3,6,0,227,255,202,1,144,0,80,1,170,253,192,20,249,255,15,0,25,62,106,255,32,0,121,15
1588757192.223232,205,255,89,255,210,3,0,0,245,255,12,1,144,0,62,1,172,253,187,20,249,255,15,0,14,62,106,255,30,0,167,15
1588757192.2407844,211,255,89,255,187,3,255,255,245,255,20,1,144,0,62,1,172,253,184,20,249,255,15,0,4,62,107,255,30,0,206,15
1588757192.2636044,53,0,77,255,171,3,252,255,255,255,110,0,144,0,62,1,172,253,180,20,249,255,15,0,0,62,107,255,30,0,221,15
1588757192.2838068,200,255,178,255,211,3,254,255,254,255,57,0,155,0,80,1,159,253,179,20,249,255,15,0,253,61,107,255,30,0,235,15
1588757192.306988,158,255,186,255,216,3,8,0,253,255,148,0,155,0,80,1,159,253,175,20,249,255,15,0,244,61,107,255,30,0,10,16
1588757192.3237982,244,255,191,255,197,3,4,0,246,255,23,1,144,0,68,1,159,253,170,20,249,255,15,0,232,61,107,255,29,0,58,16
1588757192.3437717,30,0,194,255,187,3,9,0,247,255,14,1,144,0,68,1,159,253,165,20,249,255,15,0,221,61,108,255,28,0,100,16
1588757192.371176,59,0,177,255,208,3,2,0,250,255,164,0,148,0,56,1,172,253,162,20,249,255,15,0,213,61,108,255,29,0,131,16
1588757192.3865583,33,0,168,255,213,3,253,255,253,255,85,0,148,0,56,1,172,253,160,20,249,255,15,0,211,61,108,255,29,0,136,16
1588757192.4068134,246,255,177,255,199,3,1,0,252,255,40,0,148,0,56,1,172,253,160,20,249,255,15,0,209,61,108,255,29,0,144,16
1588757192.423864,250,255,210,255,207,3,1,0,255,255,39,0,144,0,62,1,176,253,159,20,249,255,15,0,208,61,108,255,29,0,149,16
1588757192.4415607,238,255,218,255,201,3,0,0,0,0,26,0,144,0,62,1,176,253,159,20,249,255,15,0,206,61,108,255,29,0,155,16
1588757192.4623814,246,255,213,255,187,3,6,0,255,255,36,0,144,0,62,1,176,253,158,20,249,255,15,0,205,61,109,255,29,0,160,16
1588757192.4815254,251,255,216,255,195,3,0,0,254,255,33,0,155,0,62,1,176,253,157,20,249,255,15,0,204,61,109,255,29,0,164,16
1588757192.4968767,33,0,220,255,195,3,4,0,248,255,20,0,155,0,62,1,176,253,157,20,249,255,15,0,204,61,109,255,29,0,164,16
1588757192.517845,221,255,251,255,220,3,4,0,254,255,251,255,172,0,56,1,172,253,157,20,249,255,15,0,203,61,109,255,29,0,166,16
1588757192.5349932,205,255,248,255,204,3,8,0,255,255,56,0,172,0,56,1,172,253,156,20,249,255,15,0,200,61,109,255,29,0,179,16
1588757192.5649908,221,255,244,255,198,3,2,0,251,255,184,0,172,0,56,1,172,253,150,20,249,255,15,0,188,61,109,255,28,0,222,16
1588757192.584792,57,0,14,0,191,3,2,0,249,255,151,0,172,0,56,1,152,253,148,20,249,255,14,0,182,61,109,255,28,0,243,16
1588757192.6048021,64,0,29,0,194,3,4,0,2,0,51,0,172,0,56,1,152,253,148,20,249,255,14,0,181,61,109,255,28,0,248,16
1588757192.6222904,4,0,243,255,188,3,255,255,3,0,255,255,190,0,32,1,152,253,148,20,249,255,14,0,181,61,108,255,28,0,248,16
1588757192.6378255,20,0,244,255,191,3,239,255,253,255,0,0,190,0,32,1,152,253,148,20,249,255,15,0,181,61,107,255,27,0,246,16
1588757192.657492,249,255,0,0,196,3,246,255,0,0,4,0,190,0,32,1,152,253,148,20,249,255,15,0,181,61,105,255,27,0,247,16
1588757192.675259,25,0,33,0,214,3,244,255,2,0,232,255,179,0,25,1,164,253,148,20,249,255,15,0,183,61,103,255,26,0,240,16
1588757192.692552,11,0,67,0,208,3,244,255,1,0,179,255,179,0,25,1,164,253,149,20,249,255,15,0,186,61,101,255,26,0,229,16
1588757192.7127867,252,255,20,0,192,3,243,255,0,0,196,255,179,0,25,1,164,253,150,20,249,255,16,0,189,61,99,255,25,0,218,16
1588757192.7280107,227,255,35,0,222,3,241,255,2,0,179,255,172,0,25,1,152,253,152,20,249,255,16,0,191,61,99,255,25,0,213,16
1588757192.748555,247,255,39,0,201,3,247,255,0,0,206,255,172,0,25,1,152,253,153,20,249,255,14,0,193,61,114,255,32,0,203,16
1588757192.7726734,234,255,82,0,211,3,246,255,9,0,178,255,184,0,20,1,172,253,154,20,249,255,14,0,198,61,112,255,31,0,185,16
1588757192.7883058,203,255,73,0,203,3,248,255,5,0,196,255,184,0,20,1,172,253,155,20,249,255,14,0,199,61,112,255,31,0,183,16
1588757192.816939,8,0,70,0,196,3,249,255,0,0,235,255,184,0,20,1,172,253,156,20,248,255,9,0,202,61,157,255,50,0,173,16
1588757192.8359842,184,255,255,255,204,3,252,255,5,0,211,255,190,0,25,1,159,253,157,20,247,255,8,0,203,61,165,255,60,0,168,16
1588757192.8566456,3,0,221,255,190,3,244,255,3,0,242,255,190,0,25,1,159,253,157,20,247,255,8,0,206,61,159,255,60,0,157,16
1588757192.878887,217,255,39,0,221,3,212,255,34,0,185,254,190,0,25,1,159,253,165,20,247,255,9,0,221,61,154,255,63,0,99,16
1588757192.896472,231,255,102,0,200,3,0,0,13,0,241,254,190,0,25,1,159,253,169,20,247,255,9,0,231,61,153,255,65,0,61,16
1588757192.9197452,4,0,96,0,197,3,0,0,12,0,98,255,184,0,32,1,159,253,172,20,246,255,9,0,239,61,153,255,66,0,34,16
1588757192.9365425,227,255,87,0,199,3,4,0,3,0,87,255,184,0,32,1,159,253,175,20,247,255,9,0,246,61,153,255,65,0,7,16
1588757192.9565449,191,255,64,0,202,3,0,0,6,0,146,255,184,0,32,1,159,253,177,20,247,255,9,0,250,61,153,255,65,0,247,15
1588757192.973653,201,255,18,0,209,3,255,255,5,0,226,255,161,0,32,1,159,253,178,20,247,255,9,0,250,61,153,255,65,0,245,15
1588757192.9894423,237,255,9,0,208,3,254,255,1,0,6,0,161,0,32,1,159,253,177,20,247,255,9,0,250,61,153,255,65,0,245,15
1588757193.0096314,22,0,39,0,192,3,253,255,3,0,243,255,161,0,32,1,159,253,178,20,247,255,9,0,251,61,153,255,65,0,241,15
1588757193.0295198,21,0,36,0,208,3,252,255,0,0,192,255,168,0,25,1,120,253,179,20,247,255,9,0,254,61,152,255,65,0,229,15
1588757193.049834,196,255,10,0,194,3,255,255,7,0,174,255,168,0,25,1,120,253,181,20,247,255,9,0,1,62,152,255,65,0,218,15
1588757193.0740933,229,255,0,0,195,3,253,255,0,0,240,255,161,0,49,1,164,253,181,20,247,255,9,0,4,62,152,255,65,0,207,15
1588757193.0896885,197,255,232,255,199,3,253,255,0,0,188,255,161,0,49,1,164,253,182,20,247,255,9,0,5,62,152,255,65,0,202,15
1588757193.1099749,236,255,248,255,190,3,255,255,255,255,232,255,161,0,49,1,164,253,183,20,247,255,9,0,6,62,152,255,65,0,199,15
1588757193.1273131,10,0,225,255,206,3,254,255,1,0,244,255,172,0,44,1,164,253,183,20,247,255,9,0,7,62,152,255,65,0,195,15
1588757193.1450334,35,0,238,255,207,3,2,0,9,0,183,255,172,0,44,1,164,253,184,20,247,255,9,0,11,62,152,255,65,0,180,15
1588757193.1685297,0,0,252,255,194,3,255,255,1,0,140,255,172,0,44,1,164,253,187,20,247,255,9,0,15,62,152,255,65,0,162,15
1588757193.1876,221,255,167,255,196,3,255,255,4,0,191,255,172,0,49,1,176,253,188,20,247,255,9,0,18,62,152,255,65,0,153,15
1588757193.2075512,225,255,162,255,187,3,251,255,4,0,229,255,172,0,49,1,176,253,188,20,247,255,9,0,18,62,152,255,65,0,151,15
1588757193.2249243,20,0,215,255,199,3,251,255,2,0,2,0,148,0,49,1,164,253,188,20,247,255,9,0,18,62,152,255,65,0,149,15
1588757193.2409976,48,0,220,255,198,3,248,255,1,0,240,255,148,0,49,1,164,253,189,20,247,255,9,0,19,62,152,255,65,0,145,15
1588757193.261044,12,0,209,255,195,3,251,255,2,0,180,255,148,0,49,1,164,253,191,20,247,255,9,0,23,62,152,255,65,0,132,15
1588757193.280805,227,255,188,255,206,3,249,255,1,0,172,255,144,0,68,1,144,253,192,20,247,255,9,0,26,62,152,255,65,0,119,15
1588757193.2982516,2,0,165,255,185,3,253,255,0,0,213,255,144,0,68,1,144,253,193,20,247,255,9,0,28,62,152,255,64,0,113,15
1588757193.3212676,5,0,167,255,190,3,253,255,1,0,207,255,148,0,49,1,172,253,194,20,247,255,9,0,30,62,152,255,64,0,103,15
1588757193.338339,214,255,160,255,200,3,0,0,4,0,176,255,148,0,49,1,172,253,195,20,247,255,9,0,33,62,152,255,64,0,91,15
1588757193.3585513,210,255,166,255,190,3,0,0,1,0,226,255,148,0,49,1,172,253,196,20,247,255,9,0,34,62,152,255,64,0,87,15
1588757193.3785343,243,255,173,255,196,3,255,255,3,0,244,255,131,0,73,1,164,253,196,20,247,255,9,0,34,62,152,255,64,0,85,15
1588757193.3957806,253,255,174,255,202,3,255,255,255,255,229,255,131,0,73,1,164,253,196,20,247,255,9,0,36,62,152,255,64,0,80,15
1588757193.4183922,220,255,178,255,189,3,3,0,254,255,217,255,131,0,73,1,164,253,197,20,246,255,12,0,36,62,128,255,63,0,77,15
1588757193.4357913,229,255,137,255,203,3,254,255,255,255,14,0,148,0,68,1,159,253,197,20,246,255,12,0,35,62,128,255,63,0,81,15
1588757193.4516664,241,255,146,255,194,3,0,0,252,255,34,0,148,0,68,1,159,253,196,20,246,255,12,0,34,62,128,255,63,0,86,15
1588757193.4759748,252,255,132,255,193,3,255,255,252,255,42,0,144,0,80,1,140,253,195,20,246,255,12,0,32,62,128,255,63,0,93,15
1588757193.50156,20,0,71,255,183,3,1,0,1,0,253,255,144,0,80,1,140,253,195,20,246,255,12,0,33,62,128,255,63,0,91,15
1588757193.5266492,245,255,213,255,247,3,3,0,253,255,241,255,144,0,68,1,176,253,195,20,246,255,11,0,33,62,143,255,61,0,91,15
1588757193.5478818,168,254,144,255,75,3,76,0,223,255,58,1,144,0,68,1,176,253,192,20,247,255,9,0,16,62,151,255,58,0,161,15
1588757193.570344,40,0,78,255,187,3,7,0,227,255,196,1,144,0,68,1,176,253,180,20,248,255,9,0,0,62,152,255,55,0,222,15
1588757193.5895634,224,255,122,255,195,3,1,0,251,255,128,0,161,0,80,1,164,253,178,20,248,255,9,0,251,61,152,255,55,0,243,15
1588757193.6127374,56,0,55,255,180,3,3,0,246,255,158,0,161,0,80,1,164,253,175,20,248,255,9,0,244,61,152,255,54,0,12,16
1588757193.62953,46,0,162,255,199,3,5,0,255,255,47,0,144,0,68,1,152,253,175,20,248,255,9,0,244,61,152,255,54,0,13,16
1588757193.646892,23,0,154,255,213,3,6,0,255,255,208,255,144,0,68,1,152,253,175,20,248,255,9,0,247,61,152,255,54,0,3,16
1588757193.6666121,193,255,180,255,189,3,2,0,4,0,177,255,144,0,68,1,152,253,177,20,248,255,9,0,249,61,152,255,54,0,251,15
1588757193.6825645,169,255,180,255,206,3,255,255,2,0,234,255,137,0,73,1,172,253,177,20,248,255,9,0,248,61,152,255,54,0,253,15
1588757193.700281,2,0,179,255,189,3,2,0,255,255,94,0,137,0,73,1,172,253,174,20,248,255,9,0,243,61,152,255,54,0,15,16
1588757193.7224782,61,0,187,255,187,3,5,0,252,255,88,0,161,0,68,1,176,253,174,20,248,255,9,0,242,61,152,255,54,0,22,16
1588757193.7404885,23,0,175,255,185,3,253,255,2,0,253,255,161,0,68,1,176,253,174,20,248,255,9,0,243,61,152,255,54,0,17,16
1588757193.7634656,217,255,197,255,201,3,0,0,7,0,190,255,161,0,68,1,176,253,176,20,248,255,9,0,246,61,152,255,54,0,4,16
1588757193.7803218,240,255,238,255,195,3,10,0,1,0,212,255,148,0,56,1,159,253,176,20,248,255,9,0,248,61,153,255,55,0,255,15
1588757193.79746,219,255,217,255,189,3,7,0,252,255,242,255,148,0,56,1,159,253,176,20,248,255,9,0,248,61,153,255,55,0,252,15
1588757193.8181944,220,255,236,255,229,3,254,255,255,255,238,255,148,0,56,1,159,253,176,20,248,255,9,0,247,61,153,255,55,0,0,16
1588757193.8384776,6,0,241,255,195,3,9,0,253,255,4,0,148,0,56,1,172,253,176,20,248,255,9,0,247,61,152,255,54,0,0,16
1588757193.868783,241,255,234,255,202,3,3,0,251,255,3,0,148,0,56,1,172,253,176,20,248,255,9,0,247,61,151,255,54,0,0,16
1588757193.8916135,243,255,238,255,200,3,7,0,1,0,241,255,168,0,56,1,152,253,177,20,248,255,9,0,248,61,151,255,54,0,253,15
1588757193.9188535,237,255,248,255,202,3,255,255,4,0,241,255,168,0,56,1,152,253,177,20,248,255,9,0,248,61,151,255,56,0,252,15
1588757193.941681,228,255,248,255,203,3,246,255,1,0,4,0,144,0,38,1,152,253,177,20,247,255,9,0,248,61,149,255,56,0,252,15
1588757193.9722183,240,255,235,255,205,3,250,255,255,255,241,255,144,0,38,1,152,253,177,20,247,255,10,0,250,61,148,255,57,0,246,15
1588757193.9988818,252,255,249,255,199,3,247,255,1,0,200,255,148,0,38,1,183,253,179,20,247,255,10,0,255,61,146,255,56,0,227,15
1588757194.022444,254,255,15,0,213,3,239,255,14,0,148,255,148,0,38,1,183,253,181,20,247,255,10,0,3,62,144,255,56,0,210,15
1588757194.0415986,184,255,34,0,198,3,244,255,1,0,199,255,155,0,25,1,144,253,182,20,247,255,10,0,5,62,141,255,56,0,204,15
1588757194.0644557,189,255,46,0,189,3,240,255,254,255,15,0,155,0,25,1,144,253,182,20,247,255,11,0,4,62,139,255,55,0,207,15
1588757194.0816529,255,255,59,0,216,3,241,255,6,0,12,0,161,0,32,1,152,253,182,20,247,255,11,0,3,62,137,255,54,0,208,15
1588757194.0988152,12,0,78,0,212,3,243,255,2,0,230,255,161,0,32,1,152,253,182,20,247,255,11,0,5,62,134,255,54,0,203,15
1588757194.1190584,247,255,94,0,199,3,243,255,3,0,219,255,161,0,32,1,152,253,183,20,247,255,11,0,6,62,134,255,54,0,197,15
1588757194.1393268,209,255,94,0,212,3,250,255,254,255,9,0,179,0,38,1,151,253,183,20,247,255,11,0,5,62,134,255,54,0,201,15
1588757194.1548429,241,255,92,0,198,3,250,255,1,0,42,0,179,0,38,1,151,253,182,20,247,255,11,0,4,62,134,255,54,0,205,15
1588757194.174766,43,0,2,0,196,3,249,255,1,0,24,0,179,0,25,1,144,253,182,20,247,255,11,0,4,62,134,255,54,0,207,15
1588757194.1924913,20,0,241,255,237,3,220,255,11,0,249,255,179,0,25,1,144,253,182,20,247,255,12,0,5,62,127,255,55,0,202,15
1588757194.2155147,14,0,142,0,201,3,0,0,18,0,18,255,179,0,25,1,144,253,187,20,247,255,12,0,15,62,126,255,57,0,161,15
1588757194.235032,237,255,132,0,216,3,1,0,7,0,153,255,168,0,32,1,140,253,188,20,247,255,12,0,18,62,126,255,57,0,151,15
1588757194.252645,3,0,100,0,204,3,1,0,5,0,249,255,168,0,32,1,140,253,189,20,247,255,12,0,19,62,126,255,57,0,148,15
1588757194.2728875,11,0,75,0,201,3,1,0,4,0,179,255,168,0,32,1,140,253,190,20,247,255,12,0,22,62,126,255,57,0,133,15
1588757194.2928157,200,255,67,0,210,3,0,0,7,0,172,255,184,0,20,1,144,253,192,20,247,255,12,0,25,62,126,255,57,0,123,15
1588757194.312824,221,255,58,0,198,3,2,0,253,255,242,255,184,0,20,1,144,253,192,20,247,255,12,0,26,62,126,255,57,0,120,15
1588757194.3304853,187,255,8,0,215,3,255,255,0,0,239,255,172,0,14,1,151,253,192,20,247,255,12,0,26,62,126,255,57,0,120,15
1588757194.3505433,155,255,14,0,196,3,253,255,254,255,58,0,172,0,14,1,151,253,191,20,247,255,12,0,23,62,126,255,57,0,131,15
1588757194.374107,187,255,29,0,201,3,254,255,1,0,85,0,172,0,14,1,151,253,189,20,247,255,12,0,19,62,126,255,57,0,145,15
1588757194.3934479,194,255,253,255,216,3,253,255,255,255,87,0,190,0,32,1,144,253,187,20,247,255,12,0,15,62,126,255,57,0,162,15
1588757194.4166014,248,255,222,255,186,3,250,255,251,255,140,0,190,0,32,1,144,253,184,20,247,255,12,0,9,62,126,255,58,0,188,15
1588757194.4365766,23,0,220,255,195,3,255,255,244,255,161,0,179,0,32,1,164,253,181,20,247,255,12,0,2,62,127,255,56,0,213,15
1588757194.453671,67,0,229,255,196,3,254,255,254,255,89,0,179,0,32,1,164,253,180,20,247,255,12,0,255,61,127,255,56,0,223,15
1588757194.4763381,56,0,221,255,198,3,254,255,0,0,248,255,155,0,44,1,172,253,180,20,247,255,12,0,0,62,127,255,56,0,220,15
1588757194.4937775,5,0,159,255,203,3,253,255,2,0,210,255,155,0,44,1,172,253,181,20,247,255,12,0,2,62,127,255,56,0,213,15
1588757194.5139277,240,255,145,255,192,3,255,255,254,255,231,255,155,0,44,1,172,253,181,20,247,255,12,0,4,62,127,255,56,0,205,15
1588757194.5312169,48,0,178,255,195,3,255,255,9,0,129,255,168,0,49,1,176,253,183,20,247,255,12,0,10,62,126,255,56,0,182,15
1588757194.5513391,24,0,227,255,201,3,0,0,10,0,113,255,168,0,49,1,176,253,186,20,247,255,12,0,15,62,126,255,57,0,161,15
1588757194.5712624,222,255,216,255,204,3,255,255,9,0,134,255,168,0,49,1,176,253,188,20,247,255,12,0,19,62,126,255,57,0,145,15
1588757194.5871086,210,255,179,255,207,3,250,255,2,0,178,255,148,0,44,1,164,253,190,20,247,255,12,0,20,62,126,255,57,0,140,15
1588757194.6040668,230,255,155,255,182,3,253,255,1,0,208,255,148,0,44,1,164,253,190,20,247,255,12,0,22,62,126,255,57,0,133,15
1588757194.623832,227,255,156,255,195,3,249,255,4,0,224,255,148,0,44,1,164,253,191,20,247,255,12,0,24,62,126,255,57,0,127,15
1588757194.6453226,235,255,173,255,192,3,248,255,255,255,208,255,155,0,62,1,172,253,192,20,246,255,13,0,26,62,114,255,59,0,119,15
1588757194.675438,217,255,174,255,198,3,253,255,255,255,236,255,155,0,62,1,172,253,192,20,245,255,17,0,25,62,75,255,63,0,118,15
1588757194.694348,253,255,147,255,188,3,0,0,253,255,17,0,148,0,62,1,191,253,192,20,245,255,20,0,25,62,56,255,60,0,120,15
1588757194.7145333,252,255,142,255,180,3,253,255,255,255,248,255,148,0,62,1,191,253,192,20,245,255,20,0,25,62,56,255,60,0,118,15
1588757194.7329216,255,255,146,255,201,3,255,255,1,0,244,255,144,0,62,1,164,253,192,20,245,255,20,0,26,62,56,255,60,0,117,15
1588757194.755817,247,255,142,255,199,3,0,0,0,0,14,0,144,0,62,1,164,253,192,20,245,255,25,0,24,62,13,255,48,0,120,15
1588757194.7859163,20,0,152,255,199,3,1,0,253,255,32,0,144,0,68,1,165,253,191,20,246,255,32,0,22,62,207,254,18,0,126,15
1588757194.8078806,254,255,120,255,187,3,0,0,1,0,4,0,144,0,68,1,165,253,191,20,247,255,36,0,22,62,172,254,4,0,124,15
1588757194.82804,247,255,224,255,202,3,1,0,2,0,254,255,131,0,78,1,184,253,191,20,247,255,36,0,22,62,172,254,4,0,124,15
1588757194.845365,216,255,190,255,30,4,11,0,253,255,4,0,131,0,78,1,184,253,191,20,247,255,35,0,21,62,183,254,4,0,126,15
1588757194.8656845,35,255,135,255,30,4,166,0,194,255,221,0,131,0,78,1,184,253,189,20,248,255,34,0,5,62,199,254,0,0,191,15
1588757194.8855526,118,0,231,254,176,3,8,0,229,255,206,1,131,0,62,1,152,253,176,20,248,255,33,0,245,61,199,254,254,255,253,15
1588757194.9025607,91,0,240,254,192,3,255,255,251,255,127,0,131,0,62,1,152,253,175,20,248,255,33,0,242,61,199,254,254,255,10,16
1588757194.9226701,251,255,127,255,180,3,2,0,2,0,23,0,131,0,62,1,152,253,175,20,248,255,33,0,242,61,199,254,254,255,11,16
1588757194.9386663,31,0,119,255,170,3,254,255,253,255,10,0,148,0,56,1,164,253,175,20,248,255,33,0,242,61,199,254,254,255,8,16
1588757194.9559035,0,0,173,255,188,3,252,255,7,0,179,255,148,0,56,1,164,253,177,20,248,255,33,0,246,61,199,254,254,255,250,15
1588757194.976215,242,255,194,255,194,3,2,0,7,0,162,255,148,0,56,1,164,253,179,20,248,255,33,0,250,61,199,254,254,255,235,15
1588757194.9960852,253,255,192,255,190,3,4,0,6,0,161,255,137,0,62,1,152,253,180,20,248,255,33,0,254,61,199,254,253,255,219,15
1588757195.0164423,243,255,210,255,187,3,1,0,9,0,160,255,137,0,62,1,152,253,181,20,248,255,33,0,2,62,199,254,253,255,204,15
1588757195.0361266,242,255,228,255,209,3,1,0,5,0,180,255,137,0,62,1,159,253,184,20,248,255,33,0,5,62,199,254,254,255,191,15
1588757195.059042,214,255,228,255,217,3,3,0,7,0,192,255,137,0,62,1,159,253,185,20,248,255,34,0,7,62,199,254,254,255,183,15
1588757195.0837173,251,255,5,0,188,3,7,0,2,0,236,255,144,0,73,1,176,253,185,20,248,255,34,0,10,62,199,254,253,255,171,15
1588757195.0992825,251,255,28,0,192,3,5,0,1,0,181,255,144,0,73,1,176,253,187,20,248,255,34,0,13,62,199,254,253,255,162,15
1588757195.1195807,235,255,8,0,198,3,255,255,3,0,140,255,144,0,73,1,176,253,189,20,248,255,34,0,18,62,199,254,253,255,142,15
1588757195.139425,160,255,222,255,191,3,252,255,3,0,136,255,148,0,62,1,176,253,191,20,248,255,34,0,22,62,199,254,252,255,125,15
1588757195.1565423,159,255,0,0,195,3,1,0,1,0,246,255,148,0,62,1,176,253,191,20,248,255,34,0,21,62,199,254,252,255,128,15
1588757195.1770246,182,255,67,0,201,3,254,255,254,255,68,0,148,0,62,1,176,253,189,20,248,255,34,0,18,62,199,254,253,255,141,15
1588757195.1970248,91,0,162,0,200,3,0,0,255,255,65,0,155,0,56,1,159,253,189,20,248,255,34,0,16,62,199,254,253,255,147,15
1588757195.2174761,101,0,166,0,206,3,254,255,4,0,182,255,155,0,56,1,159,253,189,20,248,255,34,0,21,62,199,254,252,255,130,15
1588757195.2369833,236,255,165,255,182,4,152,255,39,0,194,255,172,0,49,1,144,253,191,20,247,255,36,0,22,62,174,254,255,255,124,15
1588757195.2541964,250,255,231,255,167,3,2,0,2,0,255,255,172,0,49,1,144,253,191,20,247,255,36,0,22,62,174,254,255,255,124,15
1588757195.274361,247,255,223,255,194,3,255,255,2,0,254,255,172,0,49,1,144,253,191,20,247,255,36,0,22,62,174,254,255,255,124,15
1588757195.2898781,248,255,222,255,205,3,0,0,2,0,0,0,168,0,68,1,176,253,191,20,247,255,36,0,22,62,174,254,255,255,124,15
1588757195.3186843,251,255,224,255,193,3,0,0,1,0,1,0,168,0,68,1,176,253,191,20,247,255,36,0,22,62,174,254,255,255,124,15
1588757195.3457348,247,255,222,255,201,3,255,255,254,255,255,255,144,0,44,1,159,253,191,20,248,255,36,0,22,62,174,254,255,255,124,15
1588757195.3759322,249,255,222,255,193,3,254,255,3,0,1,0,144,0,44,1,159,253,191,20,248,255,36,0,22,62,175,254,255,255,124,15
1588757195.3984535,247,255,223,255,203,3,0,0,255,255,254,255,161,0,49,1,172,253,191,20,248,255,36,0,22,62,175,254,255,255,124,15
1588757195.428596,250,255,221,255,197,3,254,255,254,255,1,0,161,0,49,1,172,253,191,20,248,255,36,0,22,62,175,254,255,255,124,15
1588757195.4560473,247,255,220,255,205,3,255,255,0,0,255,255,168,0,56,1,159,253,191,20,248,255,36,0,22,62,175,254,255,255,124,15
1588757195.4863825,247,255,224,255,197,3,254,255,2,0,0,0,144,0,56,1,164,253,191,20,248,255,36,0,22,62,175,254,255,255,124,15
1588757195.5089622,247,255,223,255,203,3,0,0,3,0,254,255,144,0,56,1,164,253,191,20,248,255,36,0,22,62,175,254,255,255,124,15
1588757195.5395312,249,255,221,255,201,3,0,0,0,0,255,255,161,0,49,1,183,253,191,20,248,255,36,0,22,62,175,254,255,255,124,15
1588757195.5695028,249,255,221,255,192,3,0,0,2,0,1,0,161,0,49,1,183,253,191,20,248,255,36,0,22,62,175,254,255,255,124,15
1588757195.5966911,248,255,223,255,204,3,0,0,0,0,0,0,148,0,44,1,164,253,191,20,248,255,36,0,22,62,176,254,255,255,124,15
1588757195.6269774,245,255,222,255,194,3,2,0,254,255,0,0,148,0,44,1,164,253,191,20,248,255,36,0,22,62,176,254,255,255,124,15
1588757195.6498299,249,255,223,255,204,3,255,255,1,0,255,255,155,0,56,1,159,253,191,20,248,255,36,0,22,62,176,254,255,255,124,15
1588757195.6798112,249,255,222,255,198,3,0,0,0,0,0,0,155,0,56,1,159,253,191,20,248,255,36,0,22,62,176,254,255,255,124,15
1588757195.7002325,249,255,221,255,203,3,255,255,255,255,0,0,155,0,44,1,165,253,191,20,248,255,36,0,22,62,176,254,255,255,124,15
1588757195.730025,249,255,221,255,196,3,254,255,0,0,0,0,155,0,44,1,165,253,191,20,248,255,36,0,22,62,176,254,255,255,124,15
1588757195.7574854,245,255,223,255,201,3,253,255,254,255,1,0,155,0,44,1,164,253,191,20,248,255,36,0,22,62,176,254,255,255,124,15
1588757195.7875757,246,255,223,255,195,3,254,255,254,255,0,0,148,0,49,1,159,253,191,20,248,255,36,0,22,62,177,254,255,255,124,15
1588757195.8105872,248,255,223,255,205,3,1,0,2,0,0,0,148,0,49,1,159,253,191,20,248,255,36,0,22,62,177,254,255,255,124,15
1588757195.8408306,248,255,222,255,201,3,0,0,1,0,1,0,131,0,44,1,172,253,191,20,248,255,36,0,22,62,177,254,255,255,124,15
1588757195.8607116,249,255,221,255,190,3,254,255,2,0,255,255,131,0,44,1,172,253,191,20,248,255,36,0,22,62,177,254,255,255,124,15
1588757195.89121,249,255,223,255,199,3,254,255,2,0,0,0,155,0,44,1,172,253,191,20,248,255,36,0,22,62,177,254,255,255,124,15
1588757195.9212644,247,255,221,255,193,3,254,255,1,0,252,255,155,0,44,1,172,253,191,20,248,255,36,0,22,62,177,254,255,255,124,15
1588757195.9483728,249,255,223,255,203,3,0,0,0,0,0,0,155,0,49,1,152,253,191,20,248,255,36,0,22,62,177,254,255,255,124,15
1588757195.978481,247,255,224,255,191,3,0,0,253,255,255,255,155,0,49,1,152,253,191,20,248,255,36,0,22,62,178,254,255,255,124,15
1588757196.0014164,247,255,222,255,205,3,254,255,255,255,1,0,155,0,56,1,159,253,191,20,248,255,36,0,22,62,178,254,255,255,124,15
1588757196.031353,247,255,221,255,196,3,253,255,0,0,255,255,155,0,56,1,159,253,191,20,248,255,36,0,22,62,178,254,255,255,124,15
1588757196.0589075,247,255,221,255,202,3,3,0,254,255,1,0,161,0,56,1,172,253,191,20,248,255,36,0,22,62,178,254,255,255,124,15
1588757196.0890768,250,255,221,255,197,3,255,255,254,255,1,0,148,0,49,1,165,253,191,20,248,255,36,0,22,62,178,254,255,255,124,15
1588757196.11198,249,255,220,255,198,3,0,0,2,0,2,0,148,0,49,1,165,253,191,20,248,255,36,0,22,62,178,254,255,255,124,15
1588757196.1426075,248,255,222,255,199,3,2,0,0,0,255,255,144,0,56,1,172,253,191,20,248,255,36,0,22,62,178,254,255,255,124,15
1588757196.172737,247,255,221,255,195,3,255,255,254,255,3,0,144,0,56,1,172,253,191,20,248,255,36,0,22,62,178,254,255,255,124,15
1588757196.199556,248,255,222,255,202,3,1,0,255,255,2,0,172,0,62,1,172,253,191,20,248,255,36,0,22,62,179,254,255,255,124,15
1588757196.2296486,248,255,222,255,193,3,253,255,254,255,2,0,172,0,62,1,172,253,191,20,248,255,36,0,22,62,179,254,255,255,124,15
1588757196.252351,249,255,220,255,202,3,1,0,1,0,0,0,168,0,44,1,152,253,191,20,248,255,36,0,22,62,179,254,255,255,124,15
1588757196.2830675,248,255,222,255,194,3,0,0,255,255,255,255,168,0,44,1,152,253,191,20,248,255,36,0,22,62,179,254,255,255,124,15
1588757196.3048396,248,255,222,255,205,3,254,255,253,255,0,0,168,0,49,1,159,253,191,20,248,255,36,0,22,62,179,254,255,255,124,15
1588757196.3248987,248,255,223,255,199,3,2,0,2,0,1,0,168,0,49,1,159,253,191,20,248,255,36,0,22,62,179,254,255,255,124,15
1588757196.342425,246,255,224,255,204,3,255,255,2,0,2,0,155,0,56,1,159,253,191,20,248,255,36,0,22,62,179,254,255,255,124,15
1588757196.3625054,247,255,222,255,192,3,0,0,255,255,0,0,155,0,56,1,159,253,191,20,248,255,36,0,22,62,179,254,255,255,124,15
1588757196.3853316,248,255,220,255,200,3,1,0,255,255,2,0,161,0,56,1,176,253,191,20,248,255,36,0,22,62,179,254,255,255,124,15
1588757196.405302,249,255,221,255,203,3,255,255,253,255,2,0,161,0,56,1,176,253,191,20,248,255,36,0,22,62,179,254,255,255,124,15
1588757196.425445,248,255,222,255,199,3,1,0,254,255,2,0,161,0,56,1,176,253,191,20,248,255,36,0,22,62,179,254,255,255,124,15
1588757196.4434156,248,255,221,255,204,3,2,0,0,0,2,0,144,0,49,1,152,253,191,20,248,255,36,0,22,62,179,254,255,255,124,15
1588757196.4632628,248,255,223,255,193,3,0,0,255,255,0,0,144,0,49,1,152,253,191,20,248,255,36,0,22,62,179,254,255,255,124,15
1588757196.4907262,248,255,222,255,201,3,1,0,1,0,1,0,161,0,56,1,159,253,191,20,248,255,36,0,22,62,179,254,255,255,124,15
1588757196.5107534,248,255,222,255,199,3,0,0,5,0,255,255,161,0,56,1,159,253,191,20,248,255,36,0,22,62,179,254,255,255,124,15
1588757196.5335667,248,255,221,255,197,3,0,0,0,0,0,0,161,0,56,1,159,253,191,20,248,255,36,0,22,62,179,254,255,255,124,15
1588757196.555967,245,255,224,255,201,3,1,0,253,255,1,0,155,0,56,1,172,253,191,20,248,255,36,0,22,62,179,254,255,255,124,15
1588757196.5766063,247,255,221,255,196,3,253,255,1,0,254,255,155,0,56,1,172,253,191,20,248,255,36,0,22,62,179,254,255,255,124,15
1588757196.5938034,248,255,221,255,202,3,0,0,0,0,0,0,155,0,49,1,164,253,191,20,248,255,36,0,22,62,179,254,255,255,124,15
1588757196.613936,247,255,223,255,189,3,0,0,4,0,0,0,155,0,49,1,164,253,191,20,248,255,36,0,22,62,179,254,255,255,124,15
1588757196.6362832,249,255,221,255,201,3,1,0,2,0,1,0,161,0,56,1,172,253,191,20,248,255,36,0,22,62,179,254,255,255,124,15
1588757196.6540303,247,255,220,255,204,3,2,0,255,255,254,255,161,0,56,1,172,253,191,20,248,255,36,0,22,62,179,254,255,255,124,15
1588757196.6814096,248,255,224,255,199,3,0,0,3,0,255,255,161,0,56,1,172,253,191,20,248,255,36,0,22,62,179,254,255,255,124,15
1588757196.701493,249,255,224,255,203,3,1,0,1,0,0,0,148,0,49,1,159,253,191,20,248,255,36,0,22,62,179,254,255,255,124,15
1588757196.7243443,247,255,222,255,192,3,3,0,255,255,254,255,148,0,49,1,159,253,191,20,248,255,36,0,22,62,179,254,255,255,124,15
1588757196.7445276,247,255,220,255,201,3,255,255,0,0,255,255,168,0,49,1,159,253,191,20,248,255,36,0,22,62,179,254,255,255,124,15
1588757196.7643838,247,255,221,255,192,3,0,0,2,0,0,0,168,0,49,1,159,253,191,20,248,255,36,0,22,62,179,254,255,255,124,15
1588757196.7870872,249,255,222,255,203,3,0,0,2,0,1,0,161,0,56,1,164,253,191,20,248,255,36,0,22,62,179,254,255,255,124,15
1588757196.8047452,249,255,223,255,203,3,1,0,1,0,254,255,161,0,56,1,164,253,191,20,248,255,36,0,22,62,179,254,255,255,124,15
1588757196.8319488,247,255,222,255,197,3,2,0,255,255,254,255,161,0,56,1,164,253,191,20,248,255,36,0,22,62,179,254,255,255,124,15
1588757196.8522189,247,255,221,255,205,3,2,0,1,0,254,255,155,0,62,1,152,253,191,20,248,255,36,0,22,62,179,254,255,255,124,15
1588757196.8753524,247,255,223,255,190,3,255,255,253,255,0,0,155,0,62,1,152,253,191,20,248,255,36,0,22,62,179,254,255,255,124,15
1588757196.8952293,248,255,222,255,204,3,0,0,1,0,0,0,148,0,49,1,159,253,191,20,248,255,36,0,22,62,179,254,255,255,124,15
