time,acc_x,acc_y,acc_z,mag_x,mag_y,mag_z,gyr_x,gyr_y,gyr_z
1589380340.281986,-0.17,-4.11,8.87,0.5788888888888889,0.15222222222222226,-0.8011111111111111,0.5,1.4375,-16.9375
1589380340.296247,-0.52,-4.04,8.87,0.5788888888888889,0.15222222222222226,-0.8011111111111111,0.625,1.5625,-17.0625
1589380340.3032124,-0.68,-4.01,8.91,0.5788888888888889,0.15222222222222226,-0.8011111111111111,0.5,1.5625,-15.8125
1589380340.3109012,-0.76,-4.03,8.94,0.5722222222222222,0.15222222222222226,-0.8133333333333334,0.375,1.375,-13.25
1589380340.3174493,-0.76,-4.03,8.94,0.5722222222222222,0.15222222222222226,-0.8133333333333334,0.375,1.375,-13.25
1589380340.3233805,-0.7,-4.03,8.91,0.5722222222222222,0.15222222222222226,-0.8133333333333334,0.3125,0.9375,-10.0625
1589380340.3314064,-0.54,-4.06,8.82,0.5722222222222222,0.15222222222222226,-0.8133333333333334,0.125,0.75,-7.1875
1589380340.3381267,-0.54,-4.06,8.82,0.5722222222222222,0.15222222222222226,-0.8133333333333334,0.125,0.75,-7.1875
1589380340.3450856,-0.37,-4.06,8.84,0.5722222222222222,0.15222222222222226,-0.8133333333333334,0.0625,0.4375,-5.0
1589380340.354725,-0.27,-4.09,8.89,0.5722222222222222,0.15222222222222226,-0.8133333333333334,0.0,0.1875,-4.3125
1589380340.3622901,-0.54,-3.99,8.97,0.5644444444444444,0.16444444444444445,-0.8133333333333334,0.0,0.1875,-3.6875
1589380340.3727224,-0.72,-4.04,8.95,0.5644444444444444,0.16444444444444445,-0.8133333333333334,-0.125,-0.125,-2.0
1589380340.3829513,-0.16,-4.08,8.84,0.5644444444444444,0.16444444444444445,-0.8133333333333334,-0.125,-0.625,-0.25
1589380340.3951404,-0.15,-4.08,8.85,0.5644444444444444,0.16444444444444445,-0.8133333333333334,-0.1875,-0.375,0.0625
1589380340.4043815,-0.15,-4.09,8.89,0.5644444444444444,0.16444444444444445,-0.8133333333333334,-0.1875,-0.25,0.125
1589380340.4148045,-0.18,-4.07,8.93,0.5455555555555556,0.14555555555555555,-0.8066666666666666,-0.125,-0.375,0.0625
1589380340.4249144,-0.19,-4.06,9.0,0.5455555555555556,0.14555555555555555,-0.8066666666666666,-0.125,-0.1875,0.0
1589380340.4326978,-0.18,-4.06,8.87,0.5455555555555556,0.14555555555555555,-0.8066666666666666,-0.125,-0.0625,0.1875
1589380340.447606,-0.18,-4.08,8.91,0.5455555555555556,0.14555555555555555,-0.8066666666666666,-0.125,-0.0625,0.0625
1589380340.455627,-0.17,-4.13,8.94,0.5455555555555556,0.14555555555555555,-0.8066666666666666,-0.1875,0.0625,0.3125
1589380340.46684,-0.16,-4.15,8.95,0.5522222222222222,0.16444444444444445,-0.8133333333333334,0.1875,-0.125,0.0625
1589380340.47285,-0.15,-4.09,8.92,0.5522222222222222,0.16444444444444445,-0.8133333333333334,0.125,0.1875,0.125
1589380340.4836645,-0.18,-4.09,8.83,0.5522222222222222,0.16444444444444445,-0.8133333333333334,0.125,0.4375,0.0625
1589380340.4927595,-0.16,-4.08,8.87,0.5522222222222222,0.16444444444444445,-0.8133333333333334,0.25,0.5,0.0
1589380340.5044346,0.04,-4.12,8.89,0.5522222222222222,0.16444444444444445,-0.8133333333333334,0.1875,0.5,0.0
1589380340.5125606,0.37,-4.17,8.88,0.5522222222222222,0.16,-0.8011111111111111,0.1875,0.9375,-1.125
1589380340.522373,0.52,-4.17,8.92,0.5522222222222222,0.16,-0.8011111111111111,0.25,0.75,-4.125
1589380340.5285661,0.52,-4.17,8.92,0.5522222222222222,0.16,-0.8011111111111111,0.25,0.75,-4.125
1589380340.540068,0.39,-4.14,8.86,0.5522222222222222,0.16,-0.8011111111111111,0.125,0.9375,-7.9375
1589380340.546061,-0.03,-4.0,8.86,0.5522222222222222,0.16,-0.8011111111111111,0.25,1.25,-10.6875
1589380340.554876,-0.27,-4.0,8.89,0.5522222222222222,0.16,-0.8011111111111111,0.125,0.9375,-11.5
1589380340.5640595,-0.45,-4.03,8.9,0.5455555555555556,0.16,-0.8,0.1875,0.6875,-10.6875
1589380340.5771534,-0.71,-4.07,8.93,0.5455555555555556,0.16,-0.8,0.25,0.6875,-9.0625
1589380340.5832946,-0.77,-4.13,8.9,0.5455555555555556,0.16,-0.8,0.0625,0.625,-6.4375
1589380340.5933626,-0.73,-4.15,8.88,0.5455555555555556,0.16,-0.8,-0.0625,0.0625,-3.5625
1589380340.6054258,-0.49,-4.14,8.91,0.5455555555555556,0.16,-0.8,-0.1875,-0.3125,-0.8125
1589380340.612568,-0.15,-4.09,8.93,0.5577777777777778,0.16444444444444445,-0.8133333333333334,-0.1875,-0.125,0.0
1589380340.62321,-0.12,-4.1,8.9,0.5577777777777778,0.16444444444444445,-0.8133333333333334,-0.1875,-0.0625,0.0625
1589380340.6374962,-0.12,-4.08,8.83,0.5577777777777778,0.16444444444444445,-0.8133333333333334,-0.0625,-0.125,0.0
1589380340.6441092,-0.16,-4.1,8.87,0.5577777777777778,0.16444444444444445,-0.8133333333333334,-0.0625,-0.25,-0.0625
1589380340.6563053,-0.15,-4.04,8.89,0.5577777777777778,0.16444444444444445,-0.8133333333333334,-0.1875,-0.25,0.0625
1589380340.6640756,-0.16,-3.99,8.91,0.5644444444444444,0.17222222222222222,-0.8211111111111111,-0.0625,-0.4375,0.0625
1589380340.676509,-0.18,-3.93,8.97,0.5644444444444444,0.17222222222222222,-0.8211111111111111,-0.0625,-0.625,0.5625
1589380340.6841428,-0.16,-3.87,8.92,0.5644444444444444,0.17222222222222222,-0.8211111111111111,0.0,-0.5625,0.75
1589380340.696151,-0.16,-3.96,8.99,0.5644444444444444,0.17222222222222222,-0.8211111111111111,-0.125,-0.375,1.3125
1589380340.706639,-0.12,-4.07,8.96,0.5644444444444444,0.17222222222222222,-0.8211111111111111,-0.1875,-0.1875,1.625
1589380340.7180152,-0.11,-4.1,8.97,0.5522222222222222,0.17777777777777778,-0.8211111111111111,-0.0625,-0.375,1.0625
1589380340.724425,-0.07,-4.23,8.89,0.5522222222222222,0.17777777777777778,-0.8211111111111111,-0.0625,-0.375,0.375
1589380340.7364626,-0.09,-4.29,8.79,0.5522222222222222,0.17777777777777778,-0.8211111111111111,0.0,-0.125,-0.1875
1589380340.7431185,-0.15,-4.29,8.82,0.5522222222222222,0.17777777777777778,-0.8211111111111111,0.125,0.125,-0.25
1589380340.7566216,-0.11,-4.19,8.89,0.5522222222222222,0.17777777777777778,-0.8211111111111111,-0.125,0.0625,-0.1875
1589380340.7652798,-0.13,-4.19,8.94,0.5377777777777778,0.16444444444444445,-0.7855555555555556,-0.0625,-0.0625,-0.0625
1589380340.774866,-0.14,-4.11,8.93,0.5377777777777778,0.16444444444444445,-0.7855555555555556,-0.1875,-0.125,-0.0625
1589380340.7860286,-0.14,-4.08,8.89,0.5377777777777778,0.16444444444444445,-0.7855555555555556,0.125,0.125,0.125
1589380340.794261,-0.13,-4.1,8.95,0.5377777777777778,0.16444444444444445,-0.7855555555555556,0.25,0.3125,0.0
1589380340.8082745,-0.13,-4.08,8.96,0.5377777777777778,0.16444444444444445,-0.7855555555555556,0.25,0.25,-0.125
1589380340.8152153,-0.14,-4.1,8.96,0.5455555555555556,0.16,-0.8277777777777777,0.3125,0.4375,0.0
1589380340.8273654,0.04,-4.14,8.87,0.5455555555555556,0.16,-0.8277777777777777,0.125,0.625,0.0
1589380340.8341215,0.39,-4.3,8.78,0.5455555555555556,0.16,-0.8277777777777777,0.25,0.9375,-0.5
1589380340.8445878,0.66,-4.49,8.82,0.5455555555555556,0.16,-0.8277777777777777,0.3125,1.375,-3.25
1589380340.8568678,0.74,-4.5,8.84,0.5455555555555556,0.16,-0.8277777777777777,0.1875,1.25,-8.125
1589380340.868695,0.35,-4.1,8.92,0.5522222222222222,0.15222222222222226,-0.8211111111111111,0.25,1.5625,-13.25
1589380340.876651,0.03,-4.01,8.92,0.5522222222222222,0.15222222222222226,-0.8211111111111111,0.375,1.75,-17.4375
1589380340.8856356,-0.26,-3.91,8.83,0.5522222222222222,0.15222222222222226,-0.8211111111111111,0.4375,1.75,-19.0
1589380340.8941686,-0.47,-3.89,8.85,0.5522222222222222,0.15222222222222226,-0.8211111111111111,0.4375,1.625,-18.1875
1589380340.9060555,-0.72,-3.83,9.0,0.5522222222222222,0.15222222222222226,-0.8211111111111111,0.5,1.3125,-15.75
1589380340.9133587,-1.82,-3.37,8.93,0.5377777777777778,0.16444444444444445,-0.8277777777777777,0.5,1.0625,-12.0
1589380340.9237823,-1.82,-3.37,8.93,0.5377777777777778,0.16444444444444445,-0.8277777777777777,0.5,1.0625,-12.0
1589380340.9294055,-0.99,-4.41,9.03,0.5377777777777778,0.16444444444444445,-0.8277777777777777,0.0,0.3125,-4.0
1589380340.9406898,-0.08,-4.12,8.87,0.5377777777777778,0.16444444444444445,-0.8277777777777777,0.0625,0.0625,-0.375
1589380340.947435,-0.08,-4.1,8.89,0.5377777777777778,0.16444444444444445,-0.8277777777777777,0.0625,0.125,-0.0625
1589380340.960439,-0.05,-4.07,8.92,0.5377777777777778,0.16444444444444445,-0.8277777777777777,0.0,0.1875,0.0625
1589380340.9669113,-0.1,-4.07,8.95,0.5522222222222222,0.17777777777777778,-0.8133333333333334,-0.1875,0.0625,0.0625
1589380340.9744432,-0.07,-4.08,8.84,0.5522222222222222,0.17777777777777778,-0.8133333333333334,-0.0625,-0.0625,0.0
1589380340.9847026,-0.08,-4.09,8.78,0.5522222222222222,0.17777777777777778,-0.8133333333333334,0.0,-0.3125,-0.0625
1589380340.9948325,-0.07,-4.08,8.81,0.5522222222222222,0.17777777777777778,-0.8133333333333334,-0.125,0.0,-0.0625
1589380341.0076196,-0.1,-4.09,8.94,0.5522222222222222,0.17777777777777778,-0.8133333333333334,-0.125,-0.1875,0.0625
1589380341.017766,-0.08,-4.05,8.97,0.5455555555555556,0.17222222222222222,-0.8211111111111111,-0.0625,-0.4375,0.0
1589380341.0256019,-0.07,-4.08,8.98,0.5455555555555556,0.17222222222222222,-0.8211111111111111,-0.125,-0.625,0.0
1589380341.037142,-0.07,-4.04,8.86,0.5455555555555556,0.17222222222222222,-0.8211111111111111,-0.25,-0.875,0.125
1589380341.045241,-0.07,-4.06,8.88,0.5455555555555556,0.17222222222222222,-0.8211111111111111,-0.25,-1.0,0.125
1589380341.0580902,-0.02,-4.04,8.94,0.5455555555555556,0.17222222222222222,-0.8211111111111111,-0.375,-0.8125,0.0
1589380341.0664144,-0.04,-4.01,8.96,0.5522222222222222,0.17222222222222222,-0.8133333333333334,-0.25,-0.5625,-0.125
1589380341.0784125,-0.06,-3.92,8.92,0.5522222222222222,0.17222222222222222,-0.8133333333333334,-0.125,0.0625,-0.9375
1589380341.0860965,-0.07,-4.04,8.84,0.5522222222222222,0.17222222222222222,-0.8133333333333334,-0.0625,0.0625,-1.6875
1589380341.0961006,-0.04,-4.2,8.87,0.5522222222222222,0.17222222222222222,-0.8133333333333334,-0.0625,0.1875,-2.3125
1589380341.1127381,-0.07,-4.31,8.89,0.5522222222222222,0.17222222222222222,-0.8133333333333334,-0.1875,0.3125,-1.9375
1589380341.118994,-0.06,-4.09,8.99,0.5644444444444444,0.17222222222222222,-0.8277777777777777,0.0,0.125,-0.875
1589380341.1300302,-0.06,-4.08,8.95,0.5644444444444444,0.17222222222222222,-0.8277777777777777,0.1875,0.125,-0.0625
1589380341.1359222,-0.06,-4.09,8.84,0.5644444444444444,0.17222222222222222,-0.8277777777777777,0.25,0.125,0.0
1589380341.1505284,-0.06,-4.08,8.82,0.5644444444444444,0.17222222222222222,-0.8277777777777777,0.1875,0.4375,0.125
1589380341.1588676,-0.01,-4.1,8.92,0.5644444444444444,0.17222222222222222,-0.8277777777777777,0.3125,0.4375,0.125
1589380341.1666167,0.05,-4.1,8.94,0.5522222222222222,0.16444444444444445,-0.8066666666666666,0.125,0.5,0.0625
1589380341.1758938,0.22,-4.18,8.94,0.5522222222222222,0.16444444444444445,-0.8066666666666666,0.1875,0.875,-0.5
1589380341.1894715,0.37,-4.26,8.81,0.5522222222222222,0.16444444444444445,-0.8066666666666666,0.0625,1.3125,-2.625
1589380341.196209,-0.54,-3.58,8.94,0.5522222222222222,0.16444444444444445,-0.8066666666666666,0.0,1.4375,-5.25
1589380341.207959,-0.99,-4.07,8.91,0.5522222222222222,0.16444444444444445,-0.8066666666666666,-0.0625,1.125,-5.1875
1589380341.2152278,-0.24,-4.13,8.89,0.5311111111111111,0.18444444444444444,-0.7922222222222223,-0.125,0.0625,-1.25
1589380341.2299356,-0.07,-4.1,8.84,0.5311111111111111,0.18444444444444444,-0.7922222222222223,0.0625,-0.1875,-0.0625
1589380341.2363195,-0.05,-4.09,8.8,0.5311111111111111,0.18444444444444444,-0.7922222222222223,-0.125,-0.0625,-0.0625
1589380341.2466435,-0.07,-4.08,8.84,0.5311111111111111,0.18444444444444444,-0.7922222222222223,-0.0625,-0.0625,-0.0625
1589380341.2610767,-0.04,-4.09,8.96,0.5311111111111111,0.18444444444444444,-0.7922222222222223,0.1875,-0.1875,0.125
1589380341.2668974,-0.05,-4.08,9.0,0.5455555555555556,0.18444444444444444,-0.8133333333333334,0.0,-0.1875,0.0625
1589380341.277601,-0.04,-4.07,8.99,0.5455555555555556,0.18444444444444444,-0.8133333333333334,-0.125,-0.3125,0.0625
1589380341.2893288,-0.06,-4.08,8.89,0.5455555555555556,0.18444444444444444,-0.8133333333333334,-0.1875,-0.4375,0.0
1589380341.2964122,-0.07,-4.09,8.91,0.5455555555555556,0.18444444444444444,-0.8133333333333334,-0.1875,-0.375,0.0
1589380341.3093953,-0.06,-4.1,8.92,0.5455555555555556,0.18444444444444444,-0.8133333333333334,-0.1875,-0.375,0.0625
1589380341.3173845,-0.04,-4.09,8.91,0.5377777777777778,0.18444444444444444,-0.8211111111111111,-0.0625,0.125,0.0625
1589380341.3268476,-0.04,-4.08,8.83,0.5377777777777778,0.18444444444444444,-0.8211111111111111,0.0625,0.0,0.1875
1589380341.3410065,-0.04,-4.08,8.78,0.5377777777777778,0.18444444444444444,-0.8211111111111111,-0.0625,0.1875,0.0
1589380341.3476756,-0.05,-4.1,8.87,0.5377777777777778,0.18444444444444444,-0.8211111111111111,0.0625,0.125,-0.0625
1589380341.361101,-0.07,-4.07,8.91,0.5377777777777778,0.18444444444444444,-0.8211111111111111,-0.1875,-0.0625,0.0
1589380341.367334,-0.06,-4.1,8.95,0.5722222222222222,0.19111111111111112,-0.8066666666666666,0.125,-0.0625,0.125
1589380341.3772,-0.07,-4.1,8.95,0.5722222222222222,0.19111111111111112,-0.8066666666666666,0.0,-0.125,0.125
1589380341.3869214,-0.03,-4.1,8.85,0.5722222222222222,0.19111111111111112,-0.8066666666666666,-0.0625,-0.1875,0.0
1589380341.3980994,-0.02,-4.11,8.89,0.5722222222222222,0.19111111111111112,-0.8066666666666666,-0.0625,-0.0625,-0.0625
1589380341.4121034,-0.05,-4.08,8.95,0.5722222222222222,0.19111111111111112,-0.8066666666666666,0.0,0.125,-0.0625
1589380341.4181287,-0.05,-4.08,8.94,0.5577777777777778,0.17777777777777778,-0.8133333333333334,-0.1875,0.25,0.125
1589380341.4281409,-0.08,-4.08,8.97,0.5577777777777778,0.17777777777777778,-0.8133333333333334,-0.25,0.375,0.0
1589380341.44026,-0.08,-4.09,8.86,0.5577777777777778,0.17777777777777778,-0.8133333333333334,-0.125,0.3125,0.0625
1589380341.447338,-0.06,-4.08,8.88,0.5577777777777778,0.17777777777777778,-0.8133333333333334,0.0,0.125,0.0
1589380341.460383,-0.04,-4.09,8.88,0.5577777777777778,0.17777777777777778,-0.8133333333333334,0.0625,-0.0625,0.0625
1589380341.4690564,-0.02,-4.07,8.89,0.5377777777777778,0.17777777777777778,-0.8277777777777777,0.0,-0.3125,-0.0625
1589380341.4778285,-0.05,-4.08,8.84,0.5377777777777778,0.17777777777777778,-0.8277777777777777,0.0625,-0.25,0.0625
1589380341.4920194,-0.05,-4.08,8.83,0.5377777777777778,0.17777777777777778,-0.8277777777777777,0.0,-0.1875,0.0
1589380341.497959,-0.05,-4.08,8.89,0.5377777777777778,0.17777777777777778,-0.8277777777777777,0.0,-0.0625,0.0625
1589380341.5123627,-0.05,-4.08,9.03,0.5377777777777778,0.17777777777777778,-0.8277777777777777,0.125,-0.1875,0.0625
1589380341.5188134,-0.03,-4.11,9.05,0.5522222222222222,0.17222222222222222,-0.8133333333333334,-0.0625,-0.0625,0.0625
1589380341.528471,-0.03,-4.09,9.02,0.5522222222222222,0.17222222222222222,-0.8133333333333334,-0.125,0.125,-0.0625
1589380341.5381482,-0.02,-4.09,8.89,0.5522222222222222,0.17222222222222222,-0.8133333333333334,0.0,0.1875,-0.0625
1589380341.548416,-0.04,-4.09,8.85,0.5522222222222222,0.17222222222222222,-0.8133333333333334,-0.125,0.1875,-0.1875
1589380341.5612571,-0.07,-4.09,8.88,0.5522222222222222,0.17222222222222222,-0.8133333333333334,-0.0625,0.25,0.0
1589380341.5685945,-0.06,-4.09,8.87,0.5577777777777778,0.17777777777777778,-0.8011111111111111,-0.1875,0.3125,0.0
1589380341.5776653,-0.09,-4.08,8.87,0.5577777777777778,0.17777777777777778,-0.8011111111111111,-0.125,0.0625,-0.0625
1589380341.5879138,-0.09,-4.09,8.79,0.5577777777777778,0.17777777777777778,-0.8011111111111111,-0.1875,0.1875,0.0
1589380341.597911,-0.07,-4.08,8.9,0.5577777777777778,0.17777777777777778,-0.8011111111111111,-0.25,-0.1875,0.0625
1589380341.610366,-0.06,-4.08,8.98,0.5577777777777778,0.17777777777777778,-0.8011111111111111,-0.4375,-0.6875,-0.0625
1589380341.619932,-0.05,-4.09,8.98,0.5377777777777778,0.18444444444444444,-0.8066666666666666,-0.4375,-0.8125,0.0
1589380341.6307902,-0.07,-4.07,8.92,0.5377777777777778,0.18444444444444444,-0.8066666666666666,-0.5,-1.0,0.125
1589380341.6432586,-0.05,-4.08,8.82,0.5377777777777778,0.18444444444444444,-0.8066666666666666,-0.875,-1.25,0.1875
1589380341.6500854,-0.02,-4.04,8.87,0.5377777777777778,0.18444444444444444,-0.8066666666666666,-0.9375,-1.5625,-0.125
1589380341.6644726,-0.21,-3.46,8.96,0.5377777777777778,0.18444444444444444,-0.8066666666666666,-1.0625,-1.25,-0.0625
1589380341.6712914,-0.31,-3.09,9.0,0.5577777777777778,0.17777777777777778,-0.8133333333333334,-0.75,-0.625,-0.25
1589380341.6824107,-0.4,-3.08,9.04,0.5577777777777778,0.17777777777777778,-0.8133333333333334,-1.0625,-0.875,0.4375
1589380341.6888409,-0.3,-3.37,8.96,0.5577777777777778,0.17777777777777778,-0.8133333333333334,-1.5,-1.8125,1.375
1589380341.702095,-0.3,-3.59,8.97,0.5577777777777778,0.17777777777777778,-0.8133333333333334,-1.9375,-2.6875,2.8125
1589380341.7101922,-0.37,-3.7,8.98,0.5577777777777778,0.17777777777777778,-0.8133333333333334,-1.75,-2.9375,5.25
1589380341.7208085,-0.95,-2.46,9.05,0.5522222222222222,0.17222222222222222,-0.8155555555555556,-1.1875,-2.3125,10.5625
1589380341.7286365,-0.78,-2.21,8.99,0.5522222222222222,0.17222222222222222,-0.8155555555555556,0.8125,0.4375,24.125
1589380341.7385805,-0.58,-2.25,9.01,0.5522222222222222,0.17222222222222222,-0.8155555555555556,-0.4375,-2.75,41.5
1589380341.7487366,-0.46,-2.34,9.02,0.5522222222222222,0.17222222222222222,-0.8155555555555556,-1.5625,-5.4375,53.5625
1589380341.7612414,-0.27,-2.45,9.07,0.5522222222222222,0.17222222222222222,-0.8155555555555556,-1.5625,-5.5625,60.3125
1589380341.7694595,-0.26,-2.52,9.1,0.5577777777777778,0.16,-0.8133333333333334,-1.6875,-5.75,63.625
1589380341.7782338,-0.26,-2.55,9.13,0.5577777777777778,0.16,-0.8133333333333334,-1.5625,-5.75,64.1875
1589380341.794242,-0.3,-2.54,9.05,0.5577777777777778,0.16,-0.8133333333333334,-1.6875,-6.0625,63.875
1589380341.8001823,-0.45,-2.52,9.05,0.5577777777777778,0.16,-0.8133333333333334,-1.5625,-6.0,63.4375
1589380341.8161163,-0.54,-2.54,9.03,0.5577777777777778,0.16,-0.8133333333333334,-1.9375,-6.125,64.5
1589380341.8222506,-0.61,-2.55,9.0,0.5644444444444444,0.14555555555555555,-0.8211111111111111,-1.75,-6.375,67.6875
1589380341.8287563,-0.58,-2.57,9.02,0.5644444444444444,0.14555555555555555,-0.8211111111111111,-2.0,-6.6875,72.8125
1589380341.8398938,-0.53,-2.67,8.99,0.5644444444444444,0.14555555555555555,-0.8211111111111111,-1.9375,-7.0625,78.5625
1589380341.8509414,-0.51,-2.61,9.06,0.5644444444444444,0.14555555555555555,-0.8211111111111111,-2.125,-7.8125,83.3125
1589380341.8615036,-0.5,-2.67,9.08,0.5644444444444444,0.14555555555555555,-0.8211111111111111,-2.25,-8.0625,87.0
1589380341.8734539,-0.55,-2.68,9.09,0.5577777777777778,0.12555555555555556,-0.8277777777777777,-2.5,-8.375,89.6875
1589380341.8790429,-0.57,-2.73,9.06,0.5577777777777778,0.12555555555555556,-0.8277777777777777,-2.5,-8.6875,91.8125
1589380341.8896933,-0.55,-2.77,8.96,0.5577777777777778,0.12555555555555556,-0.8277777777777777,-2.4375,-9.0625,94.25
1589380341.8995132,-0.52,-2.81,8.98,0.5577777777777778,0.12555555555555556,-0.8277777777777777,-2.5625,-9.375,96.0
1589380341.9118354,-0.5,-2.82,8.99,0.5577777777777778,0.12555555555555556,-0.8277777777777777,-2.4375,-9.5,97.0625
1589380341.9197805,-0.53,-2.83,9.03,0.5522222222222222,0.08,-0.8633333333333333,-2.4375,-9.125,97.125
1589380341.9302955,-0.58,-2.78,9.01,0.5522222222222222,0.08,-0.8633333333333333,-2.5,-8.9375,96.375
1589380341.9447498,-0.67,-2.8,9.0,0.5522222222222222,0.08,-0.8633333333333333,-2.375,-8.6875,96.0
1589380341.950911,-0.64,-2.89,9.01,0.5522222222222222,0.08,-0.8633333333333333,-2.3125,-8.875,96.3125
1589380341.9670026,-0.65,-2.88,9.08,0.5522222222222222,0.08,-0.8633333333333333,-2.4375,-9.125,97.1875
1589380341.9729712,-0.69,-2.85,9.08,0.5111111111111111,0.03333333333333333,-0.88,-2.875,-9.25,96.3125
1589380341.9802465,-0.65,-2.8,9.02,0.5111111111111111,0.03333333333333333,-0.88,-2.875,-9.25,96.3125
1589380341.9914215,-0.63,-2.77,8.92,0.5111111111111111,0.03333333333333333,-0.88,-2.5625,-9.25,95.25
1589380342.0049865,-0.63,-2.8,8.97,0.5111111111111111,0.03333333333333333,-0.88,-2.625,-8.625,91.0625
1589380342.0121655,-0.65,-2.82,9.03,0.5111111111111111,0.03333333333333333,-0.88,-2.375,-8.0625,87.5625
1589380342.0250401,-0.66,-2.79,9.06,0.48,-0.021111111111111112,-0.8722222222222222,-2.3125,-7.8125,83.5
1589380342.031105,-0.69,-2.77,9.04,0.48,-0.021111111111111112,-0.8722222222222222,-2.125,-7.25,79.5
1589380342.044014,-0.72,-2.82,8.96,0.48,-0.021111111111111112,-0.8722222222222222,-1.9375,-6.8125,75.5625
1589380342.0505493,-0.83,-2.87,9.03,0.48,-0.021111111111111112,-0.8722222222222222,-2.125,-6.625,72.0625
1589380342.0641372,-0.83,-2.82,9.02,0.48,-0.021111111111111112,-0.8722222222222222,-2.1875,-6.625,68.625
1589380342.0699925,-0.87,-2.76,9.06,0.43333333333333335,-0.09555555555555556,-0.8655555555555555,-2.1875,-6.25,66.0
1589380342.0815935,-0.89,-2.74,9.03,0.43333333333333335,-0.09555555555555556,-0.8655555555555555,-2.1875,-6.125,64.0
1589380342.0912585,-0.89,-2.76,8.94,0.43333333333333335,-0.09555555555555556,-0.8655555555555555,-1.875,-5.625,61.8125
1589380342.1010413,-0.96,-2.82,8.91,0.43333333333333335,-0.09555555555555556,-0.8655555555555555,-1.875,-5.125,59.75
1589380342.1129308,-1.07,-2.9,9.02,0.43333333333333335,-0.09555555555555556,-0.8655555555555555,-1.875,-4.6875,57.1875
1589380342.1233242,-0.96,-2.73,9.06,0.43,-0.17777777777777778,-0.8211111111111111,-2.0,-4.5,55.125
1589380342.130896,-0.97,-2.74,9.0,0.43,-0.17777777777777778,-0.8211111111111111,-2.125,-4.375,53.0625
1589380342.1407206,-0.95,-2.72,8.93,0.43,-0.17777777777777778,-0.8211111111111111,-2.25,-4.0625,50.75
1589380342.1541865,-0.96,-2.73,8.95,0.43,-0.17777777777777778,-0.8211111111111111,-2.5625,-4.0625,48.125
1589380342.1627655,-0.98,-2.74,9.02,0.43,-0.17777777777777778,-0.8211111111111111,-2.5,-3.875,45.6875
1589380342.1704874,-0.99,-2.79,8.85,0.4533333333333333,-0.2311111111111111,-0.8011111111111111,-2.6875,-3.5,43.0625
1589380342.1808734,-1.08,-2.87,9.1,0.4533333333333333,-0.2311111111111111,-0.8011111111111111,-2.375,-2.9375,40.125
1589380342.195375,-1.02,-2.74,8.92,0.4533333333333333,-0.2311111111111111,-0.8011111111111111,-2.25,-2.625,36.8125
1589380342.2012749,-1.03,-2.74,9.0,0.4533333333333333,-0.2311111111111111,-0.8011111111111111,-2.125,-1.8125,33.0
1589380342.213079,-1.06,-2.77,9.05,0.4533333333333333,-0.2311111111111111,-0.8011111111111111,-2.0,-1.4375,28.9375
1589380342.220843,-1.13,-2.81,9.09,0.5022222222222222,-0.23777777777777775,-0.7211111111111111,-1.75,-0.9375,24.375
1589380342.2318356,-1.2,-2.78,9.02,0.5022222222222222,-0.23777777777777775,-0.7211111111111111,-1.8125,-0.5625,21.0
1589380342.2412937,-1.25,-2.82,8.93,0.5022222222222222,-0.23777777777777775,-0.7211111111111111,-1.5,-0.375,18.625
1589380342.2521956,-1.29,-2.85,8.95,0.5022222222222222,-0.23777777777777775,-0.7211111111111111,-1.4375,-0.5,17.0
1589380342.2642686,-1.25,-2.81,9.0,0.5022222222222222,-0.23777777777777775,-0.7211111111111111,-1.375,-0.625,15.1875
1589380342.273908,-1.27,-2.78,9.01,0.5311111111111111,-0.21666666666666667,-0.7144444444444444,-1.125,-0.4375,13.25
1589380342.2818398,-1.31,-2.86,9.0,0.5311111111111111,-0.21666666666666667,-0.7144444444444444,-0.8125,-0.0625,10.75
1589380342.291594,-1.26,-2.79,9.01,0.5311111111111111,-0.21666666666666667,-0.7144444444444444,-0.6875,0.3125,8.0
1589380342.3052053,-1.25,-2.74,9.04,0.5311111111111111,-0.21666666666666667,-0.7144444444444444,-0.6875,-0.125,4.75
1589380342.3134766,-1.25,-2.78,9.06,0.5311111111111111,-0.21666666666666667,-0.7144444444444444,-0.5,0.3125,1.6875
1589380342.3264894,-1.28,-2.74,9.06,0.5777777777777777,-0.1955555555555556,-0.7211111111111111,-0.25,0.5625,-1.125
1589380342.3324635,-1.43,-2.86,9.1,0.5777777777777777,-0.1955555555555556,-0.7211111111111111,-0.375,0.6875,-2.625
1589380342.3466227,-1.08,-2.82,8.97,0.5777777777777777,-0.1955555555555556,-0.7211111111111111,-0.25,0.3125,-3.8125
1589380342.353618,-1.54,-2.79,8.93,0.5777777777777777,-0.1955555555555556,-0.7211111111111111,0.3125,1.4375,-8.625
1589380342.3637598,-1.49,-2.79,8.98,0.5777777777777777,-0.1955555555555556,-0.7211111111111111,-0.6875,0.1875,-8.25
1589380342.371124,-1.46,-2.74,9.07,0.6822222222222222,-0.16111111111111112,-0.75,0.0625,0.5625,-8.625
1589380342.3856616,-1.36,-2.78,8.95,0.6822222222222222,-0.16111111111111112,-0.75,0.6875,1.75,-8.9375
1589380342.3924153,-1.21,-2.81,8.96,0.6822222222222222,-0.16111111111111112,-0.75,0.125,0.5,-9.5
1589380342.4053664,-1.44,-2.89,9.02,0.6822222222222222,-0.16111111111111112,-0.75,0.625,1.125,-10.9375
1589380342.4140615,-1.2,-2.84,9.08,0.6822222222222222,-0.16111111111111112,-0.75,0.5625,0.625,-10.0
1589380342.4240098,-1.29,-2.85,9.05,0.7266666666666667,-0.26222222222222225,-0.8566666666666667,0.75,0.8125,-10.875
1589380342.4320078,-1.25,-2.85,9.01,0.7266666666666667,-0.26222222222222225,-0.8566666666666667,0.6875,1.375,-11.5625
1589380342.442062,-1.25,-2.91,8.96,0.7266666666666667,-0.26222222222222225,-0.8566666666666667,0.5,1.125,-12.625
1589380342.4539769,-1.28,-3.02,8.96,0.7266666666666667,-0.26222222222222225,-0.8566666666666667,0.8125,1.25,-13.375
1589380342.4644759,-1.23,-3.05,9.02,0.7266666666666667,-0.26222222222222225,-0.8566666666666667,0.875,1.5625,-14.25
1589380342.4719253,-1.2,-3.07,9.03,0.5688888888888889,-0.2433333333333333,-0.7411111111111112,1.0,1.5625,-15.75
1589380342.4835784,-1.2,-3.14,8.98,0.5688888888888889,-0.2433333333333333,-0.7411111111111112,0.9375,1.8125,-17.125
1589380342.4933026,-1.24,-3.14,8.89,0.5688888888888889,-0.2433333333333333,-0.7411111111111112,0.9375,1.9375,-18.625
1589380342.5030515,-1.22,-3.18,8.97,0.5688888888888889,-0.2433333333333333,-0.7411111111111112,0.6875,1.9375,-19.8125
1589380342.5185328,-1.25,-3.28,9.01,0.5688888888888889,-0.2433333333333333,-0.7411111111111112,0.8125,1.8125,-21.1875
1589380342.5255609,-1.19,-3.21,8.97,0.57,-0.17555555555555555,-0.6844444444444444,1.0,1.8125,-22.75
1589380342.5372634,-1.09,-3.04,9.07,0.57,-0.17555555555555555,-0.6844444444444444,0.5,2.0625,-23.9375
1589380342.543135,-1.17,-3.19,8.85,0.57,-0.17555555555555555,-0.6844444444444444,1.0,2.5625,-25.1875
1589380342.5569403,-1.22,-3.32,8.98,0.57,-0.17555555555555555,-0.6844444444444444,1.375,2.875,-26.8125
1589380342.5648153,-1.14,-3.31,9.02,0.57,-0.17555555555555555,-0.6844444444444444,1.1875,2.875,-27.8125
1589380342.5760055,-1.09,-3.27,8.99,0.5633333333333334,-0.11666666666666667,-0.7066666666666667,1.3125,2.875,-29.3125
1589380342.5823836,-1.12,-3.35,9.02,0.5633333333333334,-0.11666666666666667,-0.7066666666666667,1.25,3.25,-30.4375
1589380342.5931535,-1.19,-3.49,8.88,0.5633333333333334,-0.11666666666666667,-0.7066666666666667,1.1875,3.125,-31.0625
1589380342.601899,-1.08,-3.48,9.01,0.5633333333333334,-0.11666666666666667,-0.7066666666666667,1.0625,2.75,-30.375
1589380342.6144052,-1.18,-3.7,8.94,0.5633333333333334,-0.11666666666666667,-0.7066666666666667,1.625,3.25,-30.875
1589380342.621187,-1.19,-4.01,8.89,0.5822222222222222,-0.10444444444444444,-0.7144444444444444,1.5625,3.0625,-31.125
1589380342.6304605,-1.19,-4.01,8.89,0.5822222222222222,-0.10444444444444444,-0.7144444444444444,1.5625,3.0625,-31.125
1589380342.6366801,-1.11,-4.1,8.98,0.5822222222222222,-0.10444444444444444,-0.7144444444444444,1.4375,2.8125,-30.0625
1589380342.6437776,-1.2,-4.05,8.79,0.5822222222222222,-0.10444444444444444,-0.7144444444444444,1.9375,3.0625,-29.875
1589380342.6551785,-1.31,-4.33,8.86,0.5822222222222222,-0.10444444444444444,-0.7144444444444444,1.8125,2.6875,-27.4375
1589380342.6643796,-1.32,-4.56,8.88,0.5822222222222222,-0.10444444444444444,-0.7144444444444444,1.875,2.5625,-22.5
1589380342.6724706,-1.34,-4.65,8.9,0.59,-0.06555555555555556,-0.6944444444444444,1.5625,1.5625,-17.125
1589380342.6854978,-1.06,-4.28,8.94,0.59,-0.06555555555555556,-0.6944444444444444,1.0,0.8125,-12.5
1589380342.6923509,-0.97,-3.95,8.88,0.59,-0.06555555555555556,-0.6944444444444444,0.9375,0.375,-14.0
1589380342.707807,-1.05,-3.65,8.96,0.59,-0.06555555555555556,-0.6944444444444444,1.0,1.0,-18.75
1589380342.7142642,-1.08,-3.53,8.93,0.59,-0.06555555555555556,-0.6944444444444444,1.125,1.625,-24.125
1589380342.7271855,-1.11,-3.38,9.01,0.6077777777777778,-0.07222222222222223,-0.7211111111111111,1.0625,2.125,-28.8125
1589380342.7333562,-1.02,-3.16,8.96,0.6077777777777778,-0.07222222222222223,-0.7211111111111111,1.375,2.6875,-32.625
1589380342.7462914,-0.93,-3.0,8.97,0.6077777777777778,-0.07222222222222223,-0.7211111111111111,1.5,3.125,-37.25
1589380342.7526646,-0.87,-2.9,9.0,0.6077777777777778,-0.07222222222222223,-0.7211111111111111,1.6875,3.8125,-43.75
1589380342.7655268,-0.93,-2.95,9.03,0.6077777777777778,-0.07222222222222223,-0.7211111111111111,1.875,5.0625,-52.0
1589380342.772045,-1.02,-2.97,9.09,0.6488888888888888,-0.06555555555555556,-0.73,1.75,5.4375,-60.375
1589380342.7829099,-1.02,-2.97,9.09,0.6488888888888888,-0.06555555555555556,-0.73,1.75,5.4375,-60.375
1589380342.7943642,-1.16,-3.07,8.91,0.6488888888888888,-0.06555555555555556,-0.73,2.25,7.1875,-73.125
1589380342.8055873,-1.15,-3.04,8.99,0.6488888888888888,-0.06555555555555556,-0.73,2.1875,7.125,-76.875
1589380342.8157835,-1.36,-3.18,8.96,0.6488888888888888,-0.06555555555555556,-0.73,2.4375,7.75,-79.1875
1589380342.8265054,-0.54,-2.89,9.31,0.7066666666666667,-0.03333333333333333,-0.73,2.0625,7.1875,-79.875
1589380342.8400748,-1.44,-3.17,9.04,0.7066666666666667,-0.03333333333333333,-0.73,2.625,8.1875,-85.625
1589380342.8465388,-1.09,-3.32,9.12,0.7066666666666667,-0.03333333333333333,-0.73,2.4375,8.375,-84.8125
1589380342.8603878,-1.17,-3.2,8.85,0.7066666666666667,-0.03333333333333333,-0.73,2.375,8.3125,-86.5625
1589380342.865973,-1.18,-3.22,9.04,0.7066666666666667,-0.03333333333333333,-0.73,2.4375,8.25,-85.1875
1589380342.8732722,-1.23,-3.35,9.0,1.0755555555555556,0.05111111111111112,-0.8222222222222222,2.25,7.875,-82.5625
1589380342.8821702,-1.23,-3.35,9.0,1.0755555555555556,0.05111111111111112,-0.8222222222222222,2.25,7.875,-82.5625
1589380342.8883846,-1.22,-3.43,8.97,1.0755555555555556,0.05111111111111112,-0.8222222222222222,2.125,7.625,-78.25
1589380342.8982112,-1.26,-3.57,8.87,1.0755555555555556,0.05111111111111112,-0.8222222222222222,2.0,7.125,-73.625
1589380342.9047775,-1.28,-3.65,8.87,1.0755555555555556,0.05111111111111112,-0.8222222222222222,2.1875,7.25,-67.5625
1589380342.9163964,-1.22,-3.78,8.97,1.0755555555555556,0.05111111111111112,-0.8222222222222222,1.75,6.0,-59.3125
1589380342.9232776,-1.24,-3.84,9.04,1.6833333333333331,-0.4511111111111111,-1.5944444444444446,1.4375,5.1875,-50.5625
1589380342.937245,-1.17,-3.76,8.97,1.6833333333333331,-0.4511111111111111,-1.5944444444444446,1.3125,4.1875,-41.25
1589380342.94385,-1.3,-3.92,8.91,1.6833333333333331,-0.4511111111111111,-1.5944444444444446,1.0,3.75,-31.75
1589380342.95409,-0.95,-3.61,8.97,1.6833333333333331,-0.4511111111111111,-1.5944444444444446,0.75,2.5625,-21.25
1589380342.96551,-0.63,-3.23,9.03,1.6833333333333331,-0.4511111111111111,-1.5944444444444446,0.5,1.25,-13.5625
1589380342.9761622,-0.41,-2.95,9.0,0.7533333333333333,-0.19333333333333333,-0.8155555555555556,0.3125,1.0625,-12.6875
1589380342.9846873,-0.31,-2.65,9.01,0.7533333333333333,-0.19333333333333333,-0.8155555555555556,0.25,1.0,-18.125
1589380342.9966435,-0.43,-2.64,8.97,0.7533333333333333,-0.19333333333333333,-0.8155555555555556,0.9375,2.3125,-26.5
1589380343.0042136,-0.69,-2.95,8.98,0.7533333333333333,-0.19333333333333333,-0.8155555555555556,1.375,3.75,-34.6875
1589380343.0161386,-0.7,-3.08,8.94,0.7533333333333333,-0.19333333333333333,-0.8155555555555556,1.6875,4.4375,-37.375
1589380343.0234067,-0.97,-3.35,9.06,0.6344444444444445,0.01,-0.7733333333333333,1.25,3.875,-37.1875
1589380343.034913,-1.23,-3.45,8.97,0.6344444444444445,0.01,-0.7733333333333333,1.25,3.6875,-32.875
1589380343.0486882,-0.84,-3.23,9.01,0.6344444444444445,0.01,-0.7733333333333333,0.4375,2.0625,-23.8125
1589380343.0548732,-0.95,-3.13,9.0,0.6344444444444445,0.01,-0.7733333333333333,0.8125,1.9375,-16.5625
1589380343.0698984,-1.16,-3.03,8.95,0.6344444444444445,0.01,-0.7733333333333333,0.4375,1.1875,-8.75
1589380343.0761595,-0.94,-2.9,9.09,0.5911111111111111,0.08444444444444445,-0.75,-0.0625,0.0625,0.0625
1589380343.0878494,-1.16,-2.84,9.12,0.5911111111111111,0.08444444444444445,-0.75,-0.375,-1.0625,7.3125
1589380343.0943627,-1.03,-2.9,8.96,0.5911111111111111,0.08444444444444445,-0.75,-0.1875,-1.25,15.9375
1589380343.107611,-0.91,-2.87,8.98,0.5911111111111111,0.08444444444444445,-0.75,-0.375,-2.25,23.9375
1589380343.117363,-0.93,-2.87,9.05,0.5911111111111111,0.08444444444444445,-0.75,-0.25,-2.625,31.125
1589380343.125524,-0.9,-2.94,9.04,0.5988888888888889,0.08444444444444445,-0.7566666666666667,-0.625,-3.125,37.4375
1589380343.1349325,-0.76,-3.1,9.0,0.5988888888888889,0.08444444444444445,-0.7566666666666667,-0.5625,-4.0,44.0625
1589380343.1451323,-0.8,-3.32,8.91,0.5988888888888889,0.08444444444444445,-0.7566666666666667,-0.875,-4.1875,49.125
1589380343.1545565,-0.8,-3.45,8.94,0.5988888888888889,0.08444444444444445,-0.7566666666666667,-0.875,-4.8125,53.4375
1589380343.1672835,-0.67,-3.65,9.11,0.5988888888888889,0.08444444444444445,-0.7566666666666667,-1.0,-5.25,58.1875
1589380343.1746655,-0.68,-3.87,8.87,0.5611111111111111,0.054444444444444434,-0.7288888888888889,-0.9375,-5.625,62.25
1589380343.1847475,-0.56,-4.05,8.99,0.5611111111111111,0.054444444444444434,-0.7288888888888889,-0.6875,-5.0,64.25
1589380343.1950786,-22.89,-28.75,-7.39,0.5611111111111111,0.054444444444444434,-0.7288888888888889,-16.6875,-0.6875,32.0
1589380343.2089741,0.18,-1.71,0.54,0.5611111111111111,0.054444444444444434,-0.7288888888888889,-97.6875,54.75,-243.3125
1589380343.2205431,-1.98,-1.98,0.24,0.5611111111111111,0.054444444444444434,-0.7288888888888889,-94.9375,26.125,-361.9375
1589380343.2265813,-2.33,-3.91,23.2,0.5555555555555556,0.10222222222222224,-0.6855555555555556,-68.75,30.875,-342.3125
1589380343.2400095,-2.35,-2.14,17.48,0.5555555555555556,0.10222222222222224,-0.6855555555555556,72.9375,49.8125,-296.4375
1589380343.2466633,-0.17,1.39,4.19,0.5555555555555556,0.10222222222222224,-0.6855555555555556,144.1875,31.6875,-271.0
1589380343.2586586,-2.07,1.07,8.69,0.5555555555555556,0.10222222222222224,-0.6855555555555556,116.1875,36.125,-249.5625
1589380343.2669258,-0.85,-1.89,11.35,0.5555555555555556,0.10222222222222224,-0.6855555555555556,-27.125,-1.625,-229.6875
1589380343.278509,-0.88,0.33,9.6,0.5166666666666667,0.2344444444444445,-0.7088888888888889,9.375,20.5,-204.125
1589380343.2854981,-1.06,0.15,8.74,0.5166666666666667,0.2344444444444445,-0.7088888888888889,11.0,26.0625,-186.25
1589380343.2983432,-0.77,0.36,9.82,0.5166666666666667,0.2344444444444445,-0.7088888888888889,2.1875,14.3125,-162.875
1589380343.3052197,-0.12,0.0,9.03,0.5166666666666667,0.2344444444444445,-0.7088888888888889,3.5625,12.8125,-133.0
1589380343.3180213,0.38,-0.39,9.86,0.5166666666666667,0.2344444444444445,-0.7088888888888889,1.25,9.375,-106.75
1589380343.324751,0.52,-0.98,8.64,0.4666666666666667,0.26666666666666666,-0.6711111111111111,2.375,8.0,-82.75
1589380343.3350475,0.07,-1.64,9.35,0.4666666666666667,0.26666666666666666,-0.6711111111111111,-0.125,4.875,-62.0625
1589380343.3406215,0.07,-1.64,9.35,0.4666666666666667,0.26666666666666666,-0.6711111111111111,-0.125,4.875,-62.0625
1589380343.3473947,0.12,-2.07,8.8,0.4666666666666667,0.26666666666666666,-0.6711111111111111,1.5,4.9375,-40.5
1589380343.3566358,0.12,-2.38,9.42,0.4666666666666667,0.26666666666666666,-0.6711111111111111,0.0625,1.5625,-20.875
1589380343.370582,-0.2,-2.44,8.67,0.4666666666666667,0.26666666666666666,-0.6711111111111111,-0.4375,-0.125,-5.8125
1589380343.376846,-0.43,-2.52,9.33,0.4355555555555555,0.2911111111111111,-0.6711111111111111,0.625,0.625,10.5
1589380343.3903825,0.17,-2.54,8.8,0.4355555555555555,0.2911111111111111,-0.6711111111111111,-0.1875,-2.5625,29.4375
1589380343.3963873,0.4,-2.69,9.35,0.4355555555555555,0.2911111111111111,-0.6711111111111111,-1.5,-5.0,40.9375
1589380343.4055204,0.29,-2.67,8.9,0.4355555555555555,0.2911111111111111,-0.6711111111111111,-0.0625,-3.6875,42.8125
1589380343.4177356,0.2,-2.81,8.96,0.4355555555555555,0.2911111111111111,-0.6711111111111111,-1.375,-3.875,42.25
1589380343.4293327,0.07,-2.8,8.93,0.4455555555555555,0.31777777777777777,-0.67,-1.125,-3.75,43.5
1589380343.4357128,-0.05,-2.88,9.25,0.4455555555555555,0.31777777777777777,-0.67,-1.25,-4.375,46.75
1589380343.450111,-0.12,-2.8,8.81,0.4455555555555555,0.31777777777777777,-0.67,-1.0,-5.0,53.5625
1589380343.4567358,-0.02,-2.92,9.16,0.4455555555555555,0.31777777777777777,-0.67,-1.1875,-5.5,62.5625
1589380343.469,0.0,-2.93,8.85,0.4455555555555555,0.31777777777777777,-0.67,-0.9375,-5.6875,70.3125
1589380343.4763436,0.13,-3.06,9.13,0.46,0.2933333333333333,-0.6766666666666666,-2.1875,-7.375,75.0625
1589380343.4881794,-0.11,-2.99,8.99,0.46,0.2933333333333333,-0.6766666666666666,-1.6875,-6.8125,78.75
1589380343.4963267,-6.06,-23.96,9.21,0.46,0.2933333333333333,-0.6766666666666666,-1.625,-7.5,82.4375
1589380343.5077837,0.1,-2.71,6.25,0.46,0.2933333333333333,-0.6766666666666666,13.4375,-0.375,122.0625
1589380343.5212386,1.37,-2.44,10.53,0.46,0.2933333333333333,-0.6766666666666666,1.75,-23.1875,212.5625
1589380343.5280519,0.39,-4.84,8.29,0.48,0.3033333333333333,-0.6911111111111111,-7.25,-23.5,207.6875
1589380343.53726,16.4,-27.25,7.67,0.48,0.3033333333333333,-0.6911111111111111,-3.5,-17.3125,208.9375
1589380343.5490851,-0.96,-2.23,8.7,0.48,0.3033333333333333,-0.6911111111111111,0.1875,-23.125,153.25
1589380343.5562873,-0.86,-2.85,8.94,0.48,0.3033333333333333,-0.6911111111111111,1.1875,6.3125,56.0625
1589380343.5651953,-0.86,-2.85,8.94,0.48,0.3033333333333333,-0.6911111111111111,1.1875,6.3125,56.0625
1589380343.5707495,-0.63,-3.41,9.07,0.48,0.3033333333333333,-0.6911111111111111,0.25,-1.0625,33.0
1589380343.5821016,-0.49,-4.04,8.87,0.5077777777777778,0.24444444444444444,-0.6977777777777778,-0.25,-0.75,14.3125
1589380343.588246,-0.16,-4.18,8.91,0.5077777777777778,0.24444444444444444,-0.6977777777777778,-0.875,-2.4375,0.75
1589380343.6019108,-0.35,-4.05,8.78,0.5077777777777778,0.24444444444444444,-0.6977777777777778,-0.375,-0.5625,-0.125
1589380343.608712,-0.24,-4.14,8.94,0.5077777777777778,0.24444444444444444,-0.6977777777777778,0.375,0.0625,0.0
1589380343.621771,-0.3,-4.12,8.96,0.5077777777777778,0.24444444444444444,-0.6977777777777778,-0.375,-0.875,-0.25
1589380343.6277714,-0.33,-4.08,8.86,0.52,0.2255555555555556,-0.6977777777777778,0.1875,0.0,-0.0625
1589380343.6393845,-0.33,-4.06,8.87,0.52,0.2255555555555556,-0.6977777777777778,-0.1875,-0.1875,-0.0625
1589380343.6470006,-0.3,-4.11,8.76,0.52,0.2255555555555556,-0.6977777777777778,0.0,0.25,0.0
1589380343.6599483,-0.32,-4.12,9.0,0.52,0.2255555555555556,-0.6977777777777778,-0.125,0.0,0.0
1589380343.6732085,-0.27,-4.15,8.97,0.52,0.2255555555555556,-0.6977777777777778,0.125,0.0625,-0.0625
1589380343.6797438,-0.32,-4.07,8.91,0.5277777777777778,0.2311111111111111,-0.6977777777777778,-0.4375,-0.375,-0.125
1589380343.6882017,-0.3,-4.09,8.92,0.5277777777777778,0.2311111111111111,-0.6977777777777778,0.125,0.3125,0.0
1589380343.7001429,-0.29,-4.13,8.93,0.5277777777777778,0.2311111111111111,-0.6977777777777778,-0.1875,-0.3125,0.1875
1589380343.7080731,-0.28,-4.12,8.94,0.5277777777777778,0.2311111111111111,-0.6977777777777778,0.3125,0.25,0.0
1589380343.7200572,-0.3,-4.04,8.94,0.5277777777777778,0.2311111111111111,-0.6977777777777778,0.375,-0.0625,0.0625
1589380343.7325122,-0.3,-4.12,8.93,0.5133333333333333,0.2255555555555556,-0.6844444444444444,0.1875,0.0625,-0.0625
1589380343.7389336,-0.34,-4.1,8.86,0.5133333333333333,0.2255555555555556,-0.6844444444444444,-0.25,-0.125,0.0
1589380343.7503285,-0.27,-4.13,8.84,0.5133333333333333,0.2255555555555556,-0.6844444444444444,0.0625,0.375,0.0
1589380343.7578359,-0.32,-4.09,8.86,0.5133333333333333,0.2255555555555556,-0.6844444444444444,-0.25,0.0625,-0.0625
1589380343.7708395,-0.32,-4.11,8.91,0.5133333333333333,0.2255555555555556,-0.6844444444444444,0.0,0.4375,0.0
1589380343.778153,-0.31,-4.09,8.91,0.54,0.2311111111111111,-0.6911111111111111,0.125,0.3125,0.0
1589380343.788813,-0.29,-4.15,8.96,0.54,0.2311111111111111,-0.6911111111111111,-0.0625,0.125,0.0
1589380343.7978325,-0.31,-4.08,8.87,0.54,0.2311111111111111,-0.6911111111111111,0.0625,-0.25,-0.0625
1589380343.8086734,-0.31,-4.12,8.84,0.54,0.2311111111111111,-0.6911111111111111,0.125,0.125,-0.125
1589380343.8207304,-0.31,-4.09,8.94,0.54,0.2311111111111111,-0.6911111111111111,0.1875,-0.125,-0.0625
1589380343.8294435,-0.3,-4.09,8.97,0.5277777777777778,0.21777777777777774,-0.67,-0.25,-0.25,0.0
1589380343.8383667,-0.31,-4.11,8.93,0.5277777777777778,0.21777777777777774,-0.67,-0.25,-0.25,0.0
1589380343.8495178,-0.31,-4.13,8.88,0.5277777777777778,0.21777777777777774,-0.67,-0.125,0.0625,0.125
1589380343.8586798,-0.31,-4.11,8.9,0.5277777777777778,0.21777777777777774,-0.67,-0.125,0.0625,0.0625
1589380343.871243,-0.3,-4.15,8.91,0.5277777777777778,0.21777777777777774,-0.67,0.0,-0.125,-0.125
1589380343.8790085,-0.31,-4.13,8.97,0.5077777777777778,0.2311111111111111,-0.6844444444444444,-0.0625,0.0625,0.0
1589380343.8884482,-0.3,-4.11,8.93,0.5077777777777778,0.2311111111111111,-0.6844444444444444,0.0,-0.25,-0.0625
1589380343.9039195,-0.33,-4.11,8.81,0.5077777777777778,0.2311111111111111,-0.6844444444444444,0.1875,-0.0625,0.0
1589380343.9106634,-0.31,-4.12,8.87,0.5077777777777778,0.2311111111111111,-0.6844444444444444,0.125,0.0,0.0
1589380343.9255295,-0.31,-4.08,8.9,0.5077777777777778,0.2311111111111111,-0.6844444444444444,0.125,0.0625,0.0625
1589380343.9323318,-0.3,-4.09,8.96,0.5277777777777778,0.23777777777777775,-0.6977777777777778,0.0,-0.125,0.0625
1589380343.9432235,-0.33,-4.1,8.98,0.5277777777777778,0.23777777777777775,-0.6977777777777778,0.0,0.0625,0.0
1589380343.9500961,-0.3,-4.12,8.83,0.5277777777777778,0.23777777777777775,-0.6977777777777778,-0.0625,0.125,0.0
1589380343.963094,-0.31,-4.1,8.89,0.5277777777777778,0.23777777777777775,-0.6977777777777778,0.0,0.125,0.0625
1589380343.9720285,-0.3,-4.1,8.93,0.5277777777777778,0.23777777777777775,-0.6977777777777778,0.125,-0.0625,0.0
1589380343.9824054,-0.32,-4.11,8.94,0.5344444444444445,0.2311111111111111,-0.6844444444444444,0.125,0.0625,0.0
1589380343.9886744,-0.3,-4.11,8.94,0.5344444444444445,0.2311111111111111,-0.6844444444444444,-0.0625,0.1875,-0.125
1589380343.9989204,-0.32,-4.12,8.83,0.5344444444444445,0.2311111111111111,-0.6844444444444444,0.0,0.125,0.0
1589380344.0094655,-0.28,-4.11,8.89,0.5344444444444445,0.2311111111111111,-0.6844444444444444,-0.125,-0.125,0.0
1589380344.0215418,-0.31,-4.1,8.9,0.5344444444444445,0.2311111111111111,-0.6844444444444444,0.0,-0.125,0.0
1589380344.029707,-0.32,-4.1,8.98,0.5133333333333333,0.2255555555555556,-0.67,0.0,-0.1875,0.0
1589380344.040149,-0.3,-4.12,8.91,0.5133333333333333,0.2255555555555556,-0.67,-0.125,-0.0625,0.0
1589380344.0492394,-0.29,-4.12,8.86,0.5133333333333333,0.2255555555555556,-0.67,-0.0625,-0.0625,0.0625
1589380344.0603034,-0.3,-4.09,8.87,0.5133333333333333,0.2255555555555556,-0.67,-0.0625,0.125,0.0625
1589380344.0768125,-0.32,-4.1,8.93,0.5133333333333333,0.2255555555555556,-0.67,0.0625,0.125,0.0625
1589380344.0827887,-0.32,-4.1,8.97,0.5344444444444445,0.21777777777777774,-0.6911111111111111,0.0625,0.0625,0.0
1589380344.0899215,-0.31,-4.1,8.98,0.5344444444444445,0.21777777777777774,-0.6911111111111111,-0.0625,0.125,-0.0625
1589380344.1015394,-0.3,-4.09,8.83,0.5344444444444445,0.21777777777777774,-0.6911111111111111,-0.1875,0.125,-0.0625
1589380344.114072,-0.3,-4.11,8.92,0.5344444444444445,0.21777777777777774,-0.6911111111111111,-0.1875,-0.0625,0.0
1589380344.1225119,-0.31,-4.11,8.92,0.5344444444444445,0.21777777777777774,-0.6911111111111111,-0.125,0.0625,0.125
1589380344.1337585,-0.28,-4.11,8.94,0.5544444444444444,0.2255555555555556,-0.6911111111111111,0.0625,0.0625,0.0
1589380344.1404042,-0.31,-4.1,8.9,0.5544444444444444,0.2255555555555556,-0.6911111111111111,0.1875,0.1875,-0.0625
1589380344.1500065,-0.31,-4.12,8.83,0.5544444444444444,0.2255555555555556,-0.6911111111111111,0.0,0.1875,0.0
1589380344.1603734,-0.31,-4.12,8.89,0.5544444444444444,0.2255555555555556,-0.6911111111111111,0.125,0.0625,0.0
1589380344.172279,-0.32,-4.09,8.94,0.5544444444444444,0.2255555555555556,-0.6911111111111111,-0.0625,0.0625,0.125
1589380344.1794367,-0.34,-4.09,8.95,0.5277777777777778,0.2111111111111111,-0.6911111111111111,0.125,0.125,-0.0625
1589380344.1906455,-0.3,-4.09,8.98,0.5277777777777778,0.2111111111111111,-0.6911111111111111,-0.0625,-0.125,0.0
1589380344.200916,-0.3,-4.11,8.86,0.5277777777777778,0.2111111111111111,-0.6911111111111111,-0.125,-0.0625,-0.0625
1589380344.2133093,-0.32,-4.13,8.9,0.5277777777777778,0.2111111111111111,-0.6911111111111111,-0.125,-0.0625,0.0
1589380344.2271671,-0.31,-4.11,8.93,0.5277777777777778,0.2111111111111111,-0.6911111111111111,-0.125,-0.0625,-0.0625
1589380344.2330415,-0.3,-4.1,8.94,0.52,0.2111111111111111,-0.67,0.1875,-0.125,0.125
1589380344.2404356,-0.31,-4.11,8.97,0.52,0.2111111111111111,-0.67,0.125,-0.0625,-0.1875
1589380344.2501078,-0.3,-4.11,8.86,0.52,0.2111111111111111,-0.67,-0.125,0.0,0.1875
1589380344.2629607,-0.3,-4.09,8.87,0.52,0.2111111111111111,-0.67,0.0,-0.0625,0.125
1589380344.2728314,-0.3,-4.11,8.92,0.52,0.2111111111111111,-0.67,0.0,0.0,-0.0625
1589380344.2850704,-0.3,-4.11,8.95,0.5133333333333333,0.2255555555555556,-0.6766666666666666,0.0625,0.125,0.0
1589380344.2910762,-0.32,-4.1,8.95,0.5133333333333333,0.2255555555555556,-0.6766666666666666,-0.125,-0.125,0.0
1589380344.3043694,-0.29,-4.11,8.83,0.5133333333333333,0.2255555555555556,-0.6766666666666666,0.0,0.0625,-0.0625
1589380344.3103802,-0.3,-4.12,8.88,0.5133333333333333,0.2255555555555556,-0.6766666666666666,-0.0625,0.0,0.0625
1589380344.3227415,-0.3,-4.08,8.93,0.5133333333333333,0.2255555555555556,-0.6766666666666666,0.0625,-0.125,-0.0625
1589380344.3309646,-0.3,-4.09,8.95,0.5277777777777778,0.2311111111111111,-0.6844444444444444,0.1875,0.0625,-0.0625
1589380344.3440435,-0.32,-4.09,8.95,0.5277777777777778,0.2311111111111111,-0.6844444444444444,0.1875,-0.1875,0.0625
1589380344.3505108,-0.31,-4.1,8.83,0.5277777777777778,0.2311111111111111,-0.6844444444444444,0.0625,-0.125,-0.0625
1589380344.360476,-0.31,-4.11,8.89,0.5277777777777778,0.2311111111111111,-0.6844444444444444,-0.0625,-0.0625,0.0625
1589380344.378899,-0.3,-4.09,8.92,0.5277777777777778,0.2311111111111111,-0.6844444444444444,-0.125,-0.0625,-0.0625
1589380344.3846402,-0.31,-4.12,8.93,0.5344444444444445,0.21777777777777774,-0.6844444444444444,-0.125,-0.0625,0.125
1589380344.3910437,-0.32,-4.12,8.92,0.5344444444444445,0.21777777777777774,-0.6844444444444444,-0.0625,0.0,0.0
1589380344.4005456,-0.3,-4.13,8.86,0.5344444444444445,0.21777777777777774,-0.6844444444444444,0.0,0.0625,0.125
1589380344.4167116,-0.3,-4.11,8.86,0.5344444444444445,0.21777777777777774,-0.6844444444444444,-0.0625,-0.125,-0.0625
1589380344.4230855,-0.3,-4.11,8.94,0.5344444444444445,0.21777777777777774,-0.6844444444444444,0.0,0.0,0.0
1589380344.4359071,-0.3,-4.1,8.97,0.5011111111111111,0.21777777777777774,-0.67,-0.0625,0.0,0.0
1589380344.4420626,-0.3,-4.1,8.96,0.5011111111111111,0.21777777777777774,-0.67,0.1875,0.0625,0.0625
1589380344.455296,-0.3,-4.1,8.87,0.5011111111111111,0.21777777777777774,-0.67,0.125,-0.125,0.0
1589380344.4620273,-0.3,-4.13,8.91,0.5011111111111111,0.21777777777777774,-0.67,-0.0625,0.0,0.0625
1589380344.474075,-0.31,-4.1,8.93,0.5011111111111111,0.21777777777777774,-0.67,-0.0625,-0.0625,0.125
1589380344.4814606,-0.31,-4.12,8.95,0.52,0.2255555555555556,-0.6911111111111111,-0.0625,0.0625,0.0625
1589380344.4952073,-0.3,-4.11,8.97,0.52,0.2255555555555556,-0.6911111111111111,-0.125,0.125,-0.0625
1589380344.5014846,-0.31,-4.12,8.84,0.52,0.2255555555555556,-0.6911111111111111,-0.0625,0.1875,0.0
1589380344.5144358,-0.32,-4.09,8.88,0.52,0.2255555555555556,-0.6911111111111111,0.0,0.125,0.0
1589380344.5238938,-0.3,-4.1,8.91,0.52,0.2255555555555556,-0.6911111111111111,0.0625,0.1875,0.0
1589380344.5347142,-0.3,-4.08,8.97,0.5077777777777778,0.21777777777777774,-0.6766666666666666,-0.0625,0.0,-0.125
1589380344.541486,-0.3,-4.09,8.93,0.5077777777777778,0.21777777777777774,-0.6766666666666666,0.0625,-0.1875,0.0
1589380344.5521493,-0.31,-4.11,8.85,0.5077777777777778,0.21777777777777774,-0.6766666666666666,-0.125,0.0,0.0
1589380344.5617414,-0.3,-4.1,8.89,0.5077777777777778,0.21777777777777774,-0.6766666666666666,0.125,-0.125,0.0625
1589380344.5741346,-0.3,-4.12,8.93,0.5077777777777778,0.21777777777777774,-0.6766666666666666,-0.125,0.0,0.0625
1589380344.5813177,-0.31,-4.09,8.95,0.5011111111111111,0.2111111111111111,-0.6844444444444444,0.125,0.125,0.0
1589380344.5930073,-0.33,-4.1,8.95,0.5011111111111111,0.2111111111111111,-0.6844444444444444,0.0,0.0625,0.125
1589380344.602429,-0.3,-4.1,8.86,0.5011111111111111,0.2111111111111111,-0.6844444444444444,0.0,0.0625,0.125
1589380344.6126802,-0.3,-4.1,8.91,0.5011111111111111,0.2111111111111111,-0.6844444444444444,-0.0625,0.0625,0.125
1589380344.6244032,-0.3,-4.1,8.93,0.5011111111111111,0.2111111111111111,-0.6844444444444444,-0.0625,0.0625,-0.0625
1589380344.6319153,-0.32,-4.12,8.95,0.4933333333333334,0.2311111111111111,-0.6622222222222223,-0.0625,0.0,0.0625
1589380344.6462154,-0.3,-4.1,8.91,0.4933333333333334,0.2311111111111111,-0.6622222222222223,-0.125,0.1875,0.0
1589380344.6521404,-0.31,-4.08,8.84,0.4933333333333334,0.2311111111111111,-0.6622222222222223,-0.0625,0.0,0.0
1589380344.6656835,-0.31,-4.11,8.89,0.4933333333333334,0.2311111111111111,-0.6622222222222223,0.0,0.0,0.0
1589380344.6749258,-0.33,-4.1,8.94,0.4933333333333334,0.2311111111111111,-0.6622222222222223,-0.0625,0.125,0.0
1589380344.6857178,-0.3,-4.12,8.99,0.52,0.2255555555555556,-0.6977777777777778,0.0,0.0,0.0
1589380344.692446,-0.3,-4.11,8.96,0.52,0.2255555555555556,-0.6977777777777778,-0.125,0.0,0.0625
1589380344.702938,-0.32,-4.09,8.85,0.52,0.2255555555555556,-0.6977777777777778,0.0,0.1875,0.0
1589380344.7122452,-0.31,-4.11,8.91,0.52,0.2255555555555556,-0.6977777777777778,0.0625,0.0625,-0.1875
1589380344.7246726,-0.29,-4.1,8.95,0.52,0.2255555555555556,-0.6977777777777778,-0.125,0.0625,0.1875
1589380344.7327096,-0.3,-4.08,8.94,0.5077777777777778,0.21777777777777774,-0.7055555555555556,-0.125,0.0,0.0
1589380344.7446587,-0.32,-4.13,8.96,0.5077777777777778,0.21777777777777774,-0.7055555555555556,-0.1875,0.0,0.125
1589380344.7528307,-0.3,-4.12,8.82,0.5077777777777778,0.21777777777777774,-0.7055555555555556,-0.0625,-0.0625,0.125
1589380344.7647774,-0.31,-4.12,8.9,0.5077777777777778,0.21777777777777774,-0.7055555555555556,0.0,-0.125,0.0
1589380344.779403,-0.29,-4.12,8.94,0.5077777777777778,0.21777777777777774,-0.7055555555555556,0.0625,-0.1875,-0.125
1589380344.785522,-0.32,-4.12,8.96,0.5344444444444445,0.21777777777777774,-0.6911111111111111,-0.0625,0.0625,-0.0625
1589380344.7967534,-0.3,-4.13,8.94,0.5344444444444445,0.21777777777777774,-0.6911111111111111,-0.0625,0.125,-0.0625
1589380344.8026474,-0.28,-4.11,8.85,0.5344444444444445,0.21777777777777774,-0.6911111111111111,0.0,0.125,-0.0625
1589380344.817635,-0.33,-4.1,8.88,0.5344444444444445,0.21777777777777774,-0.6911111111111111,0.0,0.125,0.0625
1589380344.8250587,-0.3,-4.11,8.97,0.5344444444444445,0.21777777777777774,-0.6911111111111111,0.0625,0.125,0.0
1589380344.8331447,-0.31,-4.11,8.96,0.5344444444444445,0.2111111111111111,-0.67,-0.1875,0.0625,0.0
1589380344.8429446,-0.31,-4.09,8.95,0.5344444444444445,0.2111111111111111,-0.67,-0.0625,0.25,0.0
1589380344.853586,-0.3,-4.11,8.86,0.5344444444444445,0.2111111111111111,-0.67,-0.0625,-0.125,-0.0625
1589380344.8628461,-0.31,-4.12,8.89,0.5344444444444445,0.2111111111111111,-0.67,0.0625,-0.25,-0.0625
1589380344.8764439,-0.32,-4.12,8.94,0.5344444444444445,0.2111111111111111,-0.67,0.0625,0.125,0.0
1589380344.883366,-0.3,-4.09,8.94,0.5277777777777778,0.2111111111111111,-0.6844444444444444,0.0,-0.0625,0.0
1589380344.8933222,-0.31,-4.09,8.92,0.5277777777777778,0.2111111111111111,-0.6844444444444444,0.125,0.0,0.0625
1589380344.9032454,-0.32,-4.11,8.84,0.5277777777777778,0.2111111111111111,-0.6844444444444444,0.0,0.0625,0.0625
1589380344.9137154,-0.32,-4.09,8.87,0.5277777777777778,0.2111111111111111,-0.6844444444444444,-0.0625,0.0,0.0625
1589380344.9255767,-0.3,-4.11,8.92,0.5277777777777778,0.2111111111111111,-0.6844444444444444,0.0,-0.1875,0.1875
1589380344.9363801,-0.28,-4.1,8.95,0.5277777777777778,0.21777777777777774,-0.6911111111111111,-0.0625,-0.125,-0.0625
1589380344.947499,-0.32,-4.1,8.94,0.5277777777777778,0.21777777777777774,-0.6911111111111111,-0.0625,0.0625,-0.0625
1589380344.953583,-0.31,-4.12,8.83,0.5277777777777778,0.21777777777777774,-0.6911111111111111,0.0625,-0.125,0.0
1589380344.9688563,-0.3,-4.09,8.92,0.5277777777777778,0.21777777777777774,-0.6911111111111111,0.0625,-0.1875,0.0
1589380344.9761193,-0.3,-4.11,8.94,0.5277777777777778,0.21777777777777774,-0.6911111111111111,0.0,-0.0625,0.125
1589380344.9834135,-0.31,-4.11,8.96,0.5344444444444445,0.2255555555555556,-0.6844444444444444,0.0,-0.25,0.0625
1589380344.9944494,-0.3,-4.11,8.96,0.5344444444444445,0.2255555555555556,-0.6844444444444444,0.0,-0.125,0.0625
1589380345.0054815,-0.3,-4.1,8.86,0.5344444444444445,0.2255555555555556,-0.6844444444444444,0.0,-0.0625,0.0
