time,acc_x,acc_y,acc_z,mag_x,mag_y,mag_z,gyr_x,gyr_y,gyr_z,ori_z,ori_y,ori_x,q,p1,p2,p3,A0,A1,A2
1589543665.7713265,0.36,-4.18,8.77,0.43,0.31444444444444447,-0.67,0.0625,-0.1875,1.3125,276.0,2.25,24.375,0.7265625,-0.14373779296875,-0.156494140625,0.6534423828125,0.27496052092173096,0.33136596019053416,0.13878555848458704
1589543665.7775035,0.38,-4.12,8.84,0.43,0.31444444444444447,-0.67,0.1875,-0.25,1.5,276.0,2.25,24.4375,0.7264404296875,-0.14373779296875,-0.156494140625,0.653564453125,0.27496052092173096,0.33136596019053416,0.13878555848458704
1589543665.7847908,0.38,-4.15,8.84,0.43,0.31444444444444447,-0.6911111111111111,0.25,-0.0625,1.5,276.0,2.25,24.4375,0.72637939453125,-0.143798828125,-0.156494140625,0.65362548828125,0.27496052092173096,0.33136596019053416,0.13878555848458704
1589543665.7969859,0.38,-4.15,8.87,0.43,0.31444444444444447,-0.6911111111111111,0.25,-0.125,1.8125,276.0,2.1875,24.4375,0.72625732421875,-0.14385986328125,-0.156494140625,0.65374755859375,0.34022226900883096,0.31090853643828664,0.14185155586391207
1589543665.8095732,0.39,-4.19,8.74,0.43,0.31444444444444447,-0.6911111111111111,0.375,-0.0625,1.5,276.0,2.1875,24.4375,0.72613525390625,-0.14385986328125,-0.156494140625,0.65380859375,0.3227201175914994,0.4457710691193347,0.1277826025509433
1589543665.8163152,0.43,-4.27,8.85,0.43,0.31444444444444447,-0.6911111111111111,0.5,0.125,1.125,275.9375,2.1875,24.4375,0.72607421875,-0.1439208984375,-0.156494140625,0.6539306640625,0.3227201175914994,0.4457710691193347,0.1277826025509433
1589543665.8276055,0.4,-4.27,8.86,0.43,0.31444444444444447,-0.6911111111111111,0.5625,0.5625,0.6875,275.9375,2.1875,24.4375,0.72607421875,-0.14398193359375,-0.15655517578125,0.6539306640625,0.33337121366189926,0.4457710691193347,0.1277826025509433
1589543665.8346884,0.37,-4.22,8.92,0.43,0.32666666666666666,-0.67,0.375,0.6875,0.3125,275.9375,2.1875,24.4375,0.72607421875,-0.14404296875,-0.156494140625,0.6539306640625,0.33337121366189926,0.4308257391109686,0.1277826025509433
1589543665.8489738,0.37,-4.16,8.85,0.43,0.32666666666666666,-0.67,0.375,0.8125,0.125,275.9375,2.1875,24.4375,0.72607421875,-0.14410400390625,-0.156494140625,0.6539306640625,0.3227201175914994,0.4308257391109686,0.12849511873515432
1589543665.855361,0.36,-4.17,8.78,0.43,0.32666666666666666,-0.67,0.4375,0.625,0.1875,275.9375,2.1875,24.4375,0.72607421875,-0.1441650390625,-0.156494140625,0.65386962890625,0.3227201175914994,0.4308257391109686,0.12849511873515432
1589543665.865251,0.37,-4.16,8.81,0.43,0.32666666666666666,-0.67,0.4375,0.5625,0.0625,275.9375,2.1875,24.4375,0.72607421875,-0.1441650390625,-0.156494140625,0.65386962890625,0.33337121366189926,0.4308257391109686,0.12849511873515432
1589543665.8773305,0.37,-4.16,8.82,0.43,0.32666666666666666,-0.67,0.25,0.4375,0.0,275.9375,2.1875,24.4375,0.72607421875,-0.14422607421875,-0.156494140625,0.65386962890625,0.33337121366189926,0.41713108403018173,0.1436411163746438
1589543665.8853633,0.38,-4.17,8.83,0.43666666666666665,0.3022222222222222,-0.6911111111111111,0.4375,0.4375,0.0625,275.9375,2.1875,24.4375,0.72601318359375,-0.14422607421875,-0.15655517578125,0.65386962890625,0.3269896237620402,0.41713108403018173,0.1436411163746438
1589543665.8956487,0.36,-4.16,8.81,0.43666666666666665,0.3022222222222222,-0.6911111111111111,0.375,0.3125,0.125,275.9375,2.1875,24.4375,0.72601318359375,-0.14422607421875,-0.15655517578125,0.65386962890625,0.3269896237620402,0.41713108403018173,0.12998116284250114
1589543665.9084814,0.38,-4.15,8.73,0.43666666666666665,0.3022222222222222,-0.6911111111111111,0.3125,0.25,-0.0625,275.9375,2.1875,24.4375,0.72601318359375,-0.144287109375,-0.15655517578125,0.65386962890625,0.33337121366189926,0.4042283755220455,0.1423064300506259
1589543665.915937,0.37,-4.18,8.84,0.43666666666666665,0.3022222222222222,-0.6911111111111111,0.4375,0.375,0.1875,275.9375,2.1875,24.4375,0.72601318359375,-0.144287109375,-0.1566162109375,0.65386962890625,0.33337121366189926,0.4042283755220455,0.1423064300506259
1589543665.927735,0.39,-4.16,8.9,0.43666666666666665,0.3022222222222222,-0.6911111111111111,0.4375,0.6875,0.0,275.9375,2.1875,24.4375,0.72601318359375,-0.14434814453125,-0.15655517578125,0.65386962890625,0.3291641949951565,0.40103947453341987,0.1322913115063521
1589543665.9358554,0.36,-4.15,8.9,0.43,0.3333333333333333,-0.7122222222222222,0.4375,0.75,0.0625,275.9375,2.1875,24.4375,0.72601318359375,-0.1444091796875,-0.156494140625,0.65386962890625,0.3291641949951565,0.40103947453341987,0.1322913115063521
1589543665.9483294,0.38,-4.15,8.94,0.43,0.3333333333333333,-0.7122222222222222,0.3125,0.75,0.0625,275.9375,2.1875,24.4375,0.72607421875,-0.1444091796875,-0.156494140625,0.65380859375,0.3291641949951565,0.3567681567603077,0.1423064300506259
1589543665.956133,0.37,-4.16,8.79,0.43,0.3333333333333333,-0.7122222222222222,0.125,0.8125,0.0,275.9375,2.1875,24.5,0.72607421875,-0.14447021484375,-0.15643310546875,0.65380859375,0.3291641949951565,0.3567681567603077,0.1423064300506259
1589543665.96734,0.36,-4.16,8.79,0.43,0.3333333333333333,-0.7122222222222222,0.125,0.625,0.0625,275.9375,2.125,24.5,0.72607421875,-0.14453125,-0.15643310546875,0.65380859375,0.3291641949951565,0.3567681567603077,0.14547335342966167
1589543665.9792092,0.36,-4.16,8.83,0.43,0.3333333333333333,-0.7122222222222222,-0.1875,0.1875,0.0,275.9375,2.125,24.5,0.72607421875,-0.14459228515625,-0.15643310546875,0.65380859375,0.3248417572103921,0.3567681567603077,0.14547335342966167
1589543665.985649,0.37,-4.17,8.85,0.4477777777777778,0.30666666666666664,-0.6644444444444444,-0.1875,0.25,0.0625,275.9375,2.125,24.5,0.72607421875,-0.14459228515625,-0.15643310546875,0.65380859375,0.3248417572103921,0.3890400161097513,0.14547335342966167
1589543665.9972274,0.38,-4.17,8.82,0.4477777777777778,0.30666666666666664,-0.6644444444444444,-0.0625,0.125,0.0625,275.9375,2.125,24.5,0.72607421875,-0.14459228515625,-0.156494140625,0.65380859375,0.33337121366189926,0.3890400161097513,0.1423064300506259
1589543666.0058427,0.37,-4.15,8.72,0.4477777777777778,0.30666666666666664,-0.6644444444444444,-0.0625,0.0625,0.0625,275.9375,2.125,24.5,0.72607421875,-0.14459228515625,-0.156494140625,0.65380859375,0.33337121366189926,0.3920522731410346,0.14499939827618344
1589543666.016286,0.37,-4.17,8.75,0.4477777777777778,0.30666666666666664,-0.6644444444444444,0.25,0.25,0.125,275.9375,2.125,24.5,0.72601318359375,-0.1446533203125,-0.156494140625,0.65380859375,0.2703449835453029,0.3920522731410346,0.14499939827618344
1589543666.028642,0.36,-4.17,8.83,0.4477777777777778,0.30666666666666664,-0.6644444444444444,0.1875,0.125,0.1875,275.9375,2.125,24.5,0.72601318359375,-0.1446533203125,-0.15655517578125,0.65380859375,0.2703449835453029,0.4042283755220455,0.1208422397568251
1589543666.0365765,0.38,-4.18,8.9,0.43555555555555553,0.32666666666666666,-0.6766666666666666,0.0,0.25,0.0,275.9375,2.125,24.5,0.72601318359375,-0.1446533203125,-0.15655517578125,0.65380859375,0.2811853495413832,0.4042283755220455,0.1208422397568251
1589543666.0468686,0.38,-4.16,8.93,0.43555555555555553,0.32666666666666666,-0.6766666666666666,0.125,0.375,0.125,275.9375,2.125,24.5,0.72601318359375,-0.1446533203125,-0.15655517578125,0.65380859375,0.2811853495413832,0.40103947453341987,0.1423064300506259
1589543666.0570936,0.37,-4.15,8.79,0.43555555555555553,0.32666666666666666,-0.6766666666666666,0.0,0.375,0.0625,275.9375,2.125,24.5,0.72601318359375,-0.14471435546875,-0.15655517578125,0.65380859375,0.29445862267704453,0.40103947453341987,0.1423064300506259
1589543666.0664668,0.38,-4.14,8.83,0.43555555555555553,0.32666666666666666,-0.6766666666666666,-0.125,0.0625,0.0625,275.9375,2.125,24.5,0.72601318359375,-0.14471435546875,-0.15655517578125,0.65380859375,0.29445862267704453,0.2926919490491569,0.11987490558893375
1589543666.079188,0.36,-4.14,8.88,0.43555555555555553,0.32666666666666666,-0.6766666666666666,-0.0625,0.1875,0.0625,275.9375,2.125,24.5,0.72601318359375,-0.14471435546875,-0.1566162109375,0.65380859375,0.3642899190747107,0.2811853495413832,0.1423064300506259
1589543666.0869124,0.38,-4.13,8.85,0.43555555555555553,0.30666666666666664,-0.6911111111111111,0.0,0.0625,0.0625,275.9375,2.125,24.5,0.72601318359375,-0.14471435546875,-0.1566162109375,0.65380859375,0.3642899190747107,0.2811853495413832,0.1423064300506259
1589543666.0987234,0.39,-4.12,8.79,0.43555555555555553,0.30666666666666664,-0.6911111111111111,0.0625,0.0625,0.125,275.9375,2.125,24.5,0.72601318359375,-0.14471435546875,-0.1566162109375,0.65380859375,0.29445862267704453,0.4778809308314024,0.13796295602243508
1589543666.1068704,0.41,-4.09,8.72,0.43555555555555553,0.30666666666666664,-0.6911111111111111,-0.0625,-0.0625,0.25,275.9375,2.125,24.5,0.72601318359375,-0.14471435546875,-0.1566162109375,0.65374755859375,0.29445862267704453,0.4778809308314024,0.13796295602243508
1589543666.1172366,0.42,-4.08,8.76,0.43555555555555553,0.30666666666666664,-0.6911111111111111,-0.0625,-0.125,0.3125,275.9375,2.1875,24.5,0.72601318359375,-0.14471435546875,-0.1566162109375,0.65374755859375,0.34022226900883096,0.41713108403018173,0.13796295602243508
1589543666.1335518,0.41,-4.14,8.78,0.43555555555555553,0.30666666666666664,-0.6911111111111111,0.125,0.125,0.4375,275.9375,2.1875,24.5,0.72601318359375,-0.144775390625,-0.15667724609375,0.65374755859375,0.2978707932085081,0.3379095440748334,0.12704052507623553
1589543666.1395946,0.37,-4.19,8.86,0.44222222222222224,0.32666666666666666,-0.6855555555555556,0.1875,0.0625,0.25,275.9375,2.1875,24.5,0.72601318359375,-0.144775390625,-0.15667724609375,0.65374755859375,0.2978707932085081,0.3379095440748334,0.12704052507623553
1589543666.1519756,0.36,-4.17,8.9,0.44222222222222224,0.32666666666666666,-0.6855555555555556,-0.0625,-0.125,0.0,275.9375,2.1875,24.5,0.72601318359375,-0.144775390625,-0.15667724609375,0.65374755859375,0.34022226900883096,0.3834344053953583,0.13149966380404549
1589543666.1586325,0.37,-4.13,8.78,0.44222222222222224,0.32666666666666666,-0.6855555555555556,-0.3125,0.1875,0.0,275.9375,2.1875,24.5,0.72601318359375,-0.144775390625,-0.15667724609375,0.65374755859375,0.34022226900883096,0.3834344053953583,0.13149966380404549
1589543666.1716118,0.37,-4.17,8.86,0.44222222222222224,0.32666666666666666,-0.6855555555555556,-0.375,0.0,-0.1875,275.9375,2.1875,24.5,0.72601318359375,-0.144775390625,-0.15667724609375,0.65374755859375,0.3696522432444459,0.35199575785121906,0.14185155586391207
1589543666.178918,0.37,-4.19,8.87,0.44222222222222224,0.32666666666666666,-0.6855555555555556,-0.125,-0.1875,-0.1875,275.9375,2.1875,24.5,0.72601318359375,-0.14483642578125,-0.15673828125,0.65374755859375,0.3696522432444459,0.35199575785121906,0.14185155586391207
1589543666.1907082,0.36,-4.18,8.87,0.43,0.31444444444444447,-0.67,-0.125,-0.25,-0.4375,275.9375,2.1875,24.5,0.72601318359375,-0.14483642578125,-0.15673828125,0.65374755859375,0.34232915890069343,0.4344734393227604,0.1427181542581953
1589543666.1970825,0.37,-4.18,8.91,0.43,0.31444444444444447,-0.67,-0.1875,0.0,-0.3125,275.9375,2.1875,24.5,0.72601318359375,-0.14483642578125,-0.15673828125,0.65374755859375,0.34232915890069343,0.4344734393227604,0.1427181542581953
1589543666.2104704,0.35,-4.19,8.72,0.43,0.31444444444444447,-0.67,-0.0625,-0.0625,-0.3125,275.9375,2.1875,24.5,0.72601318359375,-0.14483642578125,-0.15673828125,0.65374755859375,0.34953162930465587,0.3015432709413334,0.1409499162072325
1589543666.2171235,0.39,-4.15,8.79,0.43,0.31444444444444447,-0.67,0.0,-0.1875,-0.0625,275.9375,2.1875,24.5,0.7259521484375,-0.1448974609375,-0.15679931640625,0.65374755859375,0.34953162930465587,0.3015432709413334,0.1409499162072325
1589543666.2289608,0.4,-4.1,8.8,0.43,0.31444444444444447,-0.67,-0.1875,0.0,0.125,275.9375,2.1875,24.5,0.7259521484375,-0.1448974609375,-0.15679931640625,0.65374755859375,0.34232915890069343,0.4492681034496481,0.1427181542581953
1589543666.236939,0.07,-3.96,8.62,0.43,0.32666666666666666,-0.6855555555555556,-0.125,0.1875,0.25,275.9375,2.125,24.5625,0.7259521484375,-0.1448974609375,-0.15679931640625,0.65374755859375,0.34232915890069343,0.4492681034496481,0.1427181542581953
1589543666.247961,0.56,-4.15,9.06,0.43,0.32666666666666666,-0.6855555555555556,-0.5625,-0.8125,0.8125,275.9375,2.1875,24.5625,0.72589111328125,-0.1448974609375,-0.15679931640625,0.65380859375,0.34022226900883096,0.29445862267704453,0.1409499162072325
1589543666.2577665,0.58,-4.22,9.05,0.43,0.32666666666666666,-0.6855555555555556,-0.75,-1.3125,1.4375,275.9375,2.1875,24.5625,0.725830078125,-0.1448974609375,-0.15692138671875,0.65386962890625,0.34022226900883096,0.29445862267704453,0.1409499162072325
1589543666.2669756,0.29,-4.17,8.55,0.43,0.32666666666666666,-0.6855555555555556,1.125,1.8125,1.375,275.9375,2.125,24.5625,0.72576904296875,-0.14495849609375,-0.15679931640625,0.65399169921875,0.34022226900883096,0.3920522731410346,0.1409499162072325
1589543666.2822435,0.19,-4.16,8.8,0.43,0.32666666666666666,-0.6855555555555556,-0.0625,0.0625,0.9375,275.9375,2.125,24.5625,0.7257080078125,-0.14501953125,-0.15679931640625,0.654052734375,0.34232915890069343,0.3920522731410346,0.1423064300506259
1589543666.2899961,0.48,-4.25,9.08,0.43555555555555553,0.32,-0.67,-0.625,-0.6875,1.0625,275.875,2.125,24.5625,0.72564697265625,-0.14501953125,-0.1568603515625,0.65411376953125,0.34232915890069343,0.35199575785121906,0.13922219991869933
1589543666.3029602,0.4,-4.19,8.89,0.43555555555555553,0.32,-0.67,0.0,-0.0625,1.1875,275.875,2.125,24.5625,0.7255859375,-0.14501953125,-0.1568603515625,0.6541748046875,0.33562603819066317,0.3890400161097513,0.1423064300506259
1589543666.3098214,0.34,-4.07,8.62,0.43555555555555553,0.32,-0.67,0.4375,0.4375,0.8125,275.875,2.125,24.5625,0.72552490234375,-0.14508056640625,-0.1568603515625,0.65423583984375,0.33562603819066317,0.3890400161097513,0.1423064300506259
1589543666.3228805,0.39,-4.07,8.83,0.43555555555555553,0.32,-0.67,-0.25,-0.4375,0.75,275.875,2.125,24.5625,0.7254638671875,-0.14508056640625,-0.1568603515625,0.65423583984375,0.34953162930465587,0.34022226900883096,0.1277826025509433
1589543666.3295126,0.26,-4.01,8.63,0.43555555555555553,0.32,-0.67,0.0625,0.125,0.8125,275.875,2.125,24.5625,0.72540283203125,-0.14508056640625,-0.1568603515625,0.654296875,0.34953162930465587,0.34022226900883096,0.1277826025509433
1589543666.342074,0.53,-4.16,9.03,0.44222222222222224,0.32,-0.7,-0.5,-0.9375,1.3125,275.875,2.125,24.5625,0.725341796875,-0.14508056640625,-0.15692138671875,0.6544189453125,0.2811853495413832,0.4240506381044018,0.1423064300506259
1589543666.349525,0.3,-4.17,8.72,0.44222222222222224,0.32,-0.7,0.3125,0.5625,1.25,275.8125,2.125,24.5625,0.72528076171875,-0.14508056640625,-0.15692138671875,0.65447998046875,0.2811853495413832,0.4240506381044018,0.1423064300506259
1589543666.3618085,0.31,-4.17,8.73,0.44222222222222224,0.32,-0.7,-0.1875,-0.125,1.0,275.8125,2.125,24.5625,0.7252197265625,-0.1451416015625,-0.15692138671875,0.654541015625,0.3696522432444459,0.34232915890069343,0.1292532014968994
1589543666.3680644,0.54,-4.26,9.06,0.44222222222222224,0.32,-0.7,-0.75,-0.8125,1.0,275.8125,2.125,24.5625,0.72509765625,-0.1451416015625,-0.156982421875,0.65460205078125,0.3696522432444459,0.34232915890069343,0.1292532014968994
1589543666.3801475,0.37,-4.22,8.78,0.44222222222222224,0.32,-0.7,0.5,0.75,0.5625,275.8125,2.125,24.5625,0.72509765625,-0.14520263671875,-0.156982421875,0.654541015625,0.3805443575158459,0.34232915890069343,0.1292532014968994
1589543666.3881187,0.38,-4.12,8.94,0.4477777777777778,0.3333333333333333,-0.6788888888888889,-0.1875,0.0625,0.25,275.8125,2.125,24.5625,0.72509765625,-0.14520263671875,-0.156982421875,0.654541015625,0.3805443575158459,0.2909449891581246,0.1413993924504079
1589543666.3979962,0.5,-4.11,9.04,0.4477777777777778,0.3333333333333333,-0.6788888888888889,-0.6875,-0.9375,0.4375,275.8125,2.125,24.5625,0.72509765625,-0.14520263671875,-0.1571044921875,0.654541015625,0.3642899190747107,0.2909449891581246,0.1413993924504079
1589543666.408358,0.33,-4.07,8.63,0.4477777777777778,0.3333333333333333,-0.6788888888888889,0.5,0.75,0.4375,275.8125,2.125,24.5625,0.72509765625,-0.145263671875,-0.15704345703125,0.654541015625,0.3642899190747107,0.40103947453341987,0.1311463055065792
1589543666.4204323,0.5,-4.16,8.99,0.4477777777777778,0.3333333333333333,-0.6788888888888889,-0.375,-0.5625,0.4375,275.8125,2.125,24.5625,0.72509765625,-0.145263671875,-0.1571044921875,0.654541015625,0.3291641949951565,0.4778809308314024,0.13922219991869933
1589543666.4303346,0.32,-4.13,8.73,0.4477777777777778,0.3333333333333333,-0.6788888888888889,-0.3125,-0.375,0.625,275.8125,2.125,24.5625,0.72509765625,-0.145263671875,-0.1571044921875,0.65460205078125,0.3291641949951565,0.4778809308314024,0.13922219991869933
1589543666.4383755,0.35,-4.11,8.79,0.43,0.32,-0.6766666666666666,0.0625,0.375,0.5,275.8125,2.125,24.5625,0.72509765625,-0.145263671875,-0.1571044921875,0.65460205078125,0.2893893153577334,0.4778809308314024,0.13922219991869933
1589543666.448981,0.36,-4.09,8.88,0.43,0.32,-0.6766666666666666,-0.4375,-0.4375,0.875,275.8125,2.125,24.5625,0.72503662109375,-0.145263671875,-0.1571044921875,0.6546630859375,0.2893893153577334,0.3642899190747107,0.1427181542581953
1589543666.460518,0.34,-4.11,8.76,0.43,0.32,-0.6766666666666666,-0.375,-0.125,1.0625,275.8125,2.125,24.5625,0.7249755859375,-0.14532470703125,-0.1571044921875,0.65472412109375,0.3227201175914994,0.3834344053953583,0.13075576177870196
1589543666.4677289,0.34,-4.13,8.87,0.43,0.32,-0.6766666666666666,-0.5,-0.375,1.0,275.8125,2.125,24.5625,0.72491455078125,-0.14532470703125,-0.15704345703125,0.65478515625,0.3227201175914994,0.3834344053953583,0.13075576177870196
1589543666.4807346,0.31,-4.1,8.86,0.43,0.32,-0.6766666666666666,-0.375,-0.3125,1.3125,275.75,2.125,24.625,0.724853515625,-0.14532470703125,-0.15704345703125,0.65484619140625,0.2876789338815911,0.39510843012815433,0.1427181542581953
1589543666.4887366,0.31,-3.97,8.95,0.4222222222222222,0.3333333333333333,-0.67,-0.9375,-0.75,2.125,275.75,2.125,24.625,0.72467041015625,-0.1453857421875,-0.1571044921875,0.65496826171875,0.2876789338815911,0.39510843012815433,0.1427181542581953
1589543666.4998548,0.27,-3.85,8.89,0.4222222222222222,0.3333333333333333,-0.67,-1.125,-0.75,2.5625,275.75,2.125,24.625,0.72454833984375,-0.14544677734375,-0.15716552734375,0.6551513671875,0.3291641949951565,0.4042283755220455,0.1427181542581953
1589543666.511843,0.27,-3.77,8.75,0.4222222222222222,0.3333333333333333,-0.67,-0.9375,-0.4375,3.75,275.6875,2.0625,24.625,0.72430419921875,-0.1455078125,-0.15716552734375,0.65533447265625,0.27496052092173096,0.41408574428279465,0.1427181542581953
1589543666.5177422,0.28,-3.67,8.79,0.4222222222222222,0.3333333333333333,-0.67,-0.9375,-0.625,5.1875,275.625,2.0625,24.625,0.7239990234375,-0.1456298828125,-0.15716552734375,0.65570068359375,0.27496052092173096,0.41408574428279465,0.1427181542581953
1589543666.5306756,0.14,-3.46,8.82,0.4222222222222222,0.3333333333333333,-0.67,-1.1875,-0.875,6.8125,275.5625,2.0625,24.625,0.72357177734375,-0.145751953125,-0.1572265625,0.65606689453125,0.266019071416992,0.41408574428279465,0.1427181542581953
1589543666.5375845,-0.01,-3.3,8.85,0.43555555555555553,0.3333333333333333,-0.6766666666666666,-1.625,-1.25,9.3125,275.5,2.0,24.6875,0.7230224609375,-0.1458740234375,-0.1572265625,0.65667724609375,0.266019071416992,0.4074650127970809,0.1427181542581953
1589543666.5476215,-0.01,-3.3,8.85,0.43555555555555553,0.3333333333333333,-0.6766666666666666,-1.625,-1.25,9.3125,275.5,2.0,24.6875,0.7230224609375,-0.1458740234375,-0.1572265625,0.65667724609375,0.2718673071164087,0.41075044065421673,0.1427181542581953
1589543666.5537055,-0.03,-2.96,8.81,0.43555555555555553,0.3333333333333333,-0.6766666666666666,-1.75,-1.5625,12.5,275.375,2.0,24.6875,0.7222900390625,-0.14605712890625,-0.15728759765625,0.65740966796875,0.2718673071164087,0.41075044065421673,0.1423064300506259
1589543666.560349,0.14,-2.53,8.99,0.43555555555555553,0.3333333333333333,-0.6766666666666666,-1.0625,-1.5,16.875,275.1875,1.9375,24.6875,0.7213134765625,-0.14630126953125,-0.1572265625,0.658447265625,0.2718673071164087,0.41075044065421673,0.1423064300506259
1589543666.5687122,0.14,-2.84,8.72,0.43555555555555553,0.3333333333333333,-0.6766666666666666,1.25,0.0625,24.0,274.9375,1.8125,24.6875,0.72003173828125,-0.14654541015625,-0.1568603515625,0.659912109375,0.2876789338815911,0.41075044065421673,0.1423064300506259
1589543666.5799296,0.17,-2.92,8.97,0.43555555555555553,0.3333333333333333,-0.6766666666666666,0.5,-1.1875,30.25,274.6875,1.6875,24.6875,0.71832275390625,-0.1468505859375,-0.15655517578125,0.66180419921875,0.2876789338815911,0.4074650127970809,0.14185155586391207
1589543666.5916505,0.18,-3.03,9.0,0.45444444444444443,0.32666666666666666,-0.67,-0.125,-1.9375,35.25,274.3125,1.5625,24.6875,0.71630859375,-0.147216796875,-0.15625,0.6639404296875,0.27496052092173096,0.41408574428279465,0.14010323114733103
1589543666.5979288,0.17,-3.03,8.88,0.45444444444444443,0.32666666666666666,-0.67,0.3125,-1.6875,39.5,273.9375,1.4375,24.75,0.71405029296875,-0.14764404296875,-0.1558837890625,0.6663818359375,0.27496052092173096,0.41408574428279465,0.14010323114733103
1589543666.611827,0.21,-3.08,8.85,0.45444444444444443,0.32666666666666666,-0.67,0.5,-1.625,44.3125,273.5,1.3125,24.75,0.7115478515625,-0.14813232421875,-0.1553955078125,0.6690673828125,0.28598735499456934,0.35424139487837897,0.14452832186628542
1589543666.619649,0.13,-3.07,8.9,0.45444444444444443,0.32666666666666666,-0.67,0.3125,-2.1875,47.25,273.0625,1.125,24.625,0.708984375,-0.14788818359375,-0.1541748046875,0.67205810546875,0.28598735499456934,0.35424139487837897,0.14452832186628542
1589543666.6312325,0.13,-3.07,8.86,0.45444444444444443,0.32666666666666666,-0.67,0.3125,-2.1875,49.5625,272.5625,0.9375,24.5,0.706298828125,-0.147705078125,-0.15301513671875,0.6751708984375,0.3187595953260988,0.36695276956707285,0.14410679330355178
1589543666.6389346,0.12,-3.13,9.08,0.45444444444444443,0.31444444444444447,-0.6911111111111111,0.125,-2.75,51.125,272.0625,0.75,24.4375,0.7034912109375,-0.1475830078125,-0.15191650390625,0.67840576171875,0.3187595953260988,0.36695276956707285,0.14410679330355178
1589543666.6492515,0.1,-3.15,8.85,0.45444444444444443,0.31444444444444447,-0.6911111111111111,0.0,-2.8125,51.9375,271.5625,0.5625,24.3125,0.70062255859375,-0.1474609375,-0.15087890625,0.681640625,0.28598735499456934,0.33337121366189926,0.14410679330355178
1589543666.6633527,0.1,-3.23,8.67,0.45444444444444443,0.31444444444444447,-0.6911111111111111,0.5625,-2.0,53.0625,271.0,0.375,24.25,0.6976318359375,-0.1475830078125,-0.14996337890625,0.68487548828125,0.2779605947898692,0.34953162930465587,0.1436411163746438
1589543666.669519,-0.01,-3.32,8.84,0.45444444444444443,0.31444444444444447,-0.6911111111111111,0.625,-2.1875,53.875,270.5,0.1875,24.1875,0.694580078125,-0.147705078125,-0.1490478515625,0.68817138671875,0.2779605947898692,0.34953162930465587,0.1436411163746438
1589543666.6823199,-0.06,-3.4,8.91,0.45444444444444443,0.31444444444444447,-0.6911111111111111,0.1875,-2.5625,55.125,269.9375,0.0,24.125,0.69134521484375,-0.14801025390625,-0.148193359375,0.69146728515625,0.33136596019053416,0.34953162930465587,0.1436411163746438
1589543666.6895256,-0.08,-3.38,8.9,0.4688888888888889,0.2877777777777778,-0.6788888888888889,0.6875,-2.375,57.0625,269.375,-0.1875,24.125,0.68804931640625,-0.1483154296875,-0.1473388671875,0.69488525390625,0.33136596019053416,0.28431427739652515,0.1436411163746438
1589543666.6991904,-0.05,-3.41,8.91,0.4688888888888889,0.2877777777777778,-0.6788888888888889,0.625,-2.25,59.1875,268.8125,-0.375,24.0625,0.6845703125,-0.14862060546875,-0.146484375,0.69842529296875,0.34953162930465587,0.28431427739652515,0.12320352300403808
1589543666.7095015,-0.1,-3.51,8.81,0.4688888888888889,0.2877777777777778,-0.6788888888888889,0.3125,-2.75,60.5625,268.25,-0.5625,24.0,0.6810302734375,-0.1490478515625,-0.145751953125,0.70196533203125,0.34953162930465587,0.25760627616834847,0.1431782449240873
1589543666.720372,-0.09,-3.58,8.91,0.4688888888888889,0.2877777777777778,-0.6788888888888889,0.25,-2.875,61.8125,267.625,-0.8125,24.0,0.67730712890625,-0.1495361328125,-0.14501953125,0.70556640625,0.34022226900883096,0.25760627616834847,0.1431782449240873
1589543666.731842,-0.09,-3.52,8.87,0.4688888888888889,0.2877777777777778,-0.6788888888888889,0.1875,-2.8125,62.5625,267.0,-1.0,24.0,0.673583984375,-0.14996337890625,-0.144287109375,0.709228515625,0.34022226900883096,0.23759126105169737,0.1221663692441251
1589543666.7396572,-0.08,-3.35,8.84,0.4811111111111111,0.27555555555555555,-0.7055555555555556,0.4375,-2.9375,63.0625,266.375,-1.25,23.9375,0.6697998046875,-0.15032958984375,-0.1435546875,0.71282958984375,0.33337121366189926,0.23759126105169737,0.1221663692441251
1589543666.7494125,-0.1,-3.33,8.87,0.4811111111111111,0.27555555555555555,-0.7055555555555556,0.1875,-3.5,62.5625,265.8125,-1.4375,23.875,0.666015625,-0.150634765625,-0.142822265625,0.71649169921875,0.33337121366189926,0.41713108403018173,0.1427181542581953
1589543666.7598677,-0.13,-3.27,8.74,0.4811111111111111,0.27555555555555555,-0.7055555555555556,0.1875,-3.0625,61.8125,265.1875,-1.625,23.8125,0.66229248046875,-0.15087890625,-0.14202880859375,0.72003173828125,0.33337121366189926,0.3248417572103921,0.1427181542581953
1589543666.7698324,-0.18,-3.41,8.81,0.4811111111111111,0.27555555555555555,-0.7055555555555556,0.5,-2.75,61.1875,264.5625,-1.875,23.8125,0.6585693359375,-0.1512451171875,-0.1412353515625,0.7235107421875,0.33337121366189926,0.3248417572103921,0.1122469356207698
1589543666.781812,-0.27,-3.38,8.87,0.4811111111111111,0.27555555555555555,-0.7055555555555556,0.5625,-2.75,60.5625,264.0,-2.0625,23.75,0.6549072265625,-0.15155029296875,-0.1405029296875,0.7269287109375,0.33337121366189926,0.36192406818273803,0.13505081163430918
1589543666.7896602,-0.28,-3.37,8.98,0.4955555555555556,0.24888888888888888,-0.7,0.25,-2.8125,60.1875,263.4375,-2.25,23.6875,0.65118408203125,-0.15185546875,-0.13970947265625,0.7303466796875,0.33337121366189926,0.36192406818273803,0.13505081163430918
1589543666.8008506,-0.32,-3.4,8.87,0.4955555555555556,0.24888888888888888,-0.7,0.5625,-3.0625,60.1875,262.8125,-2.4375,23.625,0.6474609375,-0.15216064453125,-0.13897705078125,0.73370361328125,0.34232915890069343,0.3593288242735007,0.12422186501669152
1589543666.8152518,-0.34,-3.55,9.01,0.4955555555555556,0.24888888888888888,-0.7,0.25,-2.625,59.75,262.25,-2.625,23.5625,0.64373779296875,-0.1524658203125,-0.13824462890625,0.73699951171875,0.3379095440748334,0.40103947453341987,0.1478382152927509
1589543666.821484,-0.34,-3.54,8.89,0.4955555555555556,0.24888888888888888,-0.7,1.0,-1.6875,59.375,261.6875,-2.875,23.5,0.64007568359375,-0.15283203125,-0.137451171875,0.74029541015625,0.3379095440748334,0.40103947453341987,0.1478382152927509
1589543666.836648,-0.44,-3.6,8.97,0.4955555555555556,0.24888888888888888,-0.7,0.5,-2.875,57.8125,261.125,-3.0625,23.5,0.636474609375,-0.1531982421875,-0.13677978515625,0.74346923828125,0.33136596019053416,0.4457710691193347,0.12634297862979976
1589543666.8431652,-0.45,-3.56,8.94,0.4955555555555556,0.23444444444444446,-0.7211111111111111,0.1875,-2.9375,56.5625,260.5625,-3.25,23.4375,0.63287353515625,-0.153564453125,-0.13616943359375,0.74658203125,0.33136596019053416,0.4457710691193347,0.12634297862979976
1589543666.8509321,-0.53,-3.57,8.82,0.4955555555555556,0.23444444444444446,-0.7211111111111111,0.5625,-2.375,55.6875,260.0,-3.4375,23.375,0.62933349609375,-0.1539306640625,-0.13555908203125,0.74957275390625,0.33136596019053416,0.4457710691193347,0.12634297862979976
1589543666.8623335,-0.59,-3.67,8.77,0.4955555555555556,0.23444444444444446,-0.7211111111111111,0.1875,-2.8125,55.3125,259.4375,-3.625,23.375,0.62579345703125,-0.15435791015625,-0.13494873046875,0.7525634765625,0.33136596019053416,0.4457710691193347,0.14977239731682176
1589543666.8744738,-0.54,-3.51,8.82,0.4955555555555556,0.23444444444444446,-0.7211111111111111,0.25,-2.9375,55.25,258.9375,-3.8125,23.3125,0.62225341796875,-0.15472412109375,-0.13433837890625,0.7554931640625,0.33136596019053416,0.42056425696985505,0.11827294996026913
1589543666.8827069,-0.54,-3.43,8.81,0.4955555555555556,0.23444444444444446,-0.7211111111111111,0.625,-2.5,55.5,258.375,-4.0,23.25,0.61871337890625,-0.15509033203125,-0.1336669921875,0.75848388671875,0.33136596019053416,0.42056425696985505,0.11827294996026913
1589543666.8943028,-0.57,-3.44,8.91,0.5077777777777778,0.19555555555555557,-0.7211111111111111,0.625,-2.5625,55.0625,257.8125,-4.125,23.1875,0.61517333984375,-0.1553955078125,-0.13299560546875,0.76141357421875,0.3269896237620402,0.41075044065421673,0.13796295602243508
1589543666.899812,-0.57,-3.48,8.94,0.5077777777777778,0.19555555555555557,-0.7211111111111111,0.5,-2.5,54.5625,257.3125,-4.3125,23.1875,0.61163330078125,-0.15570068359375,-0.13232421875,0.7642822265625,0.3269896237620402,0.41075044065421673,0.13796295602243508
1589543666.9122164,-0.62,-3.55,9.01,0.5077777777777778,0.19555555555555557,-0.7211111111111111,0.625,-2.4375,53.8125,256.8125,-4.5,23.125,0.608154296875,-0.15594482421875,-0.13165283203125,0.76708984375,0.3379095440748334,0.3982094308317678,0.1527899913313785
1589543666.9212966,-0.66,-3.53,8.84,0.5077777777777778,0.19555555555555557,-0.7211111111111111,0.875,-1.4375,53.0,256.25,-4.6875,23.0625,0.604736328125,-0.15631103515625,-0.13092041015625,0.7698974609375,0.3379095440748334,0.3982094308317678,0.1527899913313785
1589543666.93289,-0.66,-3.5,9.06,0.5077777777777778,0.19555555555555557,-0.7211111111111111,0.8125,-2.125,52.25,255.75,-4.875,23.0,0.60137939453125,-0.15655517578125,-0.1302490234375,0.7725830078125,0.33337121366189926,0.39510843012815433,0.18652179419913176
1589543666.9407609,-0.64,-3.33,8.9,0.5222222222222223,0.19555555555555557,-0.7266666666666667,0.125,-2.75,51.0625,255.25,-5.0,22.9375,0.5980224609375,-0.15673828125,-0.129638671875,0.77520751953125,0.33337121366189926,0.39510843012815433,0.18652179419913176
1589543666.950965,-0.64,-3.26,8.98,0.5222222222222223,0.19555555555555557,-0.7266666666666667,0.3125,-2.25,50.0,254.75,-5.1875,22.875,0.59478759765625,-0.15692138671875,-0.1290283203125,0.77783203125,0.2779605947898692,0.41713108403018173,0.18652179419913176
1589543666.9648342,-0.67,-3.22,8.82,0.5222222222222223,0.19555555555555557,-0.7266666666666667,0.5625,-1.8125,48.625,254.3125,-5.3125,22.8125,0.59161376953125,-0.15704345703125,-0.12835693359375,0.78033447265625,0.266019071416992,0.40103947453341987,0.20603749302575772
1589543666.9708517,-0.71,-3.26,8.89,0.5222222222222223,0.19555555555555557,-0.7266666666666667,0.0625,-2.25,47.125,253.875,-5.4375,22.6875,0.5885009765625,-0.1571044921875,-0.127685546875,0.78271484375,0.266019071416992,0.40103947453341987,0.20603749302575772
1589543666.987825,-0.77,-3.32,8.88,0.5222222222222223,0.19555555555555557,-0.7266666666666667,0.375,-1.875,46.125,253.375,-5.625,22.625,0.58544921875,-0.1572265625,-0.1270751953125,0.78509521484375,0.3642899190747107,0.4778809308314024,0.31468770072761004
1589543666.994496,-0.75,-3.41,8.91,0.52,0.18222222222222223,-0.7477777777777778,0.875,-1.3125,45.1875,252.9375,-5.75,22.5625,0.58251953125,-0.15740966796875,-0.12640380859375,0.787353515625,0.3642899190747107,0.4778809308314024,0.31468770072761004
1589543667.001342,-0.76,-3.27,8.9,0.52,0.18222222222222223,-0.7477777777777778,0.8125,-1.0625,43.5625,252.5625,-5.875,22.5,0.57965087890625,-0.15753173828125,-0.125732421875,0.78955078125,0.3642899190747107,0.4778809308314024,0.31468770072761004
1589543667.0135145,-0.85,-3.39,8.78,0.52,0.18222222222222223,-0.7477777777777778,0.5625,-0.6875,41.25,252.125,-6.0,22.4375,0.576904296875,-0.15771484375,-0.12518310546875,0.7916259765625,0.2909449891581246,0.2909449891581246,0.31090853643828664
1589543667.0247815,-0.79,-3.2,8.76,0.52,0.18222222222222223,-0.7477777777777778,0.125,-1.125,39.375,251.75,-6.125,22.375,0.57427978515625,-0.1578369140625,-0.1246337890625,0.7935791015625,0.34232915890069343,0.26311038413585025,0.31090853643828664
1589543667.0336215,-0.86,-3.3,9.21,0.52,0.18222222222222223,-0.7477777777777778,0.8125,-2.25,37.9375,251.375,-6.25,22.3125,0.57177734375,-0.15777587890625,-0.12408447265625,0.79547119140625,0.34232915890069343,0.26311038413585025,0.3187595953260988
1589543667.045734,-0.92,-3.4,8.83,0.5277777777777778,0.16333333333333333,-0.7355555555555555,0.8125,-2.125,36.4375,251.0,-6.3125,22.25,0.5693359375,-0.1578369140625,-0.12359619140625,0.79730224609375,0.2876789338815911,0.4457710691193347,0.3128869263878623
1589543667.0512302,-0.81,-3.05,8.87,0.5277777777777778,0.16333333333333333,-0.7355555555555555,0.0625,-0.5,35.0625,250.6875,-6.4375,22.1875,0.5670166015625,-0.15789794921875,-0.12298583984375,0.79901123046875,0.2876789338815911,0.4457710691193347,0.3128869263878623
1589543667.0655882,-0.85,-3.04,8.81,0.5277777777777778,0.16333333333333333,-0.7355555555555555,0.6875,-1.125,33.9375,250.375,-6.5625,22.125,0.56475830078125,-0.1578369140625,-0.1224365234375,0.80072021484375,0.33337121366189926,0.3248417572103921,0.3248417572103921
1589543667.0712512,-1.0,-3.14,8.8,0.5277777777777778,0.16333333333333333,-0.7355555555555555,-0.125,-2.0,32.875,250.0625,-6.625,22.0625,0.56256103515625,-0.1578369140625,-0.1219482421875,0.80230712890625,0.33337121366189926,0.3248417572103921,0.3248417572103921
1589543667.084915,-1.06,-3.15,8.84,0.5277777777777778,0.16333333333333333,-0.7355555555555555,-0.25,-1.5,33.0,249.75,-6.75,22.0,0.56036376953125,-0.1578369140625,-0.12139892578125,0.803955078125,0.2926919490491569,0.36695276956707285,0.2909449891581246
1589543667.0918336,-1.12,-3.26,9.11,0.5377777777777778,0.14222222222222222,-0.7688888888888888,-0.125,-1.1875,34.75,249.375,-6.8125,21.9375,0.5579833984375,-0.157958984375,-0.12091064453125,0.8056640625,0.2926919490491569,0.36695276956707285,0.2909449891581246
1589543667.1020849,-1.06,-3.04,8.71,0.5377777777777778,0.14222222222222222,-0.7688888888888888,-0.125,-1.1875,34.75,249.0625,-6.9375,21.875,0.55560302734375,-0.1580810546875,-0.12030029296875,0.807373046875,0.33562603819066317,0.4042283755220455,0.2909449891581246
1589543667.112319,-1.03,-2.94,8.73,0.5377777777777778,0.14222222222222222,-0.7688888888888888,0.6875,0.25,36.125,248.6875,-7.0625,21.75,0.55322265625,-0.158203125,-0.11962890625,0.80908203125,0.33562603819066317,0.4042283755220455,0.3379095440748334
1589543667.1234393,-1.04,-3.07,8.99,0.5377777777777778,0.14222222222222222,-0.7688888888888888,0.1875,-3.1875,38.3125,248.3125,-7.1875,21.6875,0.55059814453125,-0.15814208984375,-0.11907958984375,0.81097412109375,0.3642899190747107,0.37769476929769935,0.3379095440748334
1589543667.1339054,-1.04,-3.13,8.9,0.5377777777777778,0.14222222222222222,-0.7688888888888888,-0.1875,-2.8125,38.625,247.9375,-7.25,21.625,0.54791259765625,-0.15814208984375,-0.11859130859375,0.8128662109375,0.3642899190747107,0.37769476929769935,0.3379095440748334
1589543667.1454015,-1.23,-3.26,8.94,0.5255555555555556,0.1288888888888889,-0.7911111111111111,-0.5625,-2.4375,39.4375,247.5625,-7.375,21.5625,0.54522705078125,-0.15826416015625,-0.1180419921875,0.814697265625,0.33337121366189926,0.4275914443905159,0.3379095440748334
1589543667.1522279,-1.27,-3.29,9.01,0.5255555555555556,0.1288888888888889,-0.7911111111111111,-0.0625,-2.125,40.875,247.125,-7.5,21.5,0.5423583984375,-0.15838623046875,-0.1175537109375,0.816650390625,0.33337121366189926,0.4275914443905159,0.3379095440748334
1589543667.163917,-1.3,-3.31,8.9,0.5255555555555556,0.1288888888888889,-0.7911111111111111,0.25,-1.375,42.4375,246.75,-7.625,21.4375,0.5394287109375,-0.15869140625,-0.116943359375,0.818603515625,0.33136596019053416,0.34232915890069343,0.33337121366189926
1589543667.1772625,-1.48,-3.43,9.04,0.5255555555555556,0.1288888888888889,-0.7911111111111111,-0.375,-2.5,44.4375,246.3125,-7.8125,21.375,0.53631591796875,-0.158935546875,-0.11651611328125,0.8206787109375,0.3269896237620402,0.4042283755220455,0.32083268013065175
1589543667.1833756,-1.53,-3.46,8.96,0.5255555555555556,0.1288888888888889,-0.7911111111111111,-0.125,-2.0,47.375,245.8125,-7.9375,21.3125,0.53302001953125,-0.1593017578125,-0.115966796875,0.8228759765625,0.3269896237620402,0.4042283755220455,0.32083268013065175
1589543667.1906805,-1.59,-3.49,8.84,0.5188888888888888,0.11666666666666667,-0.8044444444444444,0.0625,-1.875,50.9375,245.3125,-8.0625,21.25,0.52947998046875,-0.15966796875,-0.1153564453125,0.82513427734375,0.3269896237620402,0.4042283755220455,0.32083268013065175
1589543667.2011495,-1.61,-3.5,8.95,0.5188888888888888,0.11666666666666667,-0.8044444444444444,0.0625,-2.4375,54.8125,244.8125,-8.25,21.1875,0.52557373046875,-0.1600341796875,-0.11468505859375,0.82763671875,0.34022226900883096,0.32083268013065175,0.3187595953260988
1589543667.2158544,-1.58,-3.3,8.93,0.5188888888888888,0.11666666666666667,-0.8044444444444444,-0.125,-3.1875,58.9375,244.25,-8.4375,21.125,0.52142333984375,-0.16033935546875,-0.11407470703125,0.83026123046875,0.34232915890069343,0.3593288242735007,0.3187595953260988
1589543667.222757,-1.82,-3.59,9.2,0.5188888888888888,0.11666666666666667,-0.8044444444444444,0.375,-1.9375,63.375,243.625,-8.625,21.0,0.5169677734375,-0.16082763671875,-0.11328125,0.83306884765625,0.34232915890069343,0.3593288242735007,0.3227201175914994
1589543667.2361314,-1.63,-3.26,8.71,0.5188888888888888,0.11666666666666667,-0.8044444444444444,1.8125,-0.5,68.5625,242.9375,-8.875,20.875,0.51214599609375,-0.16143798828125,-0.1121826171875,0.83612060546875,0.33337121366189926,0.3567681567603077,0.3291641949951565
1589543667.2414865,-1.68,-3.28,8.85,0.5255555555555556,0.07555555555555556,-0.8333333333333334,-0.25,-3.4375,72.625,242.25,-9.125,20.8125,0.5069580078125,-0.161865234375,-0.111328125,0.83929443359375,0.33337121366189926,0.3567681567603077,0.3291641949951565
1589543667.2521935,-2.02,-3.51,9.01,0.5255555555555556,0.07555555555555556,-0.8333333333333334,-0.4375,-2.75,78.625,241.5,-9.375,20.6875,0.5013427734375,-0.16241455078125,-0.11041259765625,0.8426513671875,0.29969651553482884,0.3567681567603077,0.3291641949951565
1589543667.261274,-1.84,-3.36,8.61,0.5255555555555556,0.07555555555555556,-0.8333333333333334,0.6875,-2.6875,86.75,240.625,-9.625,20.5625,0.49517822265625,-0.1629638671875,-0.1092529296875,0.84637451171875,0.29969651553482884,0.3470995556283895,0.3291641949951565
1589543667.2723362,-1.87,-3.36,9.0,0.5255555555555556,0.07555555555555556,-0.8333333333333334,-0.25,-4.4375,93.1875,239.75,-9.875,20.375,0.48846435546875,-0.16351318359375,-0.108154296875,0.85028076171875,0.2779605947898692,0.3470995556283895,0.3291641949951565
1589543667.2851872,-1.76,-3.14,8.85,0.5255555555555556,0.07555555555555556,-0.8333333333333334,-0.0625,-3.625,99.25,238.75,-10.1875,20.25,0.48126220703125,-0.1641845703125,-0.10693359375,0.85443115234375,0.2779605947898692,0.3567681567603077,0.31090853643828664
1589543667.2918224,-1.83,-3.26,9.07,0.5644444444444444,0.01,-0.8266666666666667,0.1875,-4.0,104.3125,237.75,-10.5,20.0625,0.47369384765625,-0.164794921875,-0.10565185546875,0.858642578125,0.2876789338815911,0.3567681567603077,0.31090853643828664
1589543667.3015854,-1.73,-3.12,8.92,0.5644444444444444,0.01,-0.8266666666666667,0.25,-3.4375,108.3125,236.6875,-10.8125,19.875,0.46575927734375,-0.16552734375,-0.104248046875,0.863037109375,0.2876789338815911,0.35199575785121906,0.31090853643828664
1589543667.312558,-1.83,-3.13,8.62,0.5644444444444444,0.01,-0.8266666666666667,-0.25,-5.1875,110.875,235.625,-11.125,19.6875,0.4576416015625,-0.16607666015625,-0.1029052734375,0.867431640625,0.3696522432444459,0.3723890828255631,0.31090853643828664
1589543667.3264859,-1.9,-3.16,8.92,0.5644444444444444,0.01,-0.8266666666666667,-0.6875,-4.875,113.9375,234.5,-11.5,19.4375,0.44921875,-0.166748046875,-0.1015625,0.871826171875,0.2795642795680213,0.27496052092173096,0.3187595953260988
1589543667.3346345,-2.18,-3.35,9.0,0.5644444444444444,0.01,-0.8266666666666667,0.0625,-4.1875,117.375,233.3125,-11.8125,19.25,0.44049072265625,-0.16741943359375,-0.10003662109375,0.87628173828125,0.2795642795680213,0.27496052092173096,0.31468770072761004
1589543667.3484313,-1.88,-3.0,8.94,0.5255555555555556,-0.06,-0.8122222222222222,0.5,-3.4375,120.8125,232.1875,-12.1875,19.0,0.4315185546875,-0.168212890625,-0.09844970703125,0.88079833984375,0.34232915890069343,0.31468770072761004,0.3291641949951565
1589543667.3548145,-1.8,-2.72,8.5,0.5255555555555556,-0.06,-0.8122222222222222,-0.25,-4.4375,122.0625,231.0,-12.5,18.75,0.42236328125,-0.16888427734375,-0.096923828125,0.88525390625,0.34232915890069343,0.31468770072761004,0.3291641949951565
1589543667.3627994,-1.86,-2.81,9.23,0.5255555555555556,-0.06,-0.8122222222222222,-2.5,-8.0,122.9375,229.75,-12.8125,18.5,0.41302490234375,-0.16937255859375,-0.09564208984375,0.88970947265625,0.34232915890069343,0.31468770072761004,0.3291641949951565
1589543667.37298,-2.01,-2.92,9.34,0.5255555555555556,-0.06,-0.8122222222222222,-0.5625,-5.0,125.5,228.5625,-13.125,18.25,0.40350341796875,-0.16998291015625,-0.093994140625,0.89410400390625,0.3227201175914994,0.45321431320689676,0.3187595953260988
1589543667.3870072,-2.08,-2.83,8.74,0.5255555555555556,-0.06,-0.8122222222222222,1.1875,-2.6875,127.75,227.3125,-13.5,17.9375,0.39385986328125,-0.17071533203125,-0.0921630859375,0.8984375,0.33337121366189926,0.3805443575158459,0.28431427739652515
1589543667.3927693,-2.05,-2.7,9.01,0.5277777777777778,-0.14,-0.8188888888888889,-0.5,-5.125,129.0625,226.0625,-13.875,17.625,0.38397216796875,-0.17132568359375,-0.0904541015625,0.90277099609375,0.33337121366189926,0.3805443575158459,0.28431427739652515
1589543667.4069936,-2.09,-2.69,8.94,0.5277777777777778,-0.14,-0.8188888888888889,-0.0625,-5.125,130.5625,224.8125,-14.1875,17.375,0.37396240234375,-0.17193603515625,-0.0887451171875,0.90704345703125,0.3248417572103921,0.3805443575158459,0.34953162930465587
1589543667.4132874,-2.17,-2.68,8.98,0.5277777777777778,-0.14,-0.8188888888888889,0.1875,-5.1875,131.5625,223.5,-14.5,17.0625,0.36383056640625,-0.1724853515625,-0.08697509765625,0.91119384765625,0.3248417572103921,0.3805443575158459,0.34953162930465587
1589543667.426697,-1.9,-2.41,8.89,0.5277777777777778,-0.14,-0.8188888888888889,0.25,-4.9375,132.6875,222.1875,-14.8125,16.6875,0.35357666015625,-0.173095703125,-0.085205078125,0.915283203125,0.33337121366189926,0.41713108403018173,0.3227201175914994
1589543667.434169,-2.21,-2.63,9.16,0.5277777777777778,-0.14,-0.8188888888888889,0.4375,-4.9375,132.8125,220.9375,-15.1875,16.375,0.34320068359375,-0.17364501953125,-0.0833740234375,0.9193115234375,0.33337121366189926,0.41713108403018173,0.3227201175914994
1589543667.4427352,-2.0,-2.4,8.94,0.45666666666666667,-0.22555555555555556,-0.8177777777777778,1.0625,-4.375,132.125,219.625,-15.5,16.0,0.33294677734375,-0.1741943359375,-0.08148193359375,0.92315673828125,0.3227201175914994,0.41713108403018173,0.3227201175914994
1589543667.4540336,-2.02,-2.32,8.65,0.45666666666666667,-0.22555555555555556,-0.8177777777777778,-0.4375,-6.0,129.9375,218.375,-15.75,15.6875,0.32275390625,-0.17462158203125,-0.07977294921875,0.92681884765625,0.3227201175914994,0.41408574428279465,0.34469892955945086
1589543667.4648163,-2.11,-2.32,9.19,0.45666666666666667,-0.22555555555555556,-0.8177777777777778,-1.0,-7.0625,128.0625,217.125,-16.0,15.3125,0.3126220703125,-0.1749267578125,-0.078125,0.93035888671875,0.33337121366189926,0.41075044065421673,0.33136596019053416
1589543667.4733016,-2.17,-2.24,8.63,0.45666666666666667,-0.22555555555555556,-0.8177777777777778,1.625,-3.4375,127.375,215.875,-16.3125,15.0,0.3026123046875,-0.17547607421875,-0.076171875,0.9337158203125,0.33337121366189926,0.41075044065421673,0.33136596019053416
1589543667.484746,-2.29,-2.34,9.17,0.45666666666666667,-0.22555555555555556,-0.8177777777777778,-0.5,-6.0625,126.125,214.625,-16.5625,14.625,0.2926025390625,-0.17578125,-0.074462890625,0.93701171875,0.3128869263878623,0.4074650127970809,0.34953162930465587
1589543667.492491,-2.02,-2.15,9.08,0.4011111111111111,-0.2966666666666667,-0.7677777777777778,1.4375,-3.875,125.25,213.4375,-16.8125,14.25,0.28265380859375,-0.17620849609375,-0.0726318359375,0.94012451171875,0.3128869263878623,0.4074650127970809,0.34953162930465587
1589543667.5045874,-2.03,-2.06,9.02,0.4011111111111111,-0.2966666666666667,-0.7677777777777778,0.6875,-5.125,121.75,212.25,-17.0625,13.875,0.27294921875,-0.176513671875,-0.07086181640625,0.94305419921875,0.33337121366189926,0.4240506381044018,0.3696522432444459
1589543667.5132506,-2.28,-2.13,9.16,0.4011111111111111,-0.2966666666666667,-0.7677777777777778,-0.6875,-6.75,118.25,211.125,-17.3125,13.5625,0.26348876953125,-0.17669677734375,-0.06927490234375,0.94580078125,0.33337121366189926,0.4240506381044018,0.3696522432444459
1589543667.5253255,-2.35,-2.07,8.88,0.4011111111111111,-0.2966666666666667,-0.7677777777777778,0.5,-3.6875,115.5625,210.0,-17.5,13.1875,0.25421142578125,-0.17706298828125,-0.067626953125,0.94842529296875,0.266019071416992,0.4240506381044018,0.3470995556283895
1589543667.5407279,-2.4,-1.94,8.62,0.4011111111111111,-0.2966666666666667,-0.7677777777777778,1.1875,-3.3125,112.5,208.875,-17.75,12.875,0.24517822265625,-0.17742919921875,-0.06591796875,0.9508056640625,0.3379095440748334,0.4042283755220455,0.34022226900883096
1589543667.546787,-2.32,-1.89,8.88,0.39222222222222225,-0.31222222222222223,-0.7266666666666667,-0.1875,-5.625,107.4375,207.8125,-17.875,12.5,0.23651123046875,-0.17755126953125,-0.064453125,0.953125,0.3379095440748334,0.4042283755220455,0.34022226900883096
1589543667.5573704,-2.38,-1.92,9.58,0.39222222222222225,-0.31222222222222223,-0.7266666666666667,-0.875,-7.125,102.375,206.8125,-18.0625,12.1875,0.22821044921875,-0.17742919921875,-0.06317138671875,0.9552001953125,0.27496052092173096,0.39510843012815433,0.3379095440748334
1589543667.5634966,-2.69,-1.9,8.84,0.39222222222222225,-0.31222222222222223,-0.7266666666666667,1.0,-3.3125,98.5,205.875,-18.1875,11.875,0.22027587890625,-0.17767333984375,-0.0616455078125,0.9571533203125,0.27496052092173096,0.39510843012815433,0.3379095440748334
1589543667.5773435,-2.12,-1.58,8.27,0.39222222222222225,-0.31222222222222223,-0.7266666666666667,0.875,-6.0625,93.8125,205.0,-18.3125,11.5625,0.212646484375,-0.1776123046875,-0.060302734375,0.958984375,0.33337121366189926,0.40103947453341987,0.3269896237620402
1589543667.5852208,-2.34,-1.65,8.92,0.39222222222222225,-0.31222222222222223,-0.7266666666666667,-0.8125,-2.875,88.0625,204.125,-18.5,11.3125,0.2054443359375,-0.1778564453125,-0.05908203125,0.9605712890625,0.33337121366189926,0.40103947453341987,0.3269896237620402
1589543667.5954509,-2.58,-1.68,8.96,0.4011111111111111,-0.32666666666666666,-0.6911111111111111,-0.1875,-3.75,82.25,203.3125,-18.625,11.0625,0.19879150390625,-0.177978515625,-0.05792236328125,0.9620361328125,0.3015432709413334,0.3890400161097513,0.3269896237620402
1589543667.603919,-2.34,-1.49,8.72,0.4011111111111111,-0.32666666666666666,-0.6911111111111111,0.625,-3.1875,76.625,202.5625,-18.6875,10.8125,0.1925048828125,-0.17803955078125,-0.0567626953125,0.96331787109375,0.3015432709413334,0.3890400161097513,0.3269896237620402
1589543667.6137693,-2.42,-1.53,9.04,0.4011111111111111,-0.32666666666666666,-0.6911111111111111,0.5,-3.4375,69.6875,201.875,-18.8125,10.5625,0.18682861328125,-0.1781005859375,-0.0557861328125,0.9644775390625,0.32083268013065175,0.3920522731410346,0.3269896237620402
1589543667.6237705,-2.78,-1.63,9.38,0.4011111111111111,-0.32666666666666666,-0.6911111111111111,-0.5,-3.5625,62.0,201.3125,-18.875,10.375,0.1817626953125,-0.1781005859375,-0.05487060546875,0.96551513671875,0.32083268013065175,0.3920522731410346,0.3248417572103921
1589543667.6358898,-2.08,-1.33,8.85,0.4011111111111111,-0.32666666666666666,-0.6911111111111111,1.6875,-0.8125,55.625,200.75,-18.9375,10.1875,0.17724609375,-0.17828369140625,-0.05389404296875,0.96636962890625,0.3642899190747107,0.27496052092173096,0.3248417572103921
1589543667.6437547,-2.11,-1.34,9.4,0.4,-0.3411111111111111,-0.6855555555555556,-0.4375,-3.75,46.1875,200.3125,-19.0,10.0,0.1734619140625,-0.17816162109375,-0.05328369140625,0.96710205078125,0.3642899190747107,0.27496052092173096,0.3269896237620402
1589543667.6538413,-2.22,-1.38,9.14,0.4,-0.3411111111111111,-0.6855555555555556,-1.0,-3.4375,37.125,199.9375,-19.0625,9.875,0.17041015625,-0.17803955078125,-0.0528564453125,0.96771240234375,0.34232915890069343,0.2962453376934545,0.3269896237620402
1589543667.6639893,-2.25,-1.35,8.85,0.4,-0.3411111111111111,-0.6855555555555556,0.125,-1.75,28.375,199.6875,-19.0625,9.8125,0.16802978515625,-0.17803955078125,-0.05242919921875,0.9681396484375,0.34232915890069343,0.2962453376934545,0.23759126105169737
1589543667.6764455,-1.9,-1.26,9.27,0.4,-0.3411111111111111,-0.6855555555555556,0.25,-1.5,20.4375,199.4375,-19.0625,9.75,0.1663818359375,-0.17803955078125,-0.05218505859375,0.96844482421875,0.32083268013065175,0.4457710691193347,0.32083268013065175
1589543667.6855686,-2.29,-1.17,8.91,0.4,-0.3411111111111111,-0.6855555555555556,0.125,-0.75,11.8125,199.375,-19.125,9.6875,0.1654052734375,-0.177978515625,-0.052001953125,0.9686279296875,0.32083268013065175,0.4457710691193347,0.32083268013065175
1589543667.6960638,-2.36,-1.3,9.62,0.4,-0.3411111111111111,-0.7122222222222222,-0.625,-1.8125,1.9375,199.3125,-19.0625,9.6875,0.16522216796875,-0.1778564453125,-0.05206298828125,0.96868896484375,0.3248417572103921,0.3696522432444459,0.26311038413585025
1589543667.709128,-2.17,-1.12,8.7,0.4,-0.3411111111111111,-0.7122222222222222,1.5625,1.875,-7.6875,199.4375,-18.9375,9.625,0.16595458984375,-0.1767578125,-0.05181884765625,0.96875,0.33136596019053416,0.34953162930465587,0.27496052092173096
1589543667.7151673,-2.69,-1.34,9.29,0.4,-0.3411111111111111,-0.7122222222222222,-0.625,-1.6875,-18.3125,199.5625,-18.875,9.6875,0.16741943359375,-0.176513671875,-0.05218505859375,0.96856689453125,0.33136596019053416,0.34953162930465587,0.27496052092173096
1589543667.7282755,-2.27,-1.29,9.22,0.4,-0.3411111111111111,-0.7122222222222222,-2.1875,-1.75,-26.875,199.8125,-18.8125,9.8125,0.16961669921875,-0.17633056640625,-0.052734375,0.96820068359375,0.33337121366189926,0.3291641949951565,0.27496052092173096
1589543667.7364275,-1.5,-1.11,9.03,0.4,-0.3411111111111111,-0.7122222222222222,0.125,1.8125,-35.8125,200.1875,-18.8125,9.9375,0.17254638671875,-0.17626953125,-0.05328369140625,0.9676513671875,0.33337121366189926,0.3291641949951565,0.33562603819066317
1589543667.7433195,-1.68,-1.12,8.74,0.39222222222222225,-0.3388888888888889,-0.6855555555555556,2.625,3.3125,-47.8125,200.6875,-18.75,10.0625,0.176513671875,-0.17633056640625,-0.0537109375,0.9669189453125,0.33337121366189926,0.3291641949951565,0.33562603819066317
1589543667.7552476,-0.36,-0.71,8.96,0.39222222222222225,-0.3388888888888889,-0.6855555555555556,-1.9375,0.4375,-65.5625,201.3125,-18.625,10.3125,0.18182373046875,-0.176025390625,-0.05487060546875,0.96588134765625,0.33136596019053416,0.5404858756862139,0.3470995556283895
1589543667.7646902,-0.27,-0.91,8.59,0.39222222222222225,-0.3388888888888889,-0.6855555555555556,-1.1875,3.5625,-96.25,202.25,-18.5,10.625,0.189697265625,-0.1759033203125,-0.05633544921875,0.96429443359375,0.33337121366189926,0.5404858756862139,0.3470995556283895
1589543667.7747061,-1.26,-1.99,9.45,0.39222222222222225,-0.3388888888888889,-0.6855555555555556,-0.8125,5.125,-131.75,203.5,-18.3125,11.0625,0.20037841796875,-0.17572021484375,-0.05828857421875,0.9620361328125,0.33337121366189926,0.14452832186628542,0.3187595953260988
1589543667.7863574,-0.64,-1.91,8.41,0.39222222222222225,-0.3388888888888889,-0.6855555555555556,0.6875,9.625,-158.75,205.0625,-18.125,11.5625,0.21337890625,-0.1756591796875,-0.0604248046875,0.95916748046875,0.33337121366189926,0.14410679330355178,0.3187595953260988
1589543667.7934706,-0.65,-1.81,9.22,0.41,-0.29777777777777775,-0.7,-1.0,6.8125,-187.6875,206.875,-17.8125,12.125,0.22857666015625,-0.17529296875,-0.0631103515625,0.95556640625,0.33337121366189926,0.14410679330355178,0.33136596019053416
1589543667.8044279,-0.65,-1.81,9.22,0.41,-0.29777777777777775,-0.7,-1.0,6.8125,-187.6875,206.875,-17.8125,12.125,0.22857666015625,-0.17529296875,-0.0631103515625,0.95556640625,0.33337121366189926,0.1277826025509433,0.33562603819066317
1589543667.814467,-1.81,-2.6,9.2,0.41,-0.29777777777777775,-0.7,-2.8125,10.625,-243.125,211.375,-16.9375,13.625,0.26568603515625,-0.17425537109375,-0.0701904296875,0.945556640625,0.33337121366189926,0.1277826025509433,0.33562603819066317
1589543667.8243525,-2.02,-2.76,8.15,0.41,-0.29777777777777775,-0.7,2.3125,15.5,-250.75,213.8125,-16.5,14.3125,0.2857666015625,-0.17388916015625,-0.0733642578125,0.93951416015625,0.33337121366189926,0.12959707262420406,0.33562603819066317
1589543667.8363724,-2.64,-2.93,8.89,0.41,-0.29777777777777775,-0.7,-1.375,11.6875,-255.75,216.3125,-16.0,15.0,0.30609130859375,-0.1732177734375,-0.076904296875,0.9329833984375,0.33337121366189926,0.12959707262420406,0.3227201175914994
1589543667.8482766,-2.79,-3.02,9.5,0.4622222222222222,-0.26666666666666666,-0.7055555555555556,-5.1875,7.25,-254.3125,218.75,-15.4375,15.75,0.32598876953125,-0.1722412109375,-0.080810546875,0.926025390625,0.34232915890069343,0.16718914608078803,0.3248417572103921
1589543667.8582518,-3.15,-3.07,8.63,0.4622222222222222,-0.26666666666666666,-0.7055555555555556,-0.75,12.0625,-245.9375,221.125,-14.875,16.375,0.34521484375,-0.1715087890625,-0.0841064453125,0.91888427734375,0.3379095440748334,0.19586756439365977,0.3248417572103921
1589543667.8646631,-2.7,-3.13,8.86,0.4622222222222222,-0.26666666666666666,-0.7055555555555556,-0.5625,11.75,-236.6875,223.4375,-14.3125,16.9375,0.3636474609375,-0.17071533203125,-0.087158203125,0.91162109375,0.3379095440748334,0.19586756439365977,0.3187595953260988
1589543667.8803232,-2.76,-3.26,8.65,0.4622222222222222,-0.26666666666666666,-0.7055555555555556,-1.6875,9.5625,-228.1875,225.6875,-13.75,17.5,0.38116455078125,-0.1697998046875,-0.09027099609375,0.904296875,0.3696522432444459,0.14877463858512233,0.3291641949951565
1589543667.8867574,-3.15,-3.76,9.8,0.4622222222222222,-0.26666666666666666,-0.7055555555555556,-2.1875,8.75,-217.75,227.8125,-13.1875,18.0,0.39776611328125,-0.1688232421875,-0.09326171875,0.89697265625,0.3696522432444459,0.14877463858512233,0.3291641949951565
1589543667.9001095,-2.94,-3.83,8.54,0.5344444444444445,-0.18777777777777777,-0.7055555555555556,0.8125,12.6875,-200.1875,229.75,-12.6875,18.4375,0.4129638671875,-0.16815185546875,-0.09564208984375,0.88995361328125,0.27496052092173096,0.16899545024994653,0.26311038413585025
1589543667.9069595,-2.55,-3.65,9.35,0.5344444444444445,-0.18777777777777777,-0.7055555555555556,-1.9375,6.0,-183.1875,231.5625,-12.1875,18.8125,0.4267578125,-0.16717529296875,-0.09814453125,0.88336181640625,0.27496052092173096,0.16899545024994653,0.26311038413585025
1589543667.918816,-2.8,-3.57,9.53,0.5344444444444445,-0.18777777777777777,-0.7055555555555556,-2.25,7.125,-167.5625,233.1875,-11.75,19.1875,0.439208984375,-0.1663818359375,-0.10040283203125,0.8770751953125,0.3642899190747107,0.3379095440748334,0.32083268013065175
1589543667.9257429,-2.77,-3.6,7.9,0.5344444444444445,-0.18777777777777777,-0.7055555555555556,2.0625,11.25,-151.75,234.6875,-11.3125,19.4375,0.4505615234375,-0.16583251953125,-0.10198974609375,0.87127685546875,0.3642899190747107,0.3379095440748334,0.32083268013065175
1589543667.9372685,-2.56,-3.51,9.97,0.5344444444444445,-0.18777777777777777,-0.7055555555555556,-4.1875,0.875,-142.5625,236.0625,-10.875,19.75,0.4609375,-0.16485595703125,-0.104248046875,0.86572265625,0.3642899190747107,0.34022226900883096,0.32083268013065175
1589543667.9442792,-2.35,-3.38,9.19,0.5933333333333334,-0.18777777777777777,-0.7,-2.875,3.9375,-129.25,237.3125,-10.5,20.0,0.47039794921875,-0.1640625,-0.1060791015625,0.86053466796875,0.3642899190747107,0.34022226900883096,0.26883851941761866
1589543667.9593515,-2.67,-3.83,8.98,0.5933333333333334,-0.18777777777777777,-0.7,2.75,9.75,-112.5625,238.375,-10.1875,20.1875,0.47869873046875,-0.1636962890625,-0.1070556640625,0.85595703125,0.2962453376934545,0.3723890828255631,0.31090853643828664
1589543667.9657028,-2.19,-3.6,8.96,0.5933333333333334,-0.18777777777777777,-0.7,0.125,5.9375,-99.0625,239.375,-9.9375,20.3125,0.48583984375,-0.1632080078125,-0.10821533203125,0.851806640625,0.2962453376934545,0.3723890828255631,0.31090853643828664
1589543667.9754815,-2.44,-4.01,10.01,0.5933333333333334,-0.18777777777777777,-0.7,-3.75,-1.5,-87.5625,240.1875,-9.625,20.5,0.4920654296875,-0.16241455078125,-0.1097412109375,0.84820556640625,0.33337121366189926,0.2962453376934545,0.31090853643828664
1589543667.9869845,-2.07,-3.57,8.09,0.5933333333333334,-0.18777777777777777,-0.7,0.375,5.4375,-74.0,240.9375,-9.4375,20.625,0.4974365234375,-0.16217041015625,-0.11053466796875,0.84503173828125,0.33337121366189926,0.2962453376934545,0.31468770072761004
1589543667.9978662,-1.93,-3.83,9.24,0.84,-0.4922222222222222,-0.5166666666666667,0.0625,2.1875,-63.8125,241.5625,-9.1875,20.75,0.50201416015625,-0.16168212890625,-0.11126708984375,0.84228515625,0.29969651553482884,0.3723890828255631,0.34953162930465587
1589543668.0052655,-1.91,-3.81,8.62,0.84,-0.4922222222222222,-0.5166666666666667,-0.3125,3.25,-56.375,242.125,-9.0625,20.8125,0.50604248046875,-0.16143798828125,-0.1119384765625,0.83984375,0.29969651553482884,0.3723890828255631,0.34953162930465587
1589543668.0163548,-1.94,-4.07,8.67,0.84,-0.4922222222222222,-0.5166666666666667,-0.25,3.0625,-49.0,242.5625,-8.9375,20.875,0.509521484375,-0.1611328125,-0.11248779296875,0.83770751953125,0.33337121366189926,0.375164051001777,0.3248417572103921
1589543668.0260415,-1.88,-4.04,9.25,0.84,-0.4922222222222222,-0.5166666666666667,-1.0625,0.25,-44.0625,243.0,-8.75,20.9375,0.51263427734375,-0.1607666015625,-0.1131591796875,0.8358154296875,0.33337121366189926,0.375164051001777,0.3248417572103921
1589543668.0372431,-1.75,-3.89,8.72,0.84,-0.4922222222222222,-0.5166666666666667,-0.5,2.5625,-39.1875,243.375,-8.625,21.0,0.51544189453125,-0.16058349609375,-0.113525390625,0.83404541015625,0.2978707932085081,0.42056425696985505,0.3470995556283895
1589543668.0445876,-1.75,-3.9,9.26,1.508888888888889,-0.16666666666666666,-0.3466666666666667,-0.5,1.0,-36.0,243.75,-8.5,21.0625,0.51800537109375,-0.16033935546875,-0.114013671875,0.83245849609375,0.2978707932085081,0.42056425696985505,0.3470995556283895
1589543668.0551355,-1.75,-3.9,9.26,1.508888888888889,-0.16666666666666666,-0.3466666666666667,-0.5,1.0,-36.0,243.75,-8.5,21.0625,0.51800537109375,-0.16033935546875,-0.114013671875,0.83245849609375,0.34232915890069343,0.42056425696985505,0.41713108403018173
1589543668.0606554,-1.58,-3.82,8.8,1.508888888888889,-0.16666666666666666,-0.3466666666666667,-0.3125,1.5625,-32.8125,244.0625,-8.4375,21.125,0.52032470703125,-0.16009521484375,-0.1143798828125,0.83099365234375,0.34232915890069343,0.42056425696985505,0.41713108403018173
1589543668.0715914,-1.66,-3.96,8.73,1.508888888888889,-0.16666666666666666,-0.3466666666666667,-0.3125,1.4375,-30.75,244.375,-8.3125,21.125,0.5224609375,-0.159912109375,-0.11474609375,0.82965087890625,0.2876789338815911,0.41075044065421673,0.3890400161097513
1589543668.0776837,-1.69,-4.14,9.55,1.508888888888889,-0.16666666666666666,-0.3466666666666667,-0.6875,0.3125,-29.4375,244.625,-8.25,21.1875,0.5245361328125,-0.15966796875,-0.11517333984375,0.82830810546875,0.2876789338815911,0.41075044065421673,0.3890400161097513
1589543668.0914881,-1.41,-3.59,7.83,1.508888888888889,-0.16666666666666666,-0.3466666666666667,1.75,5.25,-27.3125,244.9375,-8.1875,21.1875,0.5264892578125,-0.15966796875,-0.11517333984375,0.8270263671875,0.33337121366189926,0.4240506381044018,0.3834344053953583
1589543668.0974412,-1.14,-3.6,8.95,0.8777777777777778,0.024444444444444446,-0.7266666666666667,0.0625,0.6875,-27.625,245.1875,-8.0625,21.25,0.5284423828125,-0.15948486328125,-0.11553955078125,0.8258056640625,0.33337121366189926,0.4240506381044018,0.3834344053953583
1589543668.1101472,-1.01,-3.49,8.21,0.8777777777777778,0.024444444444444446,-0.7266666666666667,-0.625,-0.5625,-29.5,245.5,-8.0,21.3125,0.530517578125,-0.1591796875,-0.115966796875,0.824462890625,0.2876789338815911,0.4240506381044018,0.3227201175914994
1589543668.1167874,-1.17,-3.67,8.45,0.8777777777777778,0.024444444444444446,-0.7266666666666667,1.5625,4.0625,-32.0,245.8125,-7.9375,21.3125,0.53277587890625,-0.15911865234375,-0.1160888671875,0.822998046875,0.2876789338815911,0.4240506381044018,0.3227201175914994
1589543668.127199,-1.2,-3.77,9.24,0.8777777777777778,0.024444444444444446,-0.7266666666666667,-2.25,-1.9375,-37.3125,246.1875,-7.75,21.375,0.53533935546875,-0.15869140625,-0.1168212890625,0.82135009765625,0.34232915890069343,0.46924345517404525,0.3227201175914994
1589543668.137717,-1.37,-3.9,9.41,0.8777777777777778,0.024444444444444446,-0.7266666666666667,-1.375,-0.5,-40.0625,246.5625,-7.625,21.4375,0.5380859375,-0.15838623046875,-0.11749267578125,0.81951904296875,0.34232915890069343,0.46924345517404525,0.3227201175914994
1589543668.146724,-1.33,-3.98,8.73,0.6266666666666667,0.06888888888888889,-0.7477777777777778,1.1875,4.4375,-40.8125,246.9375,-7.5,21.5,0.54095458984375,-0.158203125,-0.11773681640625,0.81756591796875,0.25231358798780756,0.46924345517404525,0.3227201175914994
1589543668.1562302,-1.34,-3.91,9.46,0.6266666666666667,0.06888888888888889,-0.7477777777777778,-1.25,-1.0,-42.9375,247.375,-7.375,21.5625,0.5439453125,-0.15777587890625,-0.11846923828125,0.81561279296875,0.25231358798780756,0.4344734393227604,0.31090853643828664
1589543668.1694405,-0.95,-3.26,8.77,0.6266666666666667,0.06888888888888889,-0.7477777777777778,-1.1875,-0.1875,-43.4375,247.8125,-7.1875,21.625,0.546875,-0.15740966796875,-0.11907958984375,0.8135986328125,0.34022226900883096,0.3982094308317678,0.31468770072761004
1589543668.1772568,-1.11,-3.52,8.74,0.6266666666666667,0.06888888888888889,-0.7477777777777778,0.8125,4.5,-41.75,248.1875,-7.0625,21.6875,0.5498046875,-0.1572265625,-0.119384765625,0.81158447265625,0.34022226900883096,0.3982094308317678,0.31468770072761004
1589543668.1881428,-1.2,-3.82,8.55,0.6266666666666667,0.06888888888888889,-0.7477777777777778,1.125,4.125,-41.25,248.625,-7.0,21.6875,0.55267333984375,-0.1571044921875,-0.11968994140625,0.80963134765625,0.2909449891581246,0.316711414149526,0.3248417572103921
1589543668.197182,-1.13,-3.72,8.44,0.5777777777777777,0.12,-0.7622222222222222,-0.1875,3.25,-41.375,249.0,-6.875,21.75,0.5555419921875,-0.15692138671875,-0.1201171875,0.80767822265625,0.2909449891581246,0.316711414149526,0.3248417572103921
1589543668.2093232,-1.01,-3.59,9.51,0.5777777777777777,0.12,-0.7622222222222222,-1.625,-1.75,-42.9375,249.4375,-6.6875,21.8125,0.5584716796875,-0.15643310546875,-0.120849609375,0.8056640625,0.34953162930465587,0.37769476929769935,0.3593288242735007
1589543668.2171025,-1.08,-3.8,8.66,0.5777777777777777,0.12,-0.7622222222222222,-0.375,1.5625,-42.625,249.8125,-6.5625,21.875,0.56134033203125,-0.15606689453125,-0.121337890625,0.8035888671875,0.34953162930465587,0.37769476929769935,0.3593288242735007
1589543668.2296267,-1.21,-4.09,9.37,0.5777777777777777,0.12,-0.7622222222222222,0.25,2.0,-43.0,250.25,-6.4375,21.875,0.56427001953125,-0.15576171875,-0.121826171875,0.801513671875,0.33136596019053416,0.3015432709413334,0.3269896237620402
1589543668.2430089,-1.03,-3.71,8.09,0.5777777777777777,0.12,-0.7622222222222222,0.75,3.5625,-43.625,250.6875,-6.3125,21.9375,0.56732177734375,-0.155517578125,-0.1221923828125,0.79937744140625,0.30702113579835705,0.3723890828255631,0.35424139487837897
1589543668.24889,-0.86,-3.42,8.84,0.5666666666666667,0.13333333333333333,-0.7833333333333333,-1.5625,-0.375,-45.3125,251.125,-6.125,22.0,0.5703125,-0.1551513671875,-0.12286376953125,0.7972412109375,0.30702113579835705,0.3723890828255631,0.35424139487837897
1589543668.2615366,-0.8,-3.42,8.59,0.5666666666666667,0.13333333333333333,-0.7833333333333333,-1.25,-1.0,-45.6875,251.5625,-5.9375,22.0625,0.5733642578125,-0.1546630859375,-0.12359619140625,0.79498291015625,0.3696522432444459,0.3248417572103921,0.32083268013065175
1589543668.2681372,-0.86,-3.68,8.38,0.5666666666666667,0.13333333333333333,-0.7833333333333333,1.25,4.0,-44.875,252.0,-5.8125,22.0625,0.57647705078125,-0.1544189453125,-0.1239013671875,0.79278564453125,0.3696522432444459,0.3248417572103921,0.32083268013065175
1589543668.2803535,-0.99,-3.82,9.44,0.5666666666666667,0.13333333333333333,-0.7833333333333333,-1.625,-0.125,-46.5,252.4375,-5.625,22.125,0.57952880859375,-0.15399169921875,-0.1246337890625,0.79046630859375,0.33337121366189926,0.30702113579835705,0.25760627616834847
1589543668.2887855,-1.1,-3.83,9.15,0.5666666666666667,0.13333333333333333,-0.7833333333333333,-0.6875,1.5,-46.125,252.9375,-5.5,22.1875,0.5826416015625,-0.15362548828125,-0.12518310546875,0.7882080078125,0.33337121366189926,0.30702113579835705,0.25760627616834847
1589543668.300818,-0.86,-3.45,8.93,0.5511111111111111,0.14222222222222222,-0.7766666666666666,-2.25,1.625,-43.625,253.3125,-5.375,22.25,0.58551025390625,-0.15338134765625,-0.1258544921875,0.7860107421875,0.33562603819066317,0.27637402339506756,0.316711414149526
1589543668.3070118,-0.95,-3.94,9.04,0.5511111111111111,0.14222222222222222,-0.7766666666666666,1.625,2.5,-40.8125,253.75,-5.25,22.25,0.5882568359375,-0.153076171875,-0.12615966796875,0.783935546875,0.33562603819066317,0.27637402339506756,0.316711414149526
1589543668.3209884,-0.89,-3.84,8.32,0.5511111111111111,0.14222222222222222,-0.7766666666666666,2.5625,3.625,-39.75,254.125,-5.125,22.25,0.59100341796875,-0.15277099609375,-0.12628173828125,0.781982421875,0.3187595953260988,0.3805443575158459,0.2192711697691173
1589543668.3269935,-1.06,-4.4,9.07,0.5511111111111111,0.14222222222222222,-0.7766666666666666,-1.9375,-0.625,-39.3125,254.5,-4.9375,22.3125,0.59356689453125,-0.15240478515625,-0.126953125,0.77996826171875,0.3187595953260988,0.3805443575158459,0.2192711697691173
1589543668.3388836,-0.94,-4.27,8.2,0.5511111111111111,0.14222222222222222,-0.7766666666666666,1.0625,2.8125,-35.4375,254.875,-4.875,22.375,0.59588623046875,-0.15216064453125,-0.127197265625,0.7781982421875,0.3187595953260988,0.4308257391109686,0.27496052092173096
1589543668.3466227,-0.84,-4.14,9.53,0.5244444444444445,0.15444444444444444,-0.7477777777777778,0.1875,-0.0625,-29.5,255.125,-4.75,22.375,0.59783935546875,-0.15179443359375,-0.1275634765625,0.77667236328125,0.3187595953260988,0.4308257391109686,0.27496052092173096
1589543668.361325,-0.57,-3.49,8.26,0.5244444444444445,0.15444444444444444,-0.7477777777777778,0.4375,0.5,-26.6875,255.375,-4.625,22.375,0.599609375,-0.15155029296875,-0.1279296875,0.77532958984375,0.22644579565399758,0.36192406818273803,0.25760627616834847
1589543668.368613,-0.51,-3.39,9.07,0.5244444444444445,0.15444444444444444,-0.7477777777777778,0.125,2.4375,-24.4375,255.625,-4.5625,22.375,0.60125732421875,-0.15142822265625,-0.12811279296875,0.7740478515625,0.22644579565399758,0.36192406818273803,0.25760627616834847
1589543668.3805163,-9.52,-14.94,12.2,0.5244444444444445,0.15444444444444444,-0.7477777777777778,0.0625,-1.0,-25.625,255.875,-4.5,22.4375,0.6029052734375,-0.15106201171875,-0.12847900390625,0.77276611328125,0.22753801560653777,0.3696522432444459,0.27496052092173096
1589543668.3917274,-20.54,-24.02,1.13,0.5244444444444445,0.15444444444444444,-0.7477777777777778,-0.9375,14.625,-87.1875,256.75,-4.3125,22.5,0.60870361328125,-0.151123046875,-0.12890625,0.76812744140625,0.2222782388442573,0.3696522432444459,0.27496052092173096
1589543668.3977227,-1.81,-4.36,9.07,0.5133333333333333,0.19666666666666666,-0.7622222222222222,-82.5,-73.9375,-482.375,261.25,-1.8125,23.5,0.6375732421875,-0.14520263671875,-0.14410400390625,0.74267578125,0.2222782388442573,0.4457710691193347,0.27496052092173096
1589543668.4125311,-3.75,-4.31,12.77,0.5133333333333333,0.19666666666666666,-0.7622222222222222,-47.1875,15.9375,-456.5,265.6875,-0.125,24.0625,0.66534423828125,-0.14306640625,-0.1517333984375,0.716796875,0.22439736427242424,0.42056425696985505,0.27496052092173096
1589543668.4186401,-2.42,-2.45,6.41,0.5133333333333333,0.19666666666666666,-0.7622222222222222,18.3125,96.0,-379.875,269.5625,0.4375,23.875,0.689453125,-0.1429443359375,-0.14971923828125,0.69415283203125,0.22439736427242424,0.42056425696985505,0.27496052092173096
1589543668.4325926,-1.4,-0.87,8.49,0.5133333333333333,0.19666666666666666,-0.7622222222222222,93.0625,44.125,-325.1875,272.8125,1.3125,22.9375,0.70989990234375,-0.13592529296875,-0.14556884765625,0.67559814453125,0.2192711697691173,0.461304233506186,0.3034114163524859
1589543668.4391446,-0.39,-2.92,11.91,0.5133333333333333,0.19666666666666666,-0.7622222222222222,-1.625,3.8125,-265.5625,275.375,2.25,22.875,0.72491455078125,-0.1329345703125,-0.1484375,0.659423828125,0.2192711697691173,0.461304233506186,0.3034114163524859
1589543668.4517648,-0.77,-2.02,8.98,0.45444444444444443,0.3233333333333333,-0.7566666666666667,-32.0625,-5.1875,-211.1875,277.4375,3.125,23.0625,0.736083984375,-0.1319580078125,-0.15289306640625,0.64605712890625,0.21724129330266592,0.41075044065421673,0.282659406116019
1589543668.4584775,-2.09,-7.59,7.87,0.45444444444444443,0.3233333333333333,-0.7566666666666667,14.625,22.3125,-175.375,279.1875,3.5625,22.8125,0.74603271484375,-0.12994384765625,-0.15264892578125,0.635009765625,0.21724129330266592,0.41075044065421673,0.282659406116019
1589543668.4715364,1.02,2.23,5.23,0.45444444444444443,0.3233333333333333,-0.7566666666666667,3.5,12.0,-108.5625,280.25,3.875,22.75,0.75201416015625,-0.12896728515625,-0.15289306640625,0.6280517578125,0.2143596438338994,0.3982094308317678,0.3051113371361419
1589543668.478415,2.35,0.19,10.52,0.45444444444444443,0.3233333333333333,-0.7566666666666667,-6.6875,2.375,3.875,280.1875,3.8125,22.8125,0.75177001953125,-0.12957763671875,-0.15301513671875,0.628173828125,0.2143596438338994,0.3982094308317678,0.3051113371361419
1589543668.4895356,2.44,-1.46,10.52,0.45444444444444443,0.3233333333333333,-0.7566666666666667,4.625,-12.125,18.375,280.0,3.875,22.75,0.75067138671875,-0.12890625,-0.15338134765625,0.62957763671875,0.21338248206173208,0.4381793078164114,0.3051113371361419
1589543668.4971516,0.44,-2.83,8.28,0.37777777777777777,0.39555555555555555,-0.7411111111111112,1.5625,4.875,19.5625,279.8125,3.75,22.75,0.749755859375,-0.12933349609375,-0.15277099609375,0.6307373046875,0.21338248206173208,0.4381793078164114,0.34022226900883096
1589543668.5093114,0.69,-2.13,7.43,0.37777777777777777,0.39555555555555555,-0.7411111111111112,0.0625,5.75,33.5625,279.5,3.5625,22.75,0.74798583984375,-0.13006591796875,-0.1519775390625,0.6328125,0.20695259594052973,0.3227201175914994,0.30702113579835705
1589543668.5176358,0.87,-4.16,10.19,0.37777777777777777,0.39555555555555555,-0.7411111111111112,1.375,-2.5625,59.8125,278.9375,3.375,22.8125,0.74481201171875,-0.130615234375,-0.15142822265625,0.63665771484375,0.20695259594052973,0.3227201175914994,0.30702113579835705
1589543668.527755,0.74,-4.02,8.44,0.37777777777777777,0.39555555555555555,-0.7411111111111112,0.0625,-5.875,62.5625,278.3125,3.1875,22.8125,0.7413330078125,-0.13104248046875,-0.151123046875,0.640625,0.18435148546995575,0.36695276956707285,0.30702113579835705
1589543668.5457196,0.49,-3.97,9.04,0.37777777777777777,0.39555555555555555,-0.7411111111111112,1.375,-0.3125,66.25,277.6875,2.9375,22.875,0.73773193359375,-0.1318359375,-0.15032958984375,0.644775390625,0.2096498673068701,0.316711414149526,0.31090853643828664
1589543668.5515153,0.36,-3.71,8.86,0.4,0.39444444444444443,-0.7355555555555555,2.8125,-2.6875,72.25,276.9375,2.6875,22.875,0.73382568359375,-0.13238525390625,-0.1495361328125,0.64935302734375,0.2096498673068701,0.316711414149526,0.31090853643828664
1589543668.5636199,0.23,-4.24,8.7,0.4,0.39444444444444443,-0.7355555555555555,1.0,-2.9375,77.1875,276.1875,2.4375,22.875,0.7294921875,-0.1331787109375,-0.1488037109375,0.6541748046875,0.19586756439365977,0.3642899190747107,0.31468770072761004
1589543668.5698268,0.56,-4.14,8.66,0.4,0.39444444444444443,-0.7355555555555555,-1.75,-4.3125,81.625,275.375,2.125,22.9375,0.72491455078125,-0.134033203125,-0.148193359375,0.6591796875,0.19586756439365977,0.3642899190747107,0.31468770072761004
1589543668.583585,0.41,-4.27,8.85,0.4,0.39444444444444443,-0.7355555555555555,-0.0625,-5.5,85.3125,274.5625,1.875,22.9375,0.7200927734375,-0.13482666015625,-0.1475830078125,0.66448974609375,0.18509451232860763,0.3015432709413334,0.35199575785121906
1589543668.5899925,0.17,-4.21,8.67,0.4,0.39444444444444443,-0.7355555555555555,1.8125,-3.9375,88.0625,273.6875,1.5625,22.9375,0.715087890625,-0.13555908203125,-0.146728515625,0.66986083984375,0.18509451232860763,0.3015432709413334,0.35199575785121906
1589543668.6003394,2.96,-8.27,8.7,0.41333333333333333,0.36444444444444446,-0.7355555555555555,1.3125,-4.25,92.1875,272.8125,1.25,23.0,0.70977783203125,-0.13641357421875,-0.1458740234375,0.67547607421875,0.21241361521213942,0.3015432709413334,0.35199575785121906
1589543668.6085296,2.04,-6.1,7.5,0.41333333333333333,0.36444444444444446,-0.7355555555555555,-3.1875,-8.9375,83.375,272.0,1.0625,23.0,0.70489501953125,-0.1370849609375,-0.1456298828125,0.6805419921875,0.21241361521213942,0.26883851941761866,0.35199575785121906
1589543668.622515,-0.45,-3.76,8.54,0.41333333333333333,0.36444444444444446,-0.7355555555555555,-5.375,-6.1875,43.75,271.5625,0.9375,23.0625,0.70220947265625,-0.1375732421875,-0.145751953125,0.68316650390625,0.1880465837723575,0.3015432709413334,0.35424139487837897
1589543668.6281948,-0.64,-3.45,7.97,0.41333333333333333,0.36444444444444446,-0.7355555555555555,6.375,4.8125,24.5,271.3125,0.8125,23.0,0.700927734375,-0.1378173828125,-0.14483642578125,0.68463134765625,0.1880465837723575,0.3015432709413334,0.35424139487837897
1589543668.6409385,0.24,-4.22,8.98,0.41333333333333333,0.36444444444444446,-0.7355555555555555,-0.25,-1.1875,6.8125,271.25,0.75,23.0,0.70050048828125,-0.1378173828125,-0.14483642578125,0.68505859375,0.21534520499234777,0.3015432709413334,0.35424139487837897
1589543668.6481745,0.06,-4.22,8.71,0.43333333333333335,0.3377777777777778,-0.7411111111111112,-2.1875,-3.8125,-1.375,271.25,0.8125,23.0625,0.7005615234375,-0.1376953125,-0.14520263671875,0.68499755859375,0.21534520499234777,0.3805443575158459,0.2876789338815911
1589543668.658341,0.06,-4.22,8.71,0.43333333333333335,0.3377777777777778,-0.7411111111111112,-2.1875,-3.8125,-1.375,271.25,0.8125,23.0625,0.7005615234375,-0.1376953125,-0.14520263671875,0.68499755859375,0.2007888161675293,0.2909449891581246,0.33136596019053416
1589543668.6640046,0.19,-4.1,8.93,0.43333333333333335,0.3377777777777778,-0.7411111111111112,0.125,0.5,-1.0625,271.25,0.8125,23.0625,0.70062255859375,-0.1376953125,-0.14520263671875,0.6849365234375,0.2007888161675293,0.2909449891581246,0.33136596019053416
1589543668.6708677,0.12,-4.25,8.62,0.43333333333333335,0.3377777777777778,-0.7411111111111112,-0.0625,0.0,-0.1875,271.25,0.8125,23.0625,0.70062255859375,-0.1376953125,-0.14520263671875,0.6849365234375,0.2007888161675293,0.2909449891581246,0.33136596019053416
1589543668.681659,0.23,-4.23,8.75,0.43333333333333335,0.3377777777777778,-0.7411111111111112,-0.875,-0.25,-0.1875,271.25,0.8125,23.0625,0.7005615234375,-0.13775634765625,-0.145263671875,0.6849365234375,0.2192711697691173,0.3805443575158459,0.3696522432444459
1589543668.6920002,0.15,-4.08,8.83,0.43333333333333335,0.3377777777777778,-0.7411111111111112,0.125,-0.25,-0.375,271.25,0.8125,23.0625,0.7005615234375,-0.13775634765625,-0.145263671875,0.6849365234375,0.2192711697691173,0.3805443575158459,0.3696522432444459
1589543668.6994724,0.18,-4.21,8.91,0.4533333333333333,0.3511111111111111,-0.7266666666666667,0.6875,0.125,-0.25,271.25,0.8125,23.0625,0.7005615234375,-0.1378173828125,-0.1453857421875,0.68487548828125,0.229640590933506,0.316711414149526,0.3696522432444459
1589543668.7153785,0.17,-4.15,8.91,0.4533333333333333,0.3511111111111111,-0.7266666666666667,-0.1875,-0.125,-0.1875,271.25,0.8125,23.0625,0.7005615234375,-0.137939453125,-0.1455078125,0.68487548828125,0.21534520499234777,0.3982094308317678,0.3379095440748334
1589543668.7215347,0.16,-4.23,8.72,0.4533333333333333,0.3511111111111111,-0.7266666666666667,-0.375,0.0625,-0.3125,271.25,0.8125,23.125,0.70050048828125,-0.13812255859375,-0.14569091796875,0.684814453125,0.21534520499234777,0.3982094308317678,0.3379095440748334
1589543668.7297847,0.17,-4.24,8.72,0.4533333333333333,0.3511111111111111,-0.7266666666666667,-0.625,0.0625,-0.0625,271.25,0.8125,23.125,0.700439453125,-0.1383056640625,-0.1458740234375,0.684814453125,0.21534520499234777,0.3982094308317678,0.3379095440748334
1589543668.742613,0.2,-4.21,8.9,0.4533333333333333,0.3511111111111111,-0.7266666666666667,0.0,0.25,0.125,271.25,0.8125,23.1875,0.700439453125,-0.138427734375,-0.14605712890625,0.68475341796875,0.21534520499234777,0.32083268013065175,0.3269896237620402
1589543668.7543955,0.14,-4.14,8.84,0.44222222222222224,0.3322222222222222,-0.7355555555555555,0.3125,0.25,0.0625,271.25,0.8125,23.1875,0.700439453125,-0.1385498046875,-0.14617919921875,0.68475341796875,0.21534520499234777,0.4042283755220455,0.3291641949951565
1589543668.7605484,0.17,-4.22,8.82,0.44222222222222224,0.3322222222222222,-0.7355555555555555,0.3125,0.25,0.0625,271.25,0.8125,23.1875,0.70037841796875,-0.138671875,-0.1463623046875,0.6846923828125,0.21534520499234777,0.4042283755220455,0.3291641949951565
1589543668.7740505,0.16,-4.17,8.72,0.44222222222222224,0.3322222222222222,-0.7355555555555555,-0.25,0.0,-0.0625,271.25,0.8125,23.25,0.70037841796875,-0.1387939453125,-0.146484375,0.6846923828125,0.2162394792512031,0.3593288242735007,0.33337121366189926
1589543668.779651,0.19,-4.24,8.77,0.44222222222222224,0.3322222222222222,-0.7355555555555555,0.0,0.0625,-0.0625,271.25,0.8125,23.25,0.7003173828125,-0.13897705078125,-0.14666748046875,0.68463134765625,0.2162394792512031,0.3593288242735007,0.33337121366189926
1589543668.792575,0.19,-4.19,8.88,0.44222222222222224,0.3322222222222222,-0.7355555555555555,0.375,0.0,0.0625,271.25,0.8125,23.3125,0.7003173828125,-0.13909912109375,-0.14678955078125,0.68463134765625,0.21338248206173208,0.3593288242735007,0.33337121366189926
1589543668.80024,0.15,-4.16,8.9,0.44222222222222224,0.3388888888888889,-0.7355555555555555,0.4375,0.1875,0.125,271.25,0.8125,23.3125,0.70025634765625,-0.13922119140625,-0.14691162109375,0.6845703125,0.21338248206173208,0.4074650127970809,0.3379095440748334
1589543668.8101554,0.14,-4.17,8.87,0.44222222222222224,0.3388888888888889,-0.7355555555555555,-0.0625,-0.1875,-0.0625,271.25,0.8125,23.3125,0.70025634765625,-0.1392822265625,-0.14703369140625,0.6845703125,0.2162394792512031,0.4074650127970809,0.3379095440748334
1589543668.8201394,0.19,-4.21,8.78,0.44222222222222224,0.3388888888888889,-0.7355555555555555,-0.3125,0.0,0.0,271.25,0.8125,23.3125,0.70025634765625,-0.139404296875,-0.14715576171875,0.68450927734375,0.2162394792512031,0.46924345517404525,0.3128869263878623
1589543668.8303275,0.17,-4.22,8.8,0.44222222222222224,0.3388888888888889,-0.7355555555555555,-0.5,0.0,0.0,271.25,0.8125,23.375,0.7001953125,-0.1395263671875,-0.14727783203125,0.68450927734375,0.20695259594052973,0.46924345517404525,0.3128869263878623
1589543668.843339,0.16,-4.22,8.83,0.44222222222222224,0.3388888888888889,-0.7355555555555555,0.375,0.0625,0.0625,271.25,0.875,23.375,0.7001953125,-0.1396484375,-0.14739990234375,0.68450927734375,0.20695259594052973,0.39510843012815433,0.3291641949951565
1589543668.8530688,0.17,-4.16,8.87,0.43555555555555553,0.3388888888888889,-0.7266666666666667,0.5,0.0625,0.0,271.25,0.875,23.375,0.70013427734375,-0.13970947265625,-0.14752197265625,0.6844482421875,0.18576803862678404,0.41713108403018173,0.3291641949951565
1589543668.860916,0.16,-4.17,8.93,0.43555555555555553,0.3388888888888889,-0.7266666666666667,0.3125,0.125,0.0,271.25,0.875,23.4375,0.70013427734375,-0.13983154296875,-0.14764404296875,0.6844482421875,0.18576803862678404,0.41713108403018173,0.26455725445898803
1589543668.8729794,0.18,-4.21,8.75,0.43555555555555553,0.3388888888888889,-0.7266666666666667,-0.375,-0.0625,0.0,271.25,0.875,23.4375,0.70013427734375,-0.139892578125,-0.14776611328125,0.6844482421875,0.2253633367792635,0.375164051001777,0.32083268013065175
1589543668.8810143,0.16,-4.2,8.76,0.43555555555555553,0.3388888888888889,-0.7266666666666667,-0.1875,0.125,0.125,271.25,0.875,23.4375,0.7000732421875,-0.1400146484375,-0.14788818359375,0.68438720703125,0.2253633367792635,0.375164051001777,0.32083268013065175
1589543668.8930318,0.17,-4.23,8.79,0.43555555555555553,0.3388888888888889,-0.7266666666666667,0.0,0.0,0.0625,271.25,0.875,23.5,0.7000732421875,-0.14013671875,-0.14801025390625,0.68438720703125,0.21534520499234777,0.3723890828255631,0.27496052092173096
1589543668.9010546,0.16,-4.18,8.88,0.43555555555555553,0.3388888888888889,-0.7477777777777778,0.4375,0.125,0.0,271.25,0.875,23.5,0.7000732421875,-0.1402587890625,-0.1480712890625,0.684326171875,0.21534520499234777,0.3723890828255631,0.27496052092173096
1589543668.9132185,0.16,-4.17,8.89,0.43555555555555553,0.3388888888888889,-0.7477777777777778,0.25,0.1875,0.0625,271.25,0.875,23.5,0.70001220703125,-0.14031982421875,-0.148193359375,0.684326171875,0.21534520499234777,0.27496052092173096,0.33136596019053416
1589543668.9255517,0.16,-4.18,8.76,0.43555555555555553,0.3388888888888889,-0.7477777777777778,-0.25,0.0,0.0,271.25,0.875,23.5,0.70001220703125,-0.14044189453125,-0.1483154296875,0.684326171875,0.2105952540258207,0.29969651553482884,0.33136596019053416
1589543668.9316056,0.18,-4.2,8.77,0.43555555555555553,0.3388888888888889,-0.7477777777777778,-0.4375,-0.0625,0.0,271.25,0.875,23.5625,0.70001220703125,-0.1405029296875,-0.14837646484375,0.68426513671875,0.2105952540258207,0.29969651553482884,0.2811853495413832
1589543668.9442391,0.15,-4.2,8.8,0.43555555555555553,0.3388888888888889,-0.7477777777777778,-0.0625,-0.0625,0.0,271.25,0.875,23.5625,0.699951171875,-0.140625,-0.14849853515625,0.68426513671875,0.21534520499234777,0.29969651553482884,0.2811853495413832
1589543668.951036,0.18,-4.19,8.88,0.4477777777777778,0.34444444444444444,-0.7355555555555555,0.375,0.1875,0.0625,271.25,0.875,23.5625,0.699951171875,-0.14068603515625,-0.14862060546875,0.68426513671875,0.21534520499234777,0.3696522432444459,0.282659406116019
1589543668.961333,0.17,-4.17,8.88,0.4477777777777778,0.34444444444444444,-0.7355555555555555,0.5,0.25,0.0,271.25,0.875,23.5625,0.699951171875,-0.1407470703125,-0.148681640625,0.6842041015625,0.2105952540258207,0.3696522432444459,0.282659406116019
1589543668.9707592,0.17,-4.2,8.76,0.4477777777777778,0.34444444444444444,-0.7355555555555555,-0.125,-0.125,0.0625,271.25,0.875,23.625,0.69989013671875,-0.140869140625,-0.1488037109375,0.6842041015625,0.2105952540258207,0.36192406818273803,0.3128869263878623
1589543668.9811456,0.16,-4.2,8.76,0.4477777777777778,0.34444444444444444,-0.7355555555555555,-0.25,-0.0625,0.0625,271.25,0.875,23.625,0.69989013671875,-0.14093017578125,-0.14892578125,0.6842041015625,0.2143596438338994,0.36192406818273803,0.3128869263878623
1589543668.9933615,0.18,-4.21,8.82,0.4477777777777778,0.34444444444444444,-0.7355555555555555,0.0,0.125,0.0625,271.25,0.875,23.625,0.69989013671875,-0.14105224609375,-0.14898681640625,0.68414306640625,0.2143596438338994,0.3834344053953583,0.41713108403018173
1589543669.0011747,0.17,-4.2,8.82,0.44222222222222224,0.34444444444444444,-0.7211111111111111,0.3125,0.0625,0.125,271.25,0.875,23.625,0.6998291015625,-0.14111328125,-0.14910888671875,0.68414306640625,0.21338248206173208,0.3834344053953583,0.41713108403018173
1589543669.0106199,0.16,-4.16,8.86,0.44222222222222224,0.34444444444444444,-0.7211111111111111,0.4375,0.0625,0.0625,271.25,0.875,23.6875,0.6998291015625,-0.1412353515625,-0.149169921875,0.68414306640625,0.21338248206173208,0.3863657601866544,0.34953162930465587
1589543669.021048,0.15,-4.18,8.74,0.44222222222222224,0.34444444444444444,-0.7211111111111111,-0.125,0.0625,0.125,271.25,0.875,23.6875,0.6998291015625,-0.14129638671875,-0.1492919921875,0.68408203125,0.21338248206173208,0.41075044065421673,0.34953162930465587
1589543669.031808,0.17,-4.18,8.79,0.44222222222222224,0.34444444444444444,-0.7211111111111111,-0.5,0.0,0.0,271.25,0.875,23.6875,0.6998291015625,-0.141357421875,-0.14935302734375,0.68408203125,0.21338248206173208,0.41075044065421673,0.2618207959448959
1589543669.0438588,0.17,-4.22,8.82,0.44222222222222224,0.34444444444444444,-0.7211111111111111,-0.125,-0.125,0.0625,271.25,0.875,23.6875,0.69976806640625,-0.1414794921875,-0.14947509765625,0.68408203125,0.2143596438338994,0.4074650127970809,0.33136596019053416
1589543669.0517547,0.17,-4.21,8.87,0.46,0.3388888888888889,-0.7411111111111112,0.0,0.0,0.125,271.25,0.875,23.6875,0.69976806640625,-0.14154052734375,-0.1495361328125,0.68408203125,0.2143596438338994,0.4074650127970809,0.33136596019053416
1589543669.061899,0.18,-4.18,8.86,0.46,0.3388888888888889,-0.7411111111111112,0.4375,0.125,0.0625,271.25,0.875,23.75,0.69976806640625,-0.1416015625,-0.149658203125,0.68402099609375,0.18435148546995575,0.4344734393227604,0.33136596019053416
1589543669.0713198,0.15,-4.15,8.78,0.46,0.3388888888888889,-0.7411111111111112,0.125,0.25,0.0,271.25,0.875,23.75,0.69976806640625,-0.14166259765625,-0.14971923828125,0.68402099609375,0.18435148546995575,0.4344734393227604,0.25365119527561103
1589543669.0836115,0.17,-4.21,8.83,0.46,0.3388888888888889,-0.7411111111111112,-0.1875,0.125,0.0625,271.25,0.875,23.75,0.69970703125,-0.1417236328125,-0.1497802734375,0.68402099609375,0.2143596438338994,0.4457710691193347,0.33136596019053416
1589543669.0986507,0.15,-4.22,8.81,0.46,0.3388888888888889,-0.7411111111111112,-0.25,0.1875,0.0,271.25,0.875,23.75,0.69970703125,-0.14178466796875,-0.14984130859375,0.6839599609375,0.18881774717641794,0.4275914443905159,0.2472206304085751
1589543669.1047435,0.16,-4.2,8.84,0.43555555555555553,0.34444444444444444,-0.7477777777777778,0.125,-0.0625,0.0,271.25,0.875,23.75,0.69970703125,-0.14190673828125,-0.14996337890625,0.6839599609375,0.18881774717641794,0.4275914443905159,0.2472206304085751
1589543669.1156518,0.16,-4.19,8.86,0.43555555555555553,0.34444444444444444,-0.7477777777777778,0.25,-0.0625,0.0,271.25,0.875,23.8125,0.69964599609375,-0.1419677734375,-0.1500244140625,0.6839599609375,0.21338248206173208,0.4308257391109686,0.2472206304085751
1589543669.1215649,0.18,-4.17,8.79,0.43555555555555553,0.34444444444444444,-0.7477777777777778,0.1875,-0.0625,0.0,271.25,0.875,23.8125,0.69964599609375,-0.14202880859375,-0.15008544921875,0.6839599609375,0.21338248206173208,0.4308257391109686,0.3227201175914994
1589543669.132424,0.17,-4.17,8.79,0.43555555555555553,0.34444444444444444,-0.7477777777777778,-0.3125,0.125,-0.125,271.25,0.875,23.8125,0.69964599609375,-0.14208984375,-0.150146484375,0.68389892578125,0.18881774717641794,0.4308257391109686,0.3227201175914994
1589543669.1441195,0.18,-4.19,8.81,0.43555555555555553,0.34444444444444444,-0.7477777777777778,-0.25,0.125,0.125,271.25,0.875,23.8125,0.69964599609375,-0.14215087890625,-0.1502685546875,0.68389892578125,0.18881774717641794,0.4074650127970809,0.3187595953260988
1589543669.1554046,0.15,-4.2,8.86,0.44222222222222224,0.34444444444444444,-0.7355555555555555,0.25,-0.0625,0.0625,271.25,0.875,23.8125,0.69964599609375,-0.1422119140625,-0.15032958984375,0.68389892578125,0.2096498673068701,0.42056425696985505,0.3227201175914994
1589543669.1619618,0.17,-4.17,8.84,0.44222222222222224,0.34444444444444444,-0.7355555555555555,0.3125,-0.125,0.0625,271.25,0.875,23.875,0.6995849609375,-0.14227294921875,-0.150390625,0.68389892578125,0.2096498673068701,0.42056425696985505,0.3227201175914994
1589543669.1718009,0.18,-4.19,8.77,0.44222222222222224,0.34444444444444444,-0.7355555555555555,0.375,0.0,0.0,271.25,0.875,23.875,0.6995849609375,-0.142333984375,-0.15045166015625,0.68389892578125,0.20422980471978275,0.3834344053953583,0.3227201175914994
1589543669.1825411,0.17,-4.18,8.8,0.44222222222222224,0.34444444444444444,-0.7355555555555555,0.0625,0.1875,0.125,271.25,0.875,23.875,0.6995849609375,-0.14239501953125,-0.1505126953125,0.683837890625,0.20422980471978275,0.3834344053953583,0.33337121366189926
1589543669.1946213,0.18,-4.18,8.82,0.44222222222222224,0.34444444444444444,-0.7355555555555555,-0.125,0.1875,0.25,271.25,0.875,23.875,0.6995849609375,-0.1424560546875,-0.15057373046875,0.683837890625,0.1991514388644779,0.3890400161097513,0.3379095440748334
1589543669.2025476,0.17,-4.2,8.84,0.4477777777777778,0.3388888888888889,-0.7477777777777778,0.0,0.0,0.0,271.25,0.875,23.875,0.69952392578125,-0.14251708984375,-0.150634765625,0.683837890625,0.1991514388644779,0.3890400161097513,0.3379095440748334
1589543669.2121675,0.16,-4.19,8.84,0.4477777777777778,0.3388888888888889,-0.7477777777777778,0.25,0.0625,-0.0625,271.25,0.875,23.875,0.69952392578125,-0.142578125,-0.1507568359375,0.683837890625,0.2233331025931826,0.22864012614037754,0.3379095440748334
1589543669.2256458,0.17,-4.18,8.78,0.4477777777777778,0.3388888888888889,-0.7477777777777778,0.25,0.0,0.0625,271.25,0.875,23.9375,0.69952392578125,-0.14263916015625,-0.15081787109375,0.68377685546875,0.2143596438338994,0.22864012614037754,0.3269896237620402
1589543669.232175,0.15,-4.19,8.83,0.4477777777777778,0.3388888888888889,-0.7477777777777778,0.0,-0.0625,0.0625,271.25,0.875,23.9375,0.69952392578125,-0.1427001953125,-0.15087890625,0.68377685546875,0.2143596438338994,0.2795642795680213,0.33562603819066317
1589543669.248717,0.17,-4.18,8.84,0.4477777777777778,0.3388888888888889,-0.7477777777777778,-0.1875,0.125,0.0,271.25,0.875,23.9375,0.69952392578125,-0.1427001953125,-0.15093994140625,0.68377685546875,0.2162394792512031,0.3128869263878623,0.33562603819066317
1589543669.2545974,0.19,-4.21,8.82,0.4533333333333333,0.3322222222222222,-0.7477777777777778,-0.25,-0.0625,0.125,271.25,0.875,23.9375,0.699462890625,-0.14276123046875,-0.1510009765625,0.68377685546875,0.2162394792512031,0.3128869263878623,0.266019071416992
1589543669.2687736,0.16,-4.19,8.82,0.4533333333333333,0.3322222222222222,-0.7477777777777778,0.1875,0.0625,0.125,271.25,0.875,23.9375,0.699462890625,-0.142822265625,-0.15106201171875,0.68377685546875,0.2143596438338994,0.35424139487837897,0.3015432709413334
1589543669.2746258,0.18,-4.19,8.78,0.4533333333333333,0.3322222222222222,-0.7477777777777778,0.3125,0.125,0.0625,271.25,0.875,23.9375,0.699462890625,-0.14288330078125,-0.151123046875,0.6837158203125,0.2143596438338994,0.35424139487837897,0.3015432709413334
1589543669.2870948,0.17,-4.19,8.8,0.4533333333333333,0.3322222222222222,-0.7477777777777778,0.125,0.125,0.0625,271.25,0.875,24.0,0.699462890625,-0.1429443359375,-0.15118408203125,0.6837158203125,0.2162394792512031,0.28431427739652515,0.3015432709413334
1589543669.2949214,0.16,-4.21,8.85,0.4533333333333333,0.3322222222222222,-0.7477777777777778,-0.1875,0.0625,0.1875,271.25,0.875,24.0,0.699462890625,-0.14300537109375,-0.1512451171875,0.6837158203125,0.2162394792512031,0.28431427739652515,0.3015432709413334
1589543669.3066895,0.15,-4.2,8.83,0.4533333333333333,0.3511111111111111,-0.7266666666666667,-0.1875,-0.125,0.0625,271.25,0.875,24.0,0.69940185546875,-0.14306640625,-0.15130615234375,0.6837158203125,0.21534520499234777,0.3642899190747107,0.33136596019053416
1589543669.3126135,0.15,-4.19,8.86,0.4533333333333333,0.3511111111111111,-0.7266666666666667,0.0,0.0,-0.0625,271.25,0.875,24.0,0.69940185546875,-0.14312744140625,-0.1513671875,0.6837158203125,0.21534520499234777,0.3642899190747107,0.33136596019053416
1589543669.3258288,0.16,-4.19,8.77,0.4533333333333333,0.3511111111111111,-0.7266666666666667,0.25,0.0625,0.0625,271.25,0.875,24.0,0.69940185546875,-0.1431884765625,-0.15142822265625,0.68365478515625,0.2162394792512031,0.34232915890069343,0.33136596019053416
1589543669.332553,0.17,-4.18,8.83,0.4533333333333333,0.3511111111111111,-0.7266666666666667,0.25,-0.0625,0.0625,271.25,0.875,24.0,0.69940185546875,-0.1431884765625,-0.1514892578125,0.68365478515625,0.2162394792512031,0.34232915890069343,0.26455725445898803
1589543669.3456368,0.17,-4.19,8.86,0.4533333333333333,0.3511111111111111,-0.7266666666666667,0.0,-0.0625,0.0,271.25,0.875,24.0,0.69940185546875,-0.14324951171875,-0.1514892578125,0.68365478515625,0.21534520499234777,0.3696522432444459,0.3291641949951565
1589543669.3529449,0.17,-4.19,8.86,0.4533333333333333,0.34444444444444444,-0.7411111111111112,-0.125,0.125,-0.125,271.25,0.875,24.0625,0.69940185546875,-0.143310546875,-0.15155029296875,0.68365478515625,0.21534520499234777,0.3696522432444459,0.3291641949951565
1589543669.3628936,0.16,-4.23,8.85,0.4533333333333333,0.34444444444444444,-0.7411111111111112,0.0625,-0.0625,0.1875,271.25,0.875,24.0625,0.6993408203125,-0.14337158203125,-0.151611328125,0.68365478515625,0.21724129330266592,0.33337121366189926,0.3291641949951565
1589543669.3734224,0.17,-4.2,8.73,0.4533333333333333,0.34444444444444444,-0.7411111111111112,0.25,0.25,0.0625,271.25,0.875,24.0625,0.6993408203125,-0.1434326171875,-0.15167236328125,0.68359375,0.21724129330266592,0.33337121366189926,0.27496052092173096
1589543669.3827028,0.18,-4.17,8.82,0.4533333333333333,0.34444444444444444,-0.7411111111111112,0.25,0.25,0.0,271.25,0.875,24.0625,0.6993408203125,-0.14349365234375,-0.1517333984375,0.68359375,0.2143596438338994,0.4042283755220455,0.27496052092173096
1589543669.3995502,0.17,-4.18,8.83,0.4533333333333333,0.34444444444444444,-0.7411111111111112,0.0625,0.125,0.1875,271.25,0.875,24.0625,0.6993408203125,-0.14349365234375,-0.15179443359375,0.68359375,0.2233331025931826,0.3248417572103921,0.29445862267704453
1589543669.4063742,0.17,-4.22,8.86,0.43555555555555553,0.3322222222222222,-0.7711111111111111,-0.0625,-0.0625,-0.125,271.25,0.875,24.0625,0.6993408203125,-0.1435546875,-0.15185546875,0.68359375,0.2233331025931826,0.3248417572103921,0.29445862267704453
1589543669.4140382,0.16,-4.21,8.81,0.43555555555555553,0.3322222222222222,-0.7711111111111111,-0.1875,0.125,-0.0625,271.25,0.875,24.0625,0.69927978515625,-0.14361572265625,-0.15191650390625,0.68359375,0.2233331025931826,0.3248417572103921,0.29445862267704453
1589543669.425433,0.17,-4.19,8.74,0.43555555555555553,0.3322222222222222,-0.7711111111111111,0.0625,0.0625,0.0,271.25,0.875,24.125,0.69927978515625,-0.1436767578125,-0.1519775390625,0.68353271484375,0.21241361521213942,0.4074650127970809,0.3379095440748334
