time,acc raw,,,,,,mag raw,,,,,,gyr raw,,,,,,orientation fusion,,,,,,quaternion fusion,,,,,,,,IR on A0,IR on A1,IR on A2
1589381182.6726613,226,255,96,254,123,3,219,1,166,0,56,253,225,255,178,255,167,0,42,15,222,255,151,1,118,32,157,247,154,244,80,53,0.1672,0.1574,0.3685
1589381182.6813464,226,255,97,254,107,3,219,1,166,0,56,253,239,255,36,0,42,0,42,15,222,255,151,1,115,32,154,247,154,244,81,53,0.1672,0.1574,0.3724
1589381182.6925545,227,255,99,254,111,3,219,1,166,0,56,253,37,0,44,0,186,255,43,15,221,255,151,1,121,32,153,247,158,244,78,53,0.1681,0.1437,0.3695
1589381182.7079408,227,255,96,254,114,3,219,1,166,0,56,253,59,0,202,255,200,255,43,15,222,255,150,1,125,32,161,247,160,244,77,53,0.1672,0.1564,0.3715
1589381182.71416,226,255,97,254,120,3,230,1,179,0,37,253,229,255,80,0,212,255,44,15,222,255,150,1,130,32,155,247,161,244,74,53,0.1672,0.1564,0.3715
1589381182.7230282,226,255,98,254,120,3,230,1,179,0,37,253,39,0,20,0,192,255,44,15,222,255,150,1,135,32,156,247,164,244,71,53,0.1691,0.1564,0.3715
1589381182.7315202,227,255,101,254,109,3,230,1,179,0,37,253,148,0,20,0,158,255,45,15,222,255,149,1,144,32,163,247,174,244,69,53,0.1691,0.1388,0.3685
1589381182.7423315,224,255,98,254,108,3,230,1,179,0,37,253,9,0,164,255,40,0,45,15,223,255,149,1,140,32,169,247,170,244,72,53,0.1691,0.1388,0.3685
1589381182.7536838,223,255,97,254,114,3,230,1,179,0,37,253,101,0,194,255,213,0,43,15,222,255,148,1,125,32,175,247,177,244,83,53,0.1691,0.1496,0.3724
1589381182.7624106,223,255,99,254,115,3,230,1,172,0,63,253,213,255,18,0,232,255,43,15,222,255,148,1,126,32,172,247,175,244,81,53,0.1896,0.1496,0.3724
1589381182.771399,225,255,95,254,120,3,230,1,172,0,63,253,39,0,222,255,92,0,42,15,222,255,148,1,119,32,175,247,177,244,86,53,0.1896,0.1437,0.3685
1589381182.7814069,228,255,98,254,110,3,230,1,172,0,63,253,67,0,238,255,10,255,44,15,223,255,147,1,138,32,183,247,178,244,77,53,0.173,0.1564,0.3685
1589381182.7917233,227,255,99,254,116,3,230,1,172,0,63,253,247,255,44,0,228,255,45,15,223,255,147,1,140,32,180,247,180,244,75,53,0.173,0.1564,0.3734
1589381182.8040965,226,255,100,254,119,3,230,1,172,0,63,253,189,255,10,0,123,0,44,15,223,255,148,1,131,32,175,247,177,244,79,53,0.2063,0.1525,0.3685
1589381182.8112135,226,255,99,254,120,3,219,1,172,0,44,253,233,255,58,0,56,0,43,15,222,255,148,1,127,32,169,247,179,244,81,53,0.2063,0.1525,0.3685
1589381182.8223417,221,255,99,254,117,3,219,1,172,0,44,253,227,255,20,0,174,255,44,15,222,255,148,1,133,32,167,247,176,244,77,53,0.1828,0.1525,0.3685
1589381182.8314238,224,255,98,254,109,3,219,1,172,0,44,253,21,0,96,0,198,255,45,15,221,255,148,1,139,32,162,247,182,244,73,53,0.1828,0.1613,0.3744
1589381182.8417752,229,255,98,254,110,3,219,1,172,0,44,253,39,0,30,0,212,255,45,15,221,255,148,1,143,32,162,247,185,244,71,53,0.1877,0.1398,0.3744
1589381182.8592093,225,255,97,254,112,3,219,1,172,0,44,253,1,0,220,255,141,0,44,15,221,255,148,1,133,32,163,247,185,244,78,53,0.1642,0.2072,0.3783
1589381182.8656325,227,255,95,254,114,3,236,1,161,0,44,253,37,0,94,0,252,255,44,15,220,255,147,1,135,32,158,247,192,244,78,53,0.1642,0.2072,0.3783
1589381182.8732245,226,255,98,254,119,3,236,1,161,0,44,253,25,0,178,255,8,0,44,15,221,255,147,1,134,32,164,247,190,244,79,53,0.1642,0.2072,0.3783
1589381182.8849497,225,255,96,254,109,3,236,1,161,0,44,253,114,0,24,0,4,0,44,15,221,255,146,1,135,32,168,247,200,244,80,53,0.173,0.1672,0.3724
1589381182.896425,227,255,97,254,117,3,236,1,161,0,44,253,251,255,44,0,220,255,44,15,220,255,146,1,139,32,165,247,201,244,78,53,0.1672,0.0938,0.3783
1589381182.9039218,228,255,96,254,118,3,236,1,161,0,44,253,161,255,0,0,76,0,44,15,220,255,147,1,132,32,160,247,195,244,80,53,0.1672,0.0938,0.3783
1589381182.916527,226,255,97,254,118,3,225,1,172,0,76,253,245,255,56,0,6,0,44,15,220,255,147,1,133,32,155,247,197,244,79,53,0.1691,0.1251,0.478
1589381182.9226384,227,255,97,254,120,3,225,1,172,0,76,253,171,255,26,0,204,255,44,15,220,255,148,1,136,32,150,247,191,244,75,53,0.1691,0.1251,0.478
1589381182.9327285,227,255,97,254,106,3,225,1,172,0,76,253,33,0,20,0,180,255,45,15,220,255,147,1,142,32,151,247,194,244,72,53,0.1672,0.1095,0.478
1589381182.9417305,223,255,98,254,111,3,225,1,172,0,76,253,7,0,40,0,150,255,46,15,220,255,148,1,150,32,150,247,194,244,67,53,0.1672,0.1095,0.4027
1589381182.9535158,221,255,97,254,116,3,225,1,172,0,76,253,233,255,22,0,248,255,46,15,220,255,148,1,151,32,147,247,194,244,67,53,0.1701,0.1447,0.4027
1589381182.962112,215,255,100,254,121,3,219,1,172,0,63,253,3,0,240,255,28,0,46,15,220,255,148,1,148,32,148,247,193,244,68,53,0.1701,0.1447,0.393
1589381182.9761512,201,255,104,254,122,3,219,1,172,0,63,253,41,0,34,0,52,0,46,15,219,255,147,1,145,32,147,247,198,244,71,53,0.1662,0.131,0.4194
1589381182.9823363,200,255,111,254,113,3,219,1,172,0,63,253,203,255,46,0,131,0,44,15,218,255,148,1,136,32,139,247,198,244,75,53,0.1662,0.131,0.4194
1589381182.9931667,225,255,111,254,117,3,219,1,172,0,63,253,39,0,200,255,64,0,44,15,218,255,147,1,131,32,144,247,199,244,79,53,0.1672,0.1369,0.4194
1589381183.0049436,186,255,121,254,123,3,219,1,172,0,63,253,245,255,16,0,143,0,42,15,218,255,147,1,121,32,140,247,202,244,85,53,0.1672,0.1369,0.3636
1589381183.0147588,191,255,121,254,117,3,230,1,161,0,50,253,42,255,190,255,83,1,39,15,217,255,149,1,93,32,130,247,190,244,98,53,0.1672,0.1525,0.4282
1589381183.022342,252,255,226,254,128,3,230,1,161,0,50,253,13,0,60,0,20,1,36,15,215,255,149,1,74,32,122,247,196,244,110,53,0.1672,0.1525,0.4282
1589381183.032035,186,255,74,255,130,3,230,1,161,0,50,253,77,0,54,0,248,1,31,15,212,255,148,1,39,32,114,247,210,244,132,53,0.1681,0.131,0.4282
1589381183.0374591,186,255,74,255,130,3,230,1,161,0,50,253,77,0,54,0,248,1,31,15,212,255,148,1,39,32,114,247,210,244,132,53,0.1681,0.131,0.3675
1589381183.0466855,169,255,213,254,120,3,230,1,161,0,50,253,179,255,65,255,151,2,25,15,211,255,148,1,243,31,114,247,204,244,162,53,0.1672,0.1134,0.3675
1589381183.0541425,189,255,222,254,119,3,230,1,161,0,50,253,51,0,30,0,109,2,19,15,209,255,148,1,199,31,105,247,216,244,189,53,0.1672,0.1134,0.3783
1589381183.0618124,199,255,225,254,128,3,212,1,179,0,63,253,81,0,77,255,172,2,12,15,207,255,146,1,148,31,111,247,222,244,222,53,0.1672,0.1134,0.3783
1589381183.0733259,215,255,191,254,124,3,212,1,179,0,63,253,233,255,26,0,242,2,4,15,204,255,146,1,93,31,97,247,231,244,253,53,0.1681,0.1349,0.3675
1589381183.087914,213,255,178,254,116,3,212,1,179,0,63,253,144,255,20,0,103,3,252,14,200,255,147,1,28,31,78,247,234,244,32,54,0.1672,0.1173,0.3744
1589381183.094614,212,255,181,254,123,3,212,1,179,0,63,253,201,255,34,0,107,3,244,14,196,255,147,1,220,30,60,247,241,244,68,54,0.1672,0.1173,0.3744
1589381183.1045494,203,255,182,254,132,3,212,1,179,0,63,253,124,255,139,255,10,3,236,14,194,255,148,1,159,30,51,247,236,244,99,54,0.1681,0.1359,0.3744
1589381183.1119235,200,255,210,254,128,3,236,1,161,0,63,253,33,0,139,255,73,3,227,14,192,255,147,1,96,30,48,247,244,244,136,54,0.1681,0.1359,0.3695
1589381183.1230645,204,255,226,254,132,3,236,1,161,0,63,253,3,0,238,255,146,3,218,14,188,255,146,1,28,30,36,247,254,244,174,54,0.1672,0.1359,0.3695
1589381183.1324198,208,255,229,254,120,3,236,1,161,0,63,253,73,0,121,255,61,3,210,14,186,255,145,1,222,29,37,247,8,245,210,54,0.1672,0.1251,0.4037
1589381183.1425538,212,255,216,254,125,3,236,1,161,0,63,253,207,255,176,255,43,3,202,14,183,255,145,1,160,29,29,247,10,245,243,54,0.1672,0.1525,0.4037
1589381183.154807,207,255,214,254,127,3,236,1,161,0,63,253,25,0,10,0,134,3,193,14,179,255,144,1,93,29,16,247,24,245,23,55,0.1672,0.1525,0.3685
1589381183.1649833,196,255,212,254,127,3,230,1,155,0,50,253,211,255,115,255,23,3,185,14,177,255,144,1,32,29,13,247,24,245,55,55,0.1652,0.1486,0.3685
1589381183.1737444,194,255,214,254,128,3,230,1,155,0,50,253,138,255,166,255,148,3,176,14,175,255,141,1,219,28,19,247,42,245,95,55,0.1652,0.1486,0.4037
1589381183.1838174,196,255,205,254,116,3,230,1,155,0,50,253,185,255,242,255,196,3,167,14,172,255,139,1,149,28,18,247,63,245,136,55,0.1632,0.1564,0.4037
1589381183.1973038,195,255,205,254,125,3,230,1,155,0,50,253,209,255,178,255,25,3,159,14,170,255,136,1,90,28,26,247,82,245,171,55,0.174,0.175,0.3685
1589381183.205846,196,255,206,254,130,3,230,1,155,0,50,253,233,255,184,255,232,3,149,14,167,255,134,1,15,28,29,247,101,245,213,55,0.174,0.175,0.3695
1589381183.2188082,190,255,205,254,132,3,219,1,124,0,24,253,128,255,81,255,226,3,139,14,166,255,132,1,194,27,35,247,109,245,254,55,0.1672,0.1427,0.3607
1589381183.2249203,181,255,202,254,128,3,219,1,124,0,24,253,175,255,192,255,106,4,128,14,162,255,130,1,108,27,31,247,123,245,42,56,0.1672,0.1427,0.3607
1589381183.2346444,183,255,201,254,120,3,219,1,124,0,24,253,155,255,30,255,69,4,117,14,160,255,129,1,22,27,38,247,129,245,86,56,0.1672,0.1427,0.3607
1589381183.2448277,187,255,200,254,121,3,219,1,124,0,24,253,15,0,133,255,245,3,107,14,158,255,126,1,201,26,43,247,147,245,127,56,0.1799,0.1711,0.3627
1589381183.2562857,189,255,198,254,126,3,219,1,124,0,24,253,51,0,89,255,200,3,98,14,156,255,123,1,127,26,54,247,164,245,167,56,0.1672,0.1476,0.3627
1589381183.2637157,182,255,197,254,126,3,225,1,100,0,31,253,195,255,4,0,3,4,88,14,153,255,122,1,49,26,47,247,178,245,205,56,0.1672,0.1476,0.3578
1589381183.278038,177,255,194,254,128,3,225,1,100,0,31,253,205,255,230,255,39,4,77,14,150,255,120,1,223,25,40,247,192,245,243,56,0.1564,0.2131,0.3597
1589381183.284434,172,255,195,254,112,3,225,1,100,0,31,253,195,255,101,255,134,3,68,14,148,255,119,1,152,25,45,247,199,245,21,57,0.1564,0.2131,0.3597
1589381183.2982135,157,255,193,254,126,3,225,1,100,0,31,253,223,255,24,255,132,4,57,14,146,255,117,1,60,25,51,247,206,245,65,57,0.1711,0.131,0.347
1589381183.3061135,159,255,193,254,124,3,225,1,100,0,31,253,157,255,133,255,225,4,44,14,142,255,116,1,217,24,45,247,213,245,108,57,0.1711,0.131,0.347
1589381183.3147926,162,255,193,254,132,3,230,1,81,0,255,252,11,0,65,255,47,4,34,14,140,255,114,1,132,24,51,247,225,245,148,57,0.1838,0.131,0.347
1589381183.3241618,167,255,197,254,126,3,230,1,81,0,255,252,235,255,93,255,35,4,23,14,138,255,112,1,48,24,54,247,235,245,185,57,0.1838,0.1183,0.3558
1589381183.334091,168,255,193,254,119,3,230,1,81,0,255,252,197,255,107,255,7,4,13,14,136,255,111,1,221,23,56,247,242,245,221,57,0.1711,0.1183,0.3558
1589381183.3439453,169,255,193,254,120,3,230,1,81,0,255,252,169,255,152,255,21,4,2,14,134,255,109,1,138,23,53,247,248,245,0,58,0.1711,0.1193,0.3392
1589381183.3565824,167,255,190,254,124,3,230,1,81,0,255,252,221,255,87,255,178,3,249,13,132,255,108,1,62,23,58,247,254,245,32,58,0.1984,0.1095,0.3392
1589381183.3633516,167,255,198,254,123,3,164,1,40,0,248,252,179,255,41,255,115,3,240,13,131,255,107,1,246,22,68,247,255,245,63,58,0.1984,0.1095,0.4076
1589381183.3737037,162,255,195,254,125,3,164,1,40,0,248,252,231,255,75,255,123,3,231,13,130,255,105,1,174,22,76,247,6,246,93,58,0.1672,0.1202,0.4076
1589381183.3849738,163,255,195,254,113,3,164,1,40,0,248,252,255,255,139,255,113,3,222,13,128,255,103,1,104,22,79,247,16,246,122,58,0.1672,0.1202,0.3284
1589381183.3954968,157,255,188,254,121,3,164,1,40,0,248,252,169,255,80,0,31,3,215,13,125,255,103,1,42,22,65,247,23,246,145,58,0.1984,0.1251,0.3861
1589381183.4066763,157,255,193,254,126,3,164,1,40,0,248,252,209,255,156,255,248,2,207,13,124,255,102,1,236,21,68,247,28,246,170,58,0.1984,0.1251,0.3861
1589381183.4153984,157,255,196,254,132,3,142,1,253,255,228,252,213,255,164,255,147,2,201,13,123,255,100,1,183,21,72,247,33,246,191,58,0.1672,0.1261,0.3851
1589381183.4283364,148,255,185,254,134,3,142,1,253,255,228,252,221,255,240,255,41,3,193,13,120,255,99,1,119,21,67,247,42,246,215,58,0.1711,0.1329,0.4223
1589381183.4344754,135,255,164,254,116,3,142,1,253,255,228,252,201,255,218,255,254,2,185,13,118,255,98,1,58,21,62,247,47,246,237,58,0.1711,0.1329,0.4223
1589381183.4484477,136,255,170,254,123,3,142,1,253,255,228,252,231,255,222,255,97,2,179,13,117,255,98,1,9,21,59,247,52,246,255,58,0.1672,0.1329,0.3431
1589381183.455648,128,255,159,254,119,3,142,1,253,255,228,252,31,0,198,255,75,2,174,13,115,255,96,1,218,20,57,247,60,246,17,59,0.1672,0.1329,0.3431
1589381183.467595,136,255,179,254,116,3,100,1,191,255,12,253,75,0,10,0,101,1,170,13,114,255,95,1,190,20,53,247,70,246,28,59,0.1691,0.1369,0.3744
1589381183.4753082,137,255,193,254,128,3,100,1,191,255,12,253,209,255,166,255,153,1,166,13,113,255,95,1,156,20,54,247,69,246,40,59,0.1691,0.1369,0.3744
1589381183.4842274,142,255,208,254,115,3,100,1,191,255,12,253,1,0,87,255,103,2,160,13,113,255,94,1,105,20,64,247,74,246,60,59,0.1672,0.1369,0.3744
1589381183.4958377,140,255,197,254,116,3,100,1,191,255,12,253,11,0,194,255,121,1,156,13,112,255,93,1,74,20,64,247,77,246,71,59,0.1672,0.1388,0.2688
1589381183.5066178,127,255,182,254,125,3,100,1,191,255,12,253,233,255,208,255,206,1,152,13,111,255,92,1,36,20,61,247,80,246,84,59,0.1701,0.1369,0.2688
1589381183.5141609,129,255,185,254,128,3,94,1,146,255,37,253,239,255,54,0,212,1,147,13,108,255,92,1,255,19,50,247,85,246,96,59,0.1701,0.1369,0.3001
1589381183.526097,131,255,188,254,128,3,94,1,146,255,37,253,197,255,234,255,113,1,143,13,108,255,92,1,225,19,49,247,86,246,106,59,0.1672,0.1388,0.2102
1589381183.535612,133,255,192,254,121,3,94,1,146,255,37,253,23,0,238,255,93,1,140,13,107,255,91,1,198,19,51,247,93,246,116,59,0.1672,0.1388,0.2102
1589381183.5482585,138,255,195,254,121,3,94,1,146,255,37,253,217,255,190,255,135,0,139,13,107,255,90,1,186,19,58,247,92,246,121,59,0.174,0.1525,0.2395
1589381183.5631049,135,255,197,254,125,3,94,1,146,255,37,253,225,255,238,255,97,1,135,13,107,255,90,1,158,19,59,247,95,246,131,59,0.1681,0.1544,0.2102
1589381183.5689318,137,255,208,254,118,3,124,1,96,255,63,253,33,0,224,255,115,0,134,13,107,255,89,1,149,19,67,247,102,246,136,59,0.1681,0.1544,0.2102
1589381183.580595,136,255,203,254,116,3,124,1,96,255,63,253,5,0,139,255,163,0,132,13,108,255,88,1,135,19,79,247,103,246,143,59,0.1691,0.1466,0.2395
1589381183.5872,135,255,200,254,112,3,124,1,96,255,63,253,19,0,184,255,179,0,131,13,109,255,87,1,121,19,88,247,108,246,149,59,0.1691,0.1466,0.2395
1589381183.6009104,134,255,196,254,118,3,124,1,96,255,63,253,89,0,176,255,254,255,131,13,110,255,85,1,122,19,101,247,115,246,152,59,0.1691,0.1584,0.217
1589381183.6071904,126,255,188,254,122,3,124,1,96,255,63,253,161,255,208,255,50,0,130,13,110,255,86,1,116,19,105,247,108,246,153,59,0.1691,0.1584,0.217
1589381183.6192534,130,255,195,254,128,3,152,1,101,255,103,253,159,255,2,0,234,255,130,13,111,255,87,1,117,19,106,247,102,246,152,59,0.173,0.1457,0.2649
1589381183.6250997,131,255,194,254,128,3,152,1,101,255,103,253,211,255,244,255,24,0,130,13,111,255,87,1,115,19,110,247,100,246,153,59,0.173,0.1457,0.2649
1589381183.639307,122,255,185,254,118,3,152,1,101,255,103,253,235,255,44,0,92,0,129,13,110,255,86,1,109,19,107,247,102,246,155,59,0.1711,0.1613,0.2414
1589381183.645299,120,255,183,254,116,3,152,1,101,255,103,253,33,0,184,255,204,255,130,13,111,255,86,1,112,19,116,247,103,246,155,59,0.1711,0.1613,0.2414
1589381183.6574724,116,255,176,254,122,3,152,1,101,255,103,253,181,255,166,255,127,255,131,13,113,255,87,1,121,19,124,247,94,246,152,59,0.1867,0.1613,0.2414
1589381183.6652923,116,255,180,254,125,3,190,1,103,255,120,253,243,255,66,0,192,255,131,13,112,255,87,1,127,19,120,247,95,246,150,59,0.1867,0.1349,0.263
1589381183.6772795,118,255,185,254,122,3,190,1,103,255,120,253,23,0,192,255,174,255,132,13,113,255,87,1,133,19,128,247,95,246,149,59,0.1867,0.1554,0.2356
1589381183.6862535,115,255,178,254,115,3,190,1,103,255,120,253,85,0,216,255,99,255,134,13,114,255,86,1,146,19,136,247,99,246,146,59,0.1867,0.1554,0.2356
1589381183.6961277,115,255,173,254,116,3,190,1,103,255,120,253,47,0,240,255,160,255,134,13,115,255,86,1,155,19,141,247,102,246,145,59,0.1799,0.1486,0.2356
1589381183.707648,117,255,181,254,120,3,190,1,103,255,120,253,27,0,8,0,57,255,136,13,116,255,85,1,171,19,144,247,102,246,140,59,0.1799,0.1486,0.2454
1589381183.7191494,113,255,176,254,127,3,238,1,116,255,167,253,1,0,56,0,242,255,137,13,115,255,85,1,173,19,140,247,104,246,139,59,0.1564,0.2375,0.2151
1589381183.7300985,109,255,155,254,121,3,238,1,116,255,167,253,237,255,22,0,121,255,138,13,115,255,86,1,184,19,140,247,101,246,135,59,0.1662,0.1955,0.2151
1589381183.7368174,110,255,169,254,113,3,238,1,116,255,167,253,201,255,10,0,71,255,140,13,116,255,87,1,198,19,140,247,95,246,129,59,0.1662,0.1955,0.2023
1589381183.7503436,112,255,170,254,112,3,238,1,116,255,167,253,163,255,200,255,52,0,139,13,116,255,87,1,192,19,141,247,87,246,130,59,0.1564,0.1896,0.2023
1589381183.758183,121,255,180,254,127,3,238,1,116,255,167,253,227,255,160,255,127,255,140,13,118,255,88,1,201,19,150,247,81,246,127,59,0.1564,0.1896,0.173
1589381183.76506,120,255,191,254,125,3,249,1,152,255,160,253,203,255,80,0,12,255,143,13,118,255,89,1,221,19,146,247,77,246,119,59,0.1564,0.1896,0.173
1589381183.7758152,125,255,197,254,125,3,249,1,152,255,160,253,57,0,76,0,158,255,144,13,118,255,88,1,231,19,145,247,84,246,117,59,0.1672,0.129,0.2082
1589381183.7899075,121,255,193,254,117,3,249,1,152,255,160,253,13,0,4,0,248,254,146,13,119,255,88,1,253,19,150,247,84,246,111,59,0.1808,0.1486,0.2023
1589381183.7960525,121,255,187,254,116,3,249,1,152,255,160,253,245,255,220,255,47,255,148,13,120,255,88,1,13,20,156,247,81,246,106,59,0.1808,0.1486,0.2023
1589381183.8082328,121,255,183,254,123,3,249,1,152,255,160,253,114,0,56,0,69,255,150,13,120,255,87,1,30,20,158,247,91,246,102,59,0.1672,0.1486,0.2023
1589381183.8156807,127,255,191,254,126,3,59,2,189,255,135,253,13,0,62,0,196,254,153,13,121,255,87,1,57,20,159,247,92,246,93,59,0.1672,0.1447,0.2884
1589381183.827774,122,255,190,254,120,3,59,2,189,255,135,253,87,0,80,0,69,255,155,13,121,255,86,1,74,20,158,247,101,246,88,59,0.1838,0.1476,0.2219
1589381183.836723,120,255,186,254,116,3,59,2,189,255,135,253,3,0,16,0,97,255,157,13,121,255,86,1,87,20,160,247,101,246,84,59,0.1838,0.1476,0.2219
1589381183.8479772,125,255,190,254,120,3,59,2,189,255,135,253,23,0,14,0,169,254,160,13,122,255,87,1,115,20,165,247,100,246,75,59,0.1662,0.1408,0.2747
1589381183.8582454,118,255,187,254,124,3,59,2,189,255,135,253,103,0,198,255,61,255,162,13,123,255,86,1,131,20,176,247,106,246,72,59,0.1662,0.1408,0.2747
1589381183.8669336,121,255,185,254,128,3,134,2,184,255,63,253,215,255,28,0,198,254,165,13,124,255,86,1,156,20,177,247,102,246,63,59,0.1984,0.1408,0.2747
1589381183.8768528,114,255,181,254,126,3,134,2,184,255,63,253,55,0,8,0,210,254,168,13,125,255,86,1,181,20,183,247,104,246,55,59,0.1984,0.1417,0.2502
1589381183.8879418,111,255,178,254,115,3,134,2,184,255,63,253,154,0,10,0,24,255,171,13,126,255,85,1,201,20,190,247,115,246,51,59,0.1662,0.1447,0.2121
1589381183.896428,111,255,173,254,120,3,134,2,184,255,63,253,241,255,28,0,83,255,172,13,126,255,85,1,215,20,189,247,113,246,46,59,0.1662,0.1447,0.2121
1589381183.9087093,111,255,171,254,122,3,134,2,184,255,63,253,155,255,26,0,152,255,173,13,127,255,86,1,223,20,186,247,105,246,41,59,0.1711,0.1476,0.1789
1589381183.9163835,108,255,169,254,122,3,99,2,61,255,56,253,197,255,8,0,176,255,174,13,127,255,87,1,229,20,185,247,99,246,38,59,0.1711,0.1476,0.1789
1589381183.9284568,115,255,174,254,124,3,99,2,61,255,56,253,203,255,32,0,89,255,176,13,127,255,87,1,242,20,183,247,95,246,32,59,0.1711,0.1369,0.1085
1589381183.9404998,110,255,171,254,118,3,99,2,61,255,56,253,195,255,60,0,139,255,177,13,127,255,88,1,251,20,177,247,90,246,28,59,0.1769,0.1388,0.1085
1589381183.94646,104,255,166,254,120,3,99,2,61,255,56,253,51,0,40,0,198,255,178,13,127,255,88,1,1,21,176,247,95,246,26,59,0.1769,0.1388,0.0831
1589381183.959207,104,255,161,254,127,3,99,2,61,255,56,253,35,0,98,0,192,255,178,13,126,255,88,1,8,21,170,247,101,246,24,59,0.1672,0.1388,0.0831
1589381183.9664323,107,255,164,254,118,3,254,1,122,255,152,253,209,255,206,255,196,255,179,13,127,255,88,1,11,21,172,247,95,246,22,59,0.1672,0.1388,0.0831
1589381183.9762535,110,255,163,254,122,3,254,1,122,255,152,253,63,0,64,0,133,255,180,13,126,255,88,1,22,21,170,247,101,246,19,59,0.1672,0.1388,0.1241
1589381183.9876616,116,255,170,254,109,3,254,1,122,255,152,253,223,255,244,255,194,255,181,13,127,255,88,1,27,21,171,247,97,246,17,59,0.1701,0.1388,0.1065
1589381183.9967716,114,255,162,254,118,3,254,1,122,255,152,253,49,0,16,0,168,255,182,13,127,255,88,1,35,21,172,247,101,246,14,59,0.1672,0.1388,0.1065
1589381184.008914,115,255,169,254,116,3,254,1,122,255,152,253,203,255,137,255,80,0,181,13,128,255,88,1,26,21,179,247,94,246,17,59,0.1672,0.1369,0.1408
1589381184.0174458,108,255,158,254,123,3,230,1,175,255,148,253,63,0,60,0,131,255,182,13,127,255,88,1,37,21,177,247,100,246,14,59,0.1711,0.1369,0.1408
1589381184.0268342,101,255,151,254,123,3,230,1,175,255,148,253,245,255,26,0,110,0,181,13,127,255,88,1,29,21,173,247,101,246,17,59,0.1711,0.1378,0.1691
1589381184.0408273,101,255,149,254,113,3,230,1,175,255,148,253,1,0,182,255,230,255,181,13,127,255,88,1,30,21,178,247,98,246,17,59,0.1672,0.1281,0.218
1589381184.0471985,100,255,143,254,116,3,230,1,175,255,148,253,13,0,212,255,94,0,180,13,127,255,87,1,21,21,180,247,99,246,20,59,0.1672,0.1281,0.218
1589381184.0589437,99,255,140,254,122,3,230,1,175,255,148,253,29,0,60,0,106,0,179,13,126,255,87,1,14,21,173,247,104,246,22,59,0.175,0.1251,0.1662
1589381184.0667129,92,255,131,254,123,3,254,1,210,255,167,253,3,0,50,0,121,0,178,13,125,255,87,1,4,21,165,247,105,246,25,59,0.175,0.1251,0.1662
1589381184.07841,104,255,138,254,118,3,254,1,210,255,167,253,5,0,46,0,147,0,177,13,124,255,87,1,249,20,158,247,107,246,28,59,0.1672,0.1369,0.219
1589381184.0913622,100,255,137,254,110,3,254,1,210,255,167,253,1,0,198,255,171,0,175,13,124,255,87,1,234,20,159,247,106,246,33,59,0.1887,0.1378,0.219
1589381184.0978553,99,255,132,254,115,3,254,1,210,255,167,253,51,0,150,255,84,0,174,13,124,255,87,1,226,20,165,247,107,246,37,59,0.1887,0.1378,0.1535
1589381184.1140175,102,255,137,254,114,3,254,1,210,255,167,253,209,255,54,0,185,0,172,13,123,255,87,1,211,20,155,247,105,246,41,59,0.1681,0.1408,0.2102
1589381184.1198916,99,255,129,254,119,3,16,2,228,255,186,253,19,0,250,255,110,0,171,13,123,255,87,1,203,20,152,247,105,246,44,59,0.1681,0.1408,0.2102
1589381184.1277778,101,255,125,254,121,3,16,2,228,255,186,253,47,0,160,255,60,1,168,13,122,255,87,1,176,20,155,247,108,246,54,59,0.1681,0.1408,0.2102
1589381184.140007,100,255,126,254,109,3,16,2,228,255,186,253,245,255,254,255,137,0,166,13,122,255,87,1,165,20,150,247,105,246,56,59,0.1584,0.1984,0.1818
1589381184.1522512,109,255,132,254,115,3,16,2,228,255,186,253,225,255,248,255,183,0,165,13,121,255,87,1,150,20,144,247,102,246,61,59,0.1672,0.1329,0.2053
1589381184.1600804,121,255,151,254,125,3,16,2,228,255,186,253,203,255,156,255,153,0,163,13,121,255,88,1,135,20,148,247,96,246,65,59,0.1672,0.1329,0.2053
1589381184.1709063,120,255,147,254,123,3,248,1,223,255,160,253,71,0,204,255,205,0,161,13,121,255,87,1,119,20,152,247,101,246,72,59,0.1701,0.1877,0.2053
1589381184.1771047,118,255,141,254,126,3,248,1,223,255,160,253,17,0,220,255,250,0,159,13,120,255,87,1,99,20,152,247,103,246,79,59,0.1701,0.1877,0.2082
1589381184.1918387,107,255,138,254,112,3,248,1,223,255,160,253,249,255,36,0,161,0,157,13,119,255,87,1,86,20,146,247,105,246,83,59,0.1672,0.1251,0.2297
1589381184.197716,110,255,133,254,117,3,248,1,223,255,160,253,181,255,54,0,60,0,157,13,119,255,87,1,81,20,138,247,99,246,83,59,0.1672,0.1251,0.2297
1589381184.210607,109,255,129,254,120,3,248,1,223,255,160,253,221,255,240,255,113,0,155,13,119,255,88,1,72,20,137,247,95,246,85,59,0.1652,0.0938,0.2199
1589381184.2169561,113,255,134,254,119,3,4,2,239,255,167,253,19,0,176,255,248,255,155,13,119,255,88,1,71,20,143,247,93,246,86,59,0.1652,0.0938,0.2199
1589381184.2297764,109,255,126,254,116,3,4,2,239,255,167,253,183,255,226,255,174,255,156,13,120,255,89,1,76,20,143,247,83,246,82,59,0.1632,0.1095,0.2336
1589381184.2382085,105,255,118,254,111,3,4,2,239,255,167,253,9,0,240,255,123,0,155,13,119,255,89,1,66,20,141,247,80,246,85,59,0.1632,0.1095,0.2336
1589381184.2484326,110,255,121,254,114,3,4,2,239,255,167,253,85,0,224,255,169,0,153,13,119,255,89,1,53,20,142,247,84,246,90,59,0.1681,0.2835,0.2336
1589381184.264915,106,255,122,254,120,3,4,2,239,255,167,253,213,255,200,255,252,0,151,13,119,255,89,1,32,20,141,247,78,246,97,59,0.1642,0.3118,0.2033
1589381184.2709851,103,255,119,254,121,3,22,2,232,255,159,253,255,255,82,0,2,1,148,13,117,255,89,1,12,20,129,247,80,246,102,59,0.1642,0.3118,0.2033
1589381184.2788572,105,255,126,254,118,3,22,2,232,255,159,253,57,0,60,0,42,0,148,13,116,255,89,1,10,20,124,247,83,246,102,59,0.1642,0.3118,0.2033
1589381184.2905302,110,255,127,254,111,3,22,2,232,255,159,253,233,255,188,255,52,1,145,13,116,255,89,1,240,19,123,247,79,246,110,59,0.172,0.3529,0.2033
1589381184.3009915,110,255,137,254,119,3,22,2,232,255,159,253,209,255,238,255,153,0,143,13,115,255,90,1,227,19,121,247,75,246,114,59,0.1584,0.3861,0.2033
1589381184.3102257,109,255,142,254,123,3,22,2,232,255,159,253,39,0,8,0,76,0,143,13,115,255,90,1,221,19,121,247,77,246,116,59,0.1584,0.3861,0.1906
1589381184.3228629,107,255,146,254,123,3,28,2,232,255,173,253,3,0,218,255,147,0,141,13,115,255,89,1,209,19,121,247,77,246,120,59,0.173,0.3196,0.2023
1589381184.3303292,105,255,153,254,124,3,28,2,232,255,173,253,11,0,92,0,152,255,142,13,115,255,90,1,219,19,116,247,79,246,116,59,0.173,0.3196,0.2023
1589381184.3430123,101,255,156,254,115,3,28,2,232,255,173,253,191,255,36,0,18,0,142,13,114,255,90,1,217,19,110,247,74,246,115,59,0.1848,0.3275,0.1896
1589381184.3488674,99,255,157,254,125,3,28,2,232,255,173,253,7,0,54,0,109,255,144,13,114,255,91,1,230,19,108,247,74,246,111,59,0.1848,0.3275,0.1896
1589381184.3606105,110,255,170,254,121,3,28,2,232,255,173,253,245,255,117,0,111,255,145,13,114,255,91,1,243,19,100,247,75,246,105,59,0.1701,0.2923,0.1896
1589381184.3677237,97,255,162,254,123,3,43,2,221,255,160,253,15,0,125,0,47,255,148,13,113,255,91,1,5,20,93,247,77,246,98,59,0.1701,0.2923,0.2004
1589381184.379226,100,255,161,254,124,3,43,2,221,255,160,253,19,0,119,0,254,254,150,13,113,255,91,1,28,20,88,247,79,246,90,59,0.1867,0.2933,0.2004
1589381184.388405,99,255,158,254,115,3,43,2,221,255,160,253,59,0,143,0,234,254,153,13,113,255,91,1,53,20,81,247,84,246,82,59,0.1867,0.2933,0.2141
1589381184.3994682,103,255,167,254,118,3,43,2,221,255,160,253,33,0,46,0,210,254,156,13,113,255,91,1,78,20,82,247,85,246,73,59,0.1681,0.3343,0.2141
1589381184.4146545,102,255,168,254,125,3,43,2,221,255,160,253,245,255,30,0,56,254,161,13,115,255,92,1,115,20,86,247,79,246,60,59,0.1984,0.3363,0.1984
1589381184.4214675,99,255,170,254,125,3,104,2,173,255,140,253,255,255,234,255,236,253,166,13,117,255,93,1,157,20,94,247,73,246,46,59,0.1984,0.3363,0.2092
1589381184.4278557,135,255,207,254,106,3,104,2,173,255,140,253,247,255,56,0,91,254,170,13,118,255,93,1,191,20,95,247,70,246,33,59,0.1984,0.3363,0.2092
1589381184.4375477,97,255,168,254,127,3,104,2,173,255,140,253,116,0,10,0,153,253,176,13,120,255,93,1,242,20,106,247,72,246,18,59,0.1691,0.1789,0.2092
1589381184.4435108,97,255,168,254,127,3,104,2,173,255,140,253,116,0,10,0,153,253,176,13,120,255,93,1,242,20,106,247,72,246,18,59,0.1691,0.1789,0.1877
1589381184.4511502,94,255,155,254,102,3,104,2,173,255,140,253,209,255,50,0,254,253,181,13,121,255,94,1,27,21,107,247,64,246,2,59,0.1691,0.1789,0.1877
1589381184.462438,92,255,140,254,118,3,104,2,173,255,140,253,215,255,20,0,179,253,187,13,123,255,96,1,74,21,111,247,55,246,240,58,0.174,0.1799,0.1975
1589381184.4732034,108,255,151,254,123,3,32,3,44,255,160,253,79,0,58,0,66,253,194,13,125,255,96,1,131,21,118,247,54,246,220,58,0.176,0.1632,0.172
1589381184.4789774,85,255,134,254,123,3,32,3,44,255,160,253,27,0,254,255,127,254,198,13,127,255,96,1,162,21,124,247,52,246,209,58,0.176,0.1632,0.172
1589381184.4934666,83,255,130,254,104,3,32,3,44,255,160,253,185,255,58,0,141,254,201,13,128,255,97,1,192,21,122,247,44,246,197,58,0.1789,0.1632,0.1818
1589381184.5002708,91,255,118,254,118,3,32,3,44,255,160,253,31,0,133,0,125,254,205,13,128,255,97,1,225,21,118,247,46,246,184,58,0.1789,0.1632,0.1818
1589381184.512844,85,255,77,254,118,3,32,3,44,255,160,253,7,0,159,0,125,255,207,13,127,255,98,1,237,21,107,247,49,246,178,58,0.1906,0.1447,0.2082
1589381184.518316,120,255,97,254,118,3,83,5,10,254,162,254,83,0,238,255,156,255,208,13,127,255,97,1,246,21,112,247,54,246,177,58,0.1906,0.1447,0.2082
1589381184.5321581,138,255,117,254,111,3,83,5,10,254,162,254,243,255,216,255,37,255,210,13,129,255,97,1,7,22,118,247,49,246,171,58,0.1887,0.1437,0.2033
1589381184.5388286,128,255,110,254,111,3,83,5,10,254,162,254,59,0,16,0,200,254,213,13,130,255,97,1,32,22,122,247,51,246,162,58,0.1887,0.1437,0.2033
1589381184.5525565,125,255,163,254,114,3,83,5,10,254,162,254,231,255,212,255,119,255,214,13,130,255,98,1,42,22,127,247,46,246,158,58,0.1818,0.1408,0.2405
1589381184.5604358,121,255,174,254,128,3,83,5,10,254,162,254,15,0,64,0,135,254,218,13,131,255,98,1,73,22,127,247,45,246,146,58,0.1818,0.1408,0.2405
1589381184.571176,120,255,185,254,125,3,120,4,111,255,165,253,227,255,172,255,117,255,219,13,132,255,98,1,83,22,135,247,38,246,142,58,0.1564,0.1906,0.2551
1589381184.5788562,116,255,178,254,128,3,120,4,111,255,165,253,235,255,238,255,157,254,223,13,134,255,99,1,111,22,141,247,32,246,132,58,0.1564,0.1906,0.2551
1589381184.5885732,118,255,180,254,116,3,120,4,111,255,165,253,55,0,222,255,236,254,225,13,135,255,99,1,133,22,149,247,32,246,124,58,0.1662,0.1799,0.2551
1589381184.5992293,125,255,177,254,121,3,120,4,111,255,165,253,239,255,74,0,53,255,227,13,135,255,99,1,149,22,145,247,31,246,117,58,0.1662,0.1799,0.2903
1589381184.6112676,130,255,181,254,123,3,120,4,111,255,165,253,61,0,90,0,131,254,231,13,136,255,99,1,181,22,145,247,34,246,105,58,0.1672,0.175,0.26
1589381184.622928,115,255,178,254,130,3,193,2,220,255,112,253,45,0,117,255,0,255,234,13,138,255,99,1,200,22,161,247,33,246,100,58,0.1681,0.175,0.26
1589381184.629746,118,255,174,254,125,3,193,2,220,255,112,253,21,0,22,0,4,255,236,13,139,255,98,1,220,22,163,247,35,246,93,58,0.1681,0.1056,0.2454
1589381184.6453571,122,255,181,254,116,3,193,2,220,255,112,253,63,0,137,255,194,255,236,13,140,255,98,1,224,22,175,247,38,246,93,58,0.1662,0.1349,0.2444
1589381184.6519382,134,255,188,254,117,3,193,2,220,255,112,253,65,0,4,0,135,255,238,13,140,255,97,1,234,22,178,247,44,246,91,58,0.1662,0.1349,0.2444
1589381184.6662695,139,255,174,254,123,3,193,2,220,255,112,253,53,0,202,255,55,255,239,13,141,255,96,1,250,22,188,247,46,246,86,58,0.1701,0.175,0.2258
1589381184.6719637,139,255,165,254,124,3,75,2,12,0,133,253,81,0,194,255,30,255,242,13,143,255,96,1,12,23,198,247,49,246,81,58,0.1701,0.175,0.2258
1589381184.6839688,138,255,161,254,127,3,75,2,12,0,133,253,89,0,123,0,20,255,244,13,142,255,95,1,33,23,195,247,58,246,74,58,0.1672,0.1564,0.2111
1589381184.690409,136,255,156,254,115,3,75,2,12,0,133,253,233,255,16,0,202,255,245,13,142,255,95,1,38,23,194,247,57,246,72,58,0.1672,0.1564,0.2111
1589381184.7038631,134,255,143,254,123,3,75,2,12,0,133,253,213,255,188,255,101,255,246,13,144,255,96,1,48,23,200,247,49,246,67,58,0.1681,0.1711,0.2336
1589381184.712027,141,255,151,254,119,3,75,2,12,0,133,253,207,255,84,0,71,255,248,13,144,255,97,1,64,23,194,247,46,246,60,58,0.1681,0.1711,0.2336
1589381184.7238264,141,255,142,254,126,3,35,2,14,0,114,253,199,255,236,255,168,255,249,13,144,255,97,1,70,23,195,247,40,246,56,58,0.1662,0.1505,0.2346
1589381184.7296834,152,255,153,254,119,3,35,2,14,0,114,253,201,255,143,0,48,0,248,13,143,255,98,1,67,23,181,247,40,246,56,58,0.1662,0.1505,0.2346
1589381184.7398996,154,255,158,254,115,3,35,2,14,0,114,253,229,255,254,255,45,255,251,13,143,255,98,1,84,23,184,247,36,246,49,58,0.1564,0.1554,0.2346
1589381184.7508907,148,255,155,254,114,3,35,2,14,0,114,253,75,0,216,255,91,255,252,13,144,255,98,1,97,23,192,247,39,246,45,58,0.1564,0.1554,0.2248
1589381184.7622972,145,255,151,254,117,3,35,2,14,0,114,253,47,0,80,0,85,255,254,13,144,255,97,1,112,23,189,247,43,246,39,58,0.1672,0.1271,0.2366
1589381184.7692142,133,255,135,254,122,3,25,2,33,0,125,253,9,0,196,255,67,255,0,14,146,255,98,1,126,23,197,247,39,246,34,58,0.1672,0.1271,0.2366
1589381184.7797453,145,255,132,254,123,3,25,2,33,0,125,253,23,0,234,255,69,255,1,14,146,255,98,1,141,23,202,247,37,246,28,58,0.1564,0.1241,0.2219
1589381184.7905874,147,255,136,254,113,3,25,2,33,0,125,253,189,255,70,0,37,255,4,14,147,255,99,1,158,23,197,247,31,246,19,58,0.1564,0.1241,0.2219
1589381184.8023417,173,255,154,254,122,3,25,2,33,0,125,253,103,0,129,0,248,255,4,14,146,255,98,1,162,23,191,247,43,246,19,58,0.1672,0.1232,0.1984
1589381184.8164299,179,255,171,254,119,3,25,2,33,0,125,253,71,0,216,255,28,254,9,14,148,255,98,1,200,23,203,247,42,246,5,58,0.1838,0.1349,0.1994
1589381184.822268,177,255,186,254,127,3,14,2,24,0,133,253,29,0,186,255,190,254,12,14,150,255,98,1,224,23,213,247,38,246,252,57,0.1838,0.1349,0.1994
1589381184.834191,174,255,191,254,129,3,14,2,24,0,133,253,75,0,76,0,22,254,17,14,151,255,97,1,9,24,216,247,41,246,236,57,0.1711,0.131,0.1984
1589381184.8404343,158,255,173,254,113,3,14,2,24,0,133,253,239,255,82,0,222,253,22,14,152,255,98,1,52,24,217,247,37,246,217,57,0.1711,0.131,0.1984
1589381184.8535655,163,255,159,254,119,3,14,2,24,0,133,253,15,0,56,0,210,253,28,14,153,255,99,1,97,24,220,247,34,246,199,57,0.1906,0.1486,0.0567
1589381184.8616407,159,255,146,254,129,3,14,2,24,0,133,253,249,255,224,255,163,253,33,14,156,255,99,1,144,24,231,247,26,246,179,57,0.1906,0.1486,0.0567
1589381184.874759,177,255,135,254,150,3,8,2,30,0,132,253,229,255,141,0,44,253,41,14,157,255,100,1,202,24,228,247,20,246,153,57,0.259,0.1457,0.0567
1589381184.881608,184,255,155,254,124,3,8,2,30,0,132,253,13,0,58,0,141,253,47,14,159,255,101,1,252,24,233,247,17,246,131,57,0.259,0.1457,0.0567
1589381184.8928523,182,255,161,254,115,3,8,2,30,0,132,253,37,0,96,0,100,252,56,14,162,255,101,1,69,25,239,247,13,246,99,57,0.2923,0.1457,0.1799
1589381184.8997142,173,255,159,254,113,3,8,2,30,0,132,253,27,0,123,0,197,252,64,14,164,255,102,1,135,25,241,247,10,246,70,57,0.2923,0.1457,0.1799
1589381184.9116344,238,246,96,245,231,253,8,2,30,0,132,253,32,250,93,2,141,239,105,14,174,255,120,1,195,26,200,247,125,245,150,56,0.262,0.1437,0.1799
1589381184.9194045,103,2,109,4,78,1,228,1,78,0,178,253,255,253,178,255,229,236,152,14,194,255,129,1,48,28,2,248,30,245,217,55,0.262,0.1437,0.172
1589381184.9303846,188,255,236,254,6,2,228,1,78,0,178,253,202,5,29,5,90,237,202,14,201,255,117,1,185,29,30,248,141,245,38,55,0.2727,0.1437,0.172
1589381184.9420848,0,0,67,255,243,5,228,1,78,0,178,253,217,1,254,2,19,238,248,14,212,255,115,1,28,31,57,248,159,245,104,54,0.2727,0.1437,0.2072
1589381184.953731,11,255,37,0,29,3,228,1,78,0,178,253,126,255,152,255,131,240,30,15,228,255,118,1,59,32,116,248,104,245,190,53,0.2884,0.13,0.2111
1589381184.9622123,185,255,124,255,240,3,228,1,78,0,178,253,144,0,177,1,254,241,66,15,238,255,117,1,69,33,142,248,97,245,28,53,0.2884,0.13,0.2111
1589381184.9735715,215,255,190,255,157,3,230,1,160,0,172,253,29,0,205,0,35,244,95,15,248,255,117,1,34,34,173,248,78,245,145,52,0.304,0.132,0.1877
1589381184.9829135,158,255,0,0,143,3,230,1,160,0,172,253,122,0,236,0,26,246,120,15,255,255,116,1,217,34,198,248,73,245,26,52,0.263,0.132,0.1877
1589381184.9899838,214,255,242,255,155,3,230,1,160,0,172,253,85,0,248,0,173,247,142,15,4,0,115,1,115,35,216,248,70,245,179,51,0.263,0.1867,0.1642
1589381185.005204,219,255,238,255,152,3,230,1,160,0,172,253,49,0,121,0,186,249,157,15,9,0,115,1,229,35,233,248,64,245,102,51,0.2717,0.1398,0.1926
1589381185.01232,2,0,175,255,153,3,230,1,160,0,172,253,147,255,117,0,179,251,168,15,12,0,116,1,50,36,236,248,52,245,45,51,0.2717,0.1398,0.1926
1589381185.0253134,242,255,26,255,138,3,190,1,240,0,178,253,75,0,246,255,77,254,172,15,14,0,115,1,81,36,246,248,52,245,25,51,0.2708,0.1828,0.2346
1589381185.0313094,2,0,7,255,121,3,190,1,240,0,178,253,207,255,0,0,57,255,174,15,15,0,115,1,95,36,247,248,47,245,14,51,0.2708,0.1828,0.2346
1589381185.0444825,8,0,242,254,120,3,190,1,240,0,178,253,170,0,12,0,234,255,175,15,15,0,114,1,98,36,255,248,59,245,16,51,0.3157,0.1848,0.1975
1589381185.0504606,189,255,219,254,122,3,190,1,240,0,178,253,219,255,194,255,0,2,169,15,13,0,114,1,61,36,250,248,58,245,41,51,0.3157,0.1848,0.1975
1589381185.0622528,252,255,220,254,136,3,190,1,240,0,178,253,151,255,123,255,63,2,164,15,12,0,115,1,18,36,245,248,50,245,69,51,0.2757,0.1848,0.1975
1589381185.070134,40,0,224,254,134,3,180,1,16,1,178,253,31,0,214,255,16,2,158,15,11,0,115,1,237,35,242,248,55,245,95,51,0.2757,0.1525,0.2678
1589381185.084423,38,0,207,254,136,3,180,1,16,1,178,253,221,255,162,255,171,1,154,15,10,0,115,1,206,35,241,248,52,245,116,51,0.3138,0.1525,0.2336
1589381185.0906472,0,0,202,254,118,3,180,1,16,1,178,253,63,0,137,255,71,2,148,15,9,0,115,1,164,35,244,248,56,245,147,51,0.3138,0.1525,0.2336
1589381185.1011136,6,0,196,254,119,3,180,1,16,1,178,253,41,0,2,0,222,1,144,15,7,0,115,1,131,35,239,248,64,245,170,51,0.2786,0.1466,0.2336
1589381185.1126137,7,0,205,254,122,3,180,1,16,1,178,253,7,0,234,255,34,2,138,15,5,0,115,1,93,35,232,248,68,245,197,51,0.2786,0.1466,0.2766
1589381185.1242268,253,255,208,254,131,3,174,1,1,1,172,253,43,0,184,255,49,2,133,15,4,0,114,1,53,35,231,248,73,245,225,51,0.3118,0.1457,0.1838
1589381185.131942,0,0,223,254,122,3,174,1,1,1,172,253,39,0,234,255,254,1,128,15,2,0,114,1,17,35,227,248,79,245,250,51,0.3118,0.1457,0.1838
1589381185.1430323,254,255,217,254,116,3,174,1,1,1,172,253,3,0,20,0,20,2,123,15,0,0,112,1,238,34,227,248,98,245,21,52,0.2786,0.1408,0.2346
1589381185.1510923,0,0,215,254,113,3,174,1,1,1,172,253,19,1,40,0,93,4,112,15,252,255,108,1,163,34,226,248,137,245,79,52,0.2786,0.1408,0.2346
1589381185.1627414,222,254,187,252,74,2,174,1,1,1,172,253,74,255,232,253,136,10,85,15,247,255,110,1,218,33,217,248,125,245,206,52,0.3118,0.1457,0.1896
1589381185.1702168,232,0,88,255,204,3,174,1,12,1,191,253,142,255,49,255,167,8,63,15,240,255,111,1,55,33,196,248,129,245,51,53,0.3118,0.1457,0.1896
1589381185.1811178,96,0,221,254,156,3,174,1,12,1,191,253,249,255,157,0,184,10,37,15,228,255,110,1,115,32,146,248,163,245,171,53,0.2776,0.1193,0.1906
1589381185.1951292,193,255,48,252,112,3,174,1,12,1,191,253,195,255,159,1,10,3,30,15,222,255,111,1,64,32,102,248,185,245,200,53,0.2825,0.132,0.1906
1589381185.200866,48,255,68,0,48,4,174,1,12,1,191,253,203,255,186,255,206,1,25,15,221,255,111,1,29,32,98,248,183,245,220,53,0.2825,0.132,0.1877
1589381185.2161932,231,255,79,254,53,3,174,1,12,1,191,253,189,255,168,255,6,0,25,15,222,255,112,1,27,32,102,248,174,245,220,53,0.2825,0.1408,0.1935
1589381185.2221334,202,255,161,254,135,3,187,1,252,0,172,253,191,255,125,255,6,0,25,15,223,255,112,1,24,32,109,248,164,245,221,53,0.2825,0.1408,0.1935
1589381185.2351086,236,255,106,254,127,3,187,1,252,0,172,253,19,0,162,255,98,0,24,15,223,255,112,1,16,32,115,248,162,245,226,53,0.2805,0.1241,0.1906
1589381185.2418227,225,255,79,254,105,3,187,1,252,0,172,253,91,0,248,255,238,255,24,15,223,255,111,1,18,32,119,248,168,245,227,53,0.2805,0.1241,0.1906
1589381185.253379,225,255,101,254,116,3,187,1,252,0,172,253,146,0,214,255,56,0,23,15,223,255,110,1,15,32,128,248,178,245,232,53,0.2796,0.1476,0.2043
1589381185.263472,219,255,90,254,114,3,187,1,252,0,172,253,75,0,2,0,244,255,23,15,223,255,109,1,17,32,131,248,183,245,232,53,0.2796,0.1476,0.2043
1589381185.2711635,224,255,90,254,126,3,206,1,240,0,184,253,57,0,180,255,252,255,23,15,224,255,108,1,16,32,139,248,184,245,234,53,0.2805,0.1476,0.2043
1589381185.2810943,223,255,106,254,115,3,206,1,240,0,184,253,211,255,234,255,172,255,24,15,225,255,109,1,22,32,140,248,179,245,230,53,0.2805,0.129,0.2023
1589381185.2933764,224,255,86,254,110,3,206,1,240,0,184,253,225,255,46,0,44,0,24,15,224,255,109,1,19,32,135,248,179,245,231,53,0.2737,0.1515,0.2023
1589381185.3054807,224,255,90,254,107,3,206,1,240,0,184,253,15,0,36,0,200,255,24,15,224,255,110,1,23,32,131,248,176,245,227,53,0.2815,0.1515,0.2063
1589381185.314209,227,255,99,254,122,3,206,1,240,0,184,253,19,0,6,0,32,0,24,15,224,255,110,1,21,32,129,248,173,245,228,53,0.2815,0.1212,0.2063
1589381185.321804,219,255,100,254,119,3,211,1,241,0,178,253,205,255,220,255,117,255,25,15,225,255,111,1,29,32,129,248,163,245,221,53,0.2815,0.1212,0.2063
1589381185.3347144,223,255,97,254,119,3,211,1,241,0,178,253,21,0,10,0,218,255,26,15,225,255,111,1,32,32,128,248,162,245,218,53,0.2757,0.1349,0.2063
1589381185.3429205,223,255,95,254,102,3,211,1,241,0,178,253,209,255,240,255,166,255,27,15,225,255,112,1,38,32,126,248,153,245,213,53,0.2757,0.1349,0.2063
1589381185.3545184,225,255,92,254,114,3,211,1,241,0,178,253,249,255,240,255,121,255,28,15,226,255,113,1,47,32,127,248,147,245,207,53,0.3196,0.13,0.2063
1589381185.3647127,221,255,99,254,113,3,211,1,241,0,178,253,1,0,0,0,196,255,28,15,226,255,113,1,51,32,125,248,143,245,203,53,0.3275,0.13,0.2063
1589381185.37177,222,255,102,254,124,3,193,1,248,0,178,253,243,255,56,0,18,0,28,15,226,255,114,1,50,32,119,248,142,245,203,53,0.3275,0.1496,0.1994
1589381185.3866673,222,255,93,254,113,3,193,1,248,0,178,253,159,255,210,255,188,255,29,15,226,255,115,1,53,32,117,248,130,245,198,53,0.3392,0.1457,0.1994
1589381185.392872,225,255,95,254,110,3,193,1,248,0,178,253,229,255,44,0,200,255,30,15,226,255,116,1,57,32,112,248,126,245,194,53,0.3392,0.1457,0.1994
1589381185.4032452,220,255,96,254,108,3,193,1,248,0,178,253,81,0,182,255,56,0,29,15,226,255,115,1,52,32,118,248,127,245,198,53,0.304,0.1544,0.1994
1589381185.4144444,221,255,98,254,117,3,193,1,248,0,178,253,249,255,141,255,48,0,28,15,227,255,116,1,47,32,123,248,120,245,201,53,0.304,0.1544,0.2092
1589381185.4273167,221,255,97,254,116,3,219,1,241,0,178,253,13,0,10,0,26,0,28,15,227,255,116,1,45,32,121,248,119,245,202,53,0.306,0.2063,0.2111
1589381185.434131,226,255,98,254,124,3,219,1,241,0,178,253,233,255,254,255,250,255,28,15,227,255,116,1,44,32,119,248,115,245,201,53,0.306,0.2063,0.2111
1589381185.443336,220,255,100,254,110,3,219,1,241,0,178,253,219,255,28,0,246,255,28,15,227,255,117,1,45,32,114,248,111,245,199,53,0.2933,0.1437,0.2111
1589381185.4528482,223,255,95,254,113,3,219,1,241,0,178,253,211,255,46,0,141,255,29,15,227,255,118,1,53,32,108,248,107,245,193,53,0.2933,0.1437,0.1906
1589381185.4652324,222,255,96,254,112,3,219,1,241,0,178,253,126,0,115,255,66,0,28,15,228,255,117,1,47,32,121,248,108,245,198,53,0.3118,0.176,0.1877
1589381185.4734614,225,255,95,254,119,3,212,1,241,0,172,253,15,0,246,255,236,255,29,15,228,255,117,1,48,32,121,248,106,245,197,53,0.3118,0.176,0.1877
1589381185.4849727,223,255,97,254,114,3,212,1,241,0,172,253,221,255,58,0,226,255,29,15,227,255,118,1,51,32,114,248,104,245,194,53,0.2825,0.1281,0.1848
1589381185.4937067,225,255,97,254,108,3,212,1,241,0,172,253,245,255,230,255,232,255,29,15,228,255,118,1,52,32,114,248,99,245,193,53,0.2825,0.1281,0.1848
1589381185.5050979,223,255,96,254,109,3,212,1,241,0,172,253,104,255,210,255,64,0,28,15,228,255,120,1,45,32,109,248,85,245,193,53,0.3118,0.129,0.2023
1589381185.515089,224,255,93,254,115,3,212,1,241,0,172,253,191,255,238,255,18,0,28,15,228,255,121,1,42,32,105,248,77,245,193,53,0.2786,0.129,0.2023
1589381185.5253673,222,255,96,254,120,3,208,1,230,0,165,253,59,0,238,255,248,255,28,15,228,255,121,1,42,32,108,248,79,245,194,53,0.2786,0.129,0.1701
1589381185.5364866,223,255,98,254,121,3,208,1,230,0,165,253,114,0,60,0,168,255,29,15,228,255,120,1,50,32,109,248,87,245,190,53,0.3118,0.132,0.1701
1589381185.5431926,222,255,100,254,109,3,208,1,230,0,165,253,157,255,168,255,58,0,28,15,228,255,121,1,44,32,109,248,75,245,192,53,0.3118,0.132,0.1955
1589381185.5584269,225,255,96,254,115,3,208,1,230,0,165,253,155,255,210,255,76,0,27,15,228,255,122,1,36,32,105,248,65,245,194,53,0.2786,0.1457,0.2278
1589381185.5658472,224,255,95,254,117,3,208,1,230,0,165,253,88,255,100,0,202,255,28,15,228,255,124,1,40,32,90,248,56,245,188,53,0.2786,0.1457,0.2278
1589381185.577032,223,255,97,254,119,3,219,1,230,0,184,253,57,0,210,255,148,255,29,15,229,255,124,1,47,32,97,248,55,245,184,53,0.3118,0.1457,0.2727
1589381185.5829432,220,255,99,254,122,3,219,1,230,0,184,253,245,255,52,0,188,255,30,15,228,255,124,1,53,32,93,248,55,245,180,53,0.3118,0.1457,0.2727
1589381185.5971835,222,255,99,254,110,3,219,1,230,0,184,253,57,0,250,255,196,255,31,15,229,255,123,1,57,32,95,248,58,245,178,53,0.2796,0.1378,0.2366
1589381185.6034207,224,255,95,254,111,3,219,1,230,0,184,253,55,0,18,0,22,0,30,15,228,255,123,1,56,32,95,248,61,245,180,53,0.2796,0.1378,0.2366
1589381185.617751,222,255,98,254,118,3,219,1,230,0,184,253,217,255,2,0,115,0,29,15,228,255,124,1,47,32,90,248,58,245,184,53,0.3118,0.1251,0.2923
1589381185.6234398,225,255,97,254,117,3,212,1,236,0,178,253,29,0,174,255,60,0,28,15,228,255,124,1,42,32,96,248,56,245,187,53,0.3118,0.1251,0.2923
1589381185.633073,223,255,98,254,119,3,212,1,236,0,178,253,247,255,94,0,252,255,29,15,227,255,124,1,43,32,88,248,59,245,186,53,0.2805,0.1515,0.2923
1589381185.6441875,223,255,97,254,109,3,212,1,236,0,178,253,11,0,143,255,143,255,30,15,229,255,124,1,50,32,97,248,53,245,182,53,0.2805,0.1515,0.2356
1589381185.6538613,223,255,97,254,110,3,212,1,236,0,178,253,169,255,204,255,188,255,30,15,230,255,125,1,53,32,97,248,42,245,178,53,0.3157,0.1369,0.2356
1589381185.6659276,222,255,97,254,117,3,212,1,236,0,178,253,205,255,24,0,10,0,30,15,229,255,126,1,52,32,92,248,39,245,177,53,0.3157,0.1369,0.2229
1589381185.6735878,223,255,95,254,119,3,208,1,230,0,172,253,23,0,24,0,210,255,30,15,229,255,125,1,55,32,91,248,40,245,175,53,0.2796,0.1515,0.2229
1589381185.689474,222,255,95,254,116,3,208,1,230,0,172,253,25,0,10,0,108,0,29,15,229,255,125,1,48,32,89,248,42,245,180,53,0.3118,0.1584,0.1828
1589381185.6960902,223,255,96,254,113,3,208,1,230,0,172,253,101,0,12,0,12,0,29,15,228,255,125,1,48,32,91,248,49,245,182,53,0.3118,0.1584,0.1828
1589381185.7091303,220,255,99,254,115,3,208,1,230,0,172,253,169,255,186,255,254,255,29,15,229,255,126,1,46,32,91,248,39,245,181,53,0.2805,0.1437,0.1799
1589381185.7158585,222,255,97,254,117,3,208,1,230,0,172,253,241,255,88,0,214,255,30,15,228,255,126,1,50,32,84,248,40,245,178,53,0.2805,0.1437,0.1799
1589381185.7281888,222,255,96,254,116,3,201,1,241,0,178,253,239,255,86,0,16,0,30,15,228,255,126,1,50,32,76,248,42,245,177,53,0.3118,0.1593,0.2121
1589381185.7340868,224,255,98,254,115,3,201,1,241,0,178,253,241,255,246,255,192,255,30,15,228,255,126,1,54,32,76,248,39,245,174,53,0.3118,0.1593,0.2121
1589381185.7476249,223,255,97,254,106,3,201,1,241,0,178,253,134,255,236,255,34,0,30,15,228,255,128,1,50,32,71,248,28,245,174,53,0.2805,0.1417,0.2102
1589381185.753987,222,255,99,254,114,3,201,1,241,0,178,253,35,0,238,255,60,0,29,15,228,255,128,1,45,32,72,248,30,245,177,53,0.2805,0.1417,0.2102
1589381185.7665844,223,255,98,254,114,3,201,1,241,0,178,253,5,0,244,255,214,255,30,15,228,255,128,1,48,32,73,248,28,245,175,53,0.3167,0.1417,0.2102
1589381185.7740023,223,255,96,254,122,3,208,1,236,0,184,253,193,255,22,0,127,0,29,15,227,255,128,1,38,32,66,248,25,245,179,53,0.3167,0.1779,0.1799
1589381185.7867336,222,255,95,254,117,3,208,1,236,0,184,253,241,255,218,255,198,255,29,15,228,255,129,1,42,32,69,248,21,245,177,53,0.2845,0.1457,0.1789
1589381185.79451,223,255,97,254,108,3,208,1,236,0,184,253,161,255,234,255,82,0,28,15,228,255,130,1,34,32,64,248,13,245,179,53,0.2845,0.1457,0.1789
1589381185.804565,224,255,95,254,116,3,208,1,236,0,184,253,9,0,152,255,8,0,28,15,229,255,130,1,33,32,71,248,8,245,180,53,0.3353,0.1672,0.1789
1589381185.8165402,221,255,96,254,117,3,208,1,236,0,184,253,229,255,10,0,125,0,27,15,228,255,130,1,23,32,67,248,7,245,185,53,0.3353,0.1672,0.1359
1589381185.8268943,223,255,96,254,116,3,195,1,236,0,184,253,159,255,20,0,156,255,28,15,228,255,131,1,30,32,62,248,255,244,178,53,0.304,0.1359,0.1378
1589381185.8339102,221,255,96,254,118,3,195,1,236,0,184,253,3,0,119,0,222,255,28,15,227,255,131,1,34,32,54,248,4,245,175,53,0.304,0.1359,0.1378
1589381185.8450365,223,255,95,254,107,3,195,1,236,0,184,253,75,0,94,0,54,0,28,15,226,255,131,1,32,32,48,248,13,245,178,53,0.2903,0.2063,0.2014
1589381185.8555768,223,255,98,254,116,3,195,1,236,0,184,253,235,255,200,255,230,255,28,15,227,255,131,1,33,32,52,248,8,245,177,53,0.2903,0.2063,0.2014
1589381185.866644,222,255,96,254,116,3,195,1,236,0,184,253,199,255,0,0,129,255,29,15,227,255,132,1,41,32,50,248,2,245,170,53,0.2708,0.1945,0.2014
1589381185.878885,223,255,95,254,120,3,212,1,236,0,172,253,253,255,182,255,196,255,30,15,228,255,132,1,44,32,56,248,254,244,168,53,0.3069,0.1789,0.173
1589381185.8853433,223,255,96,254,117,3,212,1,236,0,172,253,9,0,54,0,50,0,29,15,227,255,132,1,41,32,51,248,0,245,170,53,0.3069,0.1789,0.173
1589381185.8992436,221,255,97,254,106,3,212,1,236,0,172,253,37,0,32,0,234,255,30,15,227,255,131,1,44,32,50,248,3,245,169,53,0.2815,0.172,0.1711
1589381185.9051495,222,255,97,254,111,3,212,1,236,0,172,253,217,255,212,255,196,255,30,15,228,255,132,1,47,32,52,248,253,244,166,53,0.2815,0.172,0.1711
1589381185.9209278,223,255,97,254,119,3,212,1,236,0,172,253,75,0,20,0,37,255,32,15,229,255,131,1,64,32,57,248,1,245,157,53,0.2698,0.1388,0.218
1589381185.927507,222,255,98,254,119,3,212,1,241,0,184,253,219,255,26,0,6,0,32,15,228,255,132,1,64,32,53,248,255,244,156,53,0.2698,0.1388,0.218
1589381185.937139,221,255,95,254,118,3,212,1,241,0,184,253,13,0,80,0,104,0,32,15,227,255,132,1,58,32,45,248,4,245,160,53,0.2786,0.1349,0.218
1589381185.9455853,222,255,97,254,109,3,212,1,241,0,184,253,233,255,164,255,212,255,32,15,228,255,132,1,59,32,51,248,253,244,159,53,0.2786,0.1349,0.217
1589381185.9580255,222,255,97,254,113,3,212,1,241,0,184,253,27,0,198,255,106,0,31,15,228,255,132,1,51,32,54,248,253,244,164,53,0.2737,0.1388,0.2141
1589381185.9672046,223,255,97,254,118,3,212,1,241,0,184,253,126,0,206,255,10,0,30,15,229,255,131,1,50,32,63,248,4,245,167,53,0.2737,0.1388,0.2141
1589381185.9779828,221,255,96,254,121,3,188,1,241,0,146,253,221,255,172,255,12,0,30,15,229,255,131,1,48,32,67,248,253,244,168,53,0.2825,0.1329,0.1877
1589381185.985149,223,255,96,254,114,3,188,1,241,0,146,253,114,0,20,0,174,255,31,15,229,255,130,1,55,32,71,248,5,245,166,53,0.2825,0.1329,0.1877
1589381185.995911,222,255,95,254,108,3,188,1,241,0,146,253,233,255,160,255,220,255,31,15,230,255,130,1,56,32,77,248,254,244,165,53,0.2786,0.132,0.1877
1589381186.0049472,224,255,96,254,113,3,188,1,241,0,146,253,149,255,238,255,230,255,31,15,231,255,132,1,56,32,73,248,245,244,162,53,0.2786,0.132,0.1877
1589381186.0174234,223,255,99,254,118,3,188,1,241,0,146,253,1,0,212,255,40,0,31,15,231,255,132,1,53,32,75,248,243,244,164,53,0.2786,0.1339,0.1916
1589381186.0243065,223,255,97,254,120,3,201,1,236,0,165,253,126,0,135,0,226,255,31,15,230,255,130,1,58,32,71,248,1,245,163,53,0.2786,0.1339,0.1916
1589381186.0376167,223,255,96,254,118,3,201,1,236,0,165,253,159,255,8,0,113,0,30,15,229,255,131,1,49,32,64,248,251,244,166,53,0.2796,0.131,0.2043
1589381186.0511918,223,255,97,254,107,3,201,1,236,0,165,253,47,0,0,0,70,0,30,15,229,255,131,1,44,32,65,248,254,244,170,53,0.2786,0.13,0.2043
