time,acc_x,acc_y,acc_z,mag_x,mag_y,mag_z,gyr_x,gyr_y,gyr_z,ori_x,ori_y,ori_z,q,p1,p2,p3,A0,A1,A2
1588868978.2301447,3.3,-1.54,9.08,-0.11,0.47444444444444445,-0.7511111111111111,-0.125,-0.1875,0.0,337.625,19.3125,9.4375,-0.96392822265625,0.044677734375,0.18072509765625,-0.1903076171875,27.14034681759755,17.864834297117845,52.850105437861465
1588868978.255009,3.3,-1.52,9.01,-0.11,0.47444444444444445,-0.7511111111111111,0.0,-0.25,-0.0625,337.625,19.3125,9.4375,-0.96392822265625,0.044677734375,0.18072509765625,-0.1903076171875,29.500150765590444,23.28274212623503,51.99768282575427
1588868978.2810025,3.3,-1.52,9.06,-0.09,0.48,-0.7233333333333334,-0.125,-0.5625,0.0,337.625,19.3125,9.4375,-0.96392822265625,0.044677734375,0.18072509765625,-0.1903076171875,31.558997269339205,22.517609816543708,53.181121364456324
1588868978.302501,3.32,-1.52,8.93,-0.09,0.48,-0.7233333333333334,-0.125,-0.4375,0.0,337.625,19.3125,9.4375,-0.9638671875,0.044677734375,0.1807861328125,-0.1903076171875,29.33881369411944,16.24211283445914,57.98403176281673
1588868978.320465,3.33,-1.52,9.02,-0.09,0.48,-0.7233333333333334,-0.1875,-0.375,0.0,337.625,19.3125,9.4375,-0.9638671875,0.04461669921875,0.18084716796875,-0.19036865234375,31.558997269339205,16.24211283445914,66.32524475532618
1588868978.3463786,3.32,-1.54,8.96,-0.09555555555555556,0.48,-0.7377777777777778,-0.1875,-0.375,0.0,337.625,19.3125,9.4375,-0.9638671875,0.04461669921875,0.18084716796875,-0.19036865234375,29.33881369411944,17.562821226843337,56.08446249375368
1588868978.373957,3.33,-1.53,9.06,-0.09555555555555556,0.48,-0.7377777777777778,-0.125,-0.3125,0.0,337.625,19.3125,9.4375,-0.9638671875,0.04461669921875,0.18084716796875,-0.19036865234375,29.17759226304936,15.809877462669219,53.0242907437566
1588868978.3942742,3.32,-1.52,9.07,-0.09555555555555556,0.47444444444444445,-0.7377777777777778,-0.0625,-0.5,-0.0625,337.625,19.3125,9.4375,-0.9638671875,0.04461669921875,0.18084716796875,-0.19036865234375,29.17759226304936,16.391510137339036,53.0242907437566
1588868978.4169798,3.3,-1.54,9.02,-0.09555555555555556,0.47444444444444445,-0.7377777777777778,0.0,-0.5,0.0,337.625,19.3125,9.4375,-0.9638671875,0.04461669921875,0.18084716796875,-0.19036865234375,29.17759226304936,15.231022980855409,53.181121364456324
1588868978.436918,3.32,-1.53,9.0,-0.09,0.48,-0.73,0.0,-0.1875,0.0,337.625,19.3125,9.4375,-0.9638671875,0.04461669921875,0.18084716796875,-0.19036865234375,29.01648694432879,20.55044610343053,53.181121364456324
1588868978.4585063,3.31,-1.52,9.0,-0.09,0.48,-0.73,-0.125,-0.3125,-0.125,337.625,19.3125,9.4375,-0.9638671875,0.04461669921875,0.18084716796875,-0.19036865234375,29.17759226304936,16.54108526057354,53.181121364456324
1588868978.4789805,3.31,-1.51,9.11,-0.09,0.4866666666666667,-0.7377777777777778,-0.125,-0.3125,0.0,337.625,19.3125,9.4375,-0.9638671875,0.04461669921875,0.18084716796875,-0.19036865234375,27.763904644732925,35.72891636759902,53.0242907437566
1588868978.5012732,3.32,-1.53,8.98,-0.09,0.4866666666666667,-0.7377777777777778,-0.0625,-0.5,-0.125,337.625,19.3125,9.4375,-0.9638671875,0.04461669921875,0.18084716796875,-0.19036865234375,29.33881369411944,16.975847776444198,53.0242907437566
1588868978.52625,3.3,-1.53,9.05,-0.09,0.4866666666666667,-0.7377777777777778,-0.0625,-0.375,-0.0625,337.625,19.3125,9.4375,-0.9638671875,0.04461669921875,0.18084716796875,-0.19036865234375,29.500150765590444,16.54108526057354,53.181121364456324
1588868978.5503027,3.32,-1.53,8.95,-0.07555555555555556,0.49333333333333335,-0.7233333333333334,0.125,-0.0625,-0.1875,337.625,19.3125,9.4375,-0.9638671875,0.04461669921875,0.18084716796875,-0.19036865234375,31.868554859399378,17.713743806569802,53.3554483828747
1588868978.5714598,3.33,-1.54,9.0,-0.07555555555555556,0.49333333333333335,-0.7233333333333334,0.125,0.0625,0.0,337.625,19.3125,9.4375,-0.9638671875,0.04461669921875,0.18084716796875,-0.19036865234375,29.500150765590444,16.690837014236124,53.0242907437566
1588868978.5931444,3.33,-1.52,9.05,-0.09555555555555556,0.4866666666666667,-0.7177777777777777,0.1875,-0.1875,-0.125,337.625,19.3125,9.4375,-0.9638671875,0.04461669921875,0.18084716796875,-0.19036865234375,33.307373050916304,18.74441732700457,53.3554483828747
1588868978.6263876,3.34,-1.53,9.03,-0.09555555555555556,0.4866666666666667,-0.7177777777777777,0.1875,0.0,-0.125,337.625,19.3125,9.4375,-0.9638671875,0.04461669921875,0.18084716796875,-0.19036865234375,31.558997269339205,18.45567204384738,53.3554483828747
1588868978.6470072,3.31,-1.52,8.97,-0.09,0.48,-0.7377777777777778,0.3125,0.0625,0.0,337.625,19.3125,9.4375,-0.9638671875,0.04461669921875,0.18084716796875,-0.19036865234375,30.292358577146732,18.896622454348467,59.891754056104936
1588868978.6703944,3.33,-1.51,9.05,-0.09,0.48,-0.7377777777777778,0.25,0.25,-0.0625,337.625,19.3125,9.4375,-0.9638671875,0.04461669921875,0.18084716796875,-0.19036865234375,31.558997269339205,19.201511991769348,53.181121364456324
1588868978.6926818,3.33,-1.53,9.01,-0.11666666666666667,0.49333333333333335,-0.7177777777777777,0.1875,0.3125,0.0625,337.625,19.3125,9.4375,-0.9638671875,0.04461669921875,0.18084716796875,-0.19036865234375,31.558997269339205,21.15203002598206,52.50195955511234
1588868978.7207332,3.33,-1.51,9.07,-0.11666666666666667,0.49333333333333335,-0.7177777777777777,0.125,0.5,0.0,337.625,19.3125,9.4375,-0.9638671875,0.04461669921875,0.18084716796875,-0.19036865234375,29.17759226304936,16.24211283445914,65.8052980819276
1588868978.7477107,3.32,-1.54,8.95,-0.09555555555555556,0.49333333333333335,-0.7233333333333334,0.125,0.1875,-0.0625,337.625,19.3125,9.4375,-0.9638671875,0.04461669921875,0.18084716796875,-0.19036865234375,31.558997269339205,20.089243923297587,53.181121364456324
1588868978.771554,3.3,-1.53,9.05,-0.09555555555555556,0.49333333333333335,-0.7233333333333334,0.3125,0.0625,-0.125,337.625,19.3125,9.4375,-0.9638671875,0.04461669921875,0.18084716796875,-0.19036865234375,31.396230917995325,17.27653474707426,56.94528098488802
1588868978.7980335,3.33,-1.52,8.93,-0.11666666666666667,0.4866666666666667,-0.7111111111111111,0.0,0.1875,-0.1875,337.625,19.3125,9.4375,-0.9638671875,0.04461669921875,0.18084716796875,-0.19036865234375,28.389294661085362,20.55044610343053,53.181121364456324
1588868978.8210547,3.33,-1.52,9.03,-0.11666666666666667,0.4866666666666667,-0.7111111111111111,0.1875,0.25,0.0,337.625,19.3125,9.4375,-0.9638671875,0.04461669921875,0.18084716796875,-0.19036865234375,31.23357455664216,16.690837014236124,53.529849725417066
1588868978.842648,3.32,-1.55,9.07,-0.10222222222222223,0.48,-0.6966666666666667,0.1875,0.0625,0.0625,337.625,19.3125,9.4375,-0.9638671875,0.04461669921875,0.18084716796875,-0.19036865234375,31.23357455664216,16.09289455944724,53.0242907437566
1588868978.8747516,3.33,-1.54,9.07,-0.10222222222222223,0.48,-0.6966666666666667,0.25,0.3125,-0.125,337.625,19.3125,9.4375,-0.9638671875,0.04461669921875,0.18084716796875,-0.19036865234375,31.396230917995325,16.09289455944724,53.0242907437566
1588868978.898612,3.32,-1.54,8.94,-0.09,0.47444444444444445,-0.73,0.25,0.5,0.0625,337.625,19.3125,9.4375,-0.9638671875,0.044677734375,0.1807861328125,-0.1903076171875,31.23357455664216,16.54108526057354,53.181121364456324
1588868978.9226706,3.31,-1.54,9.04,-0.09,0.47444444444444445,-0.73,0.1875,0.1875,-0.0625,337.625,19.3125,9.4375,-0.9638671875,0.044677734375,0.1807861328125,-0.1903076171875,30.924832010655972,17.864834297117845,52.327999344795295
1588868978.948578,3.32,-1.53,8.95,-0.10222222222222223,0.47444444444444445,-0.7022222222222222,0.25,0.0,-0.1875,337.625,19.3125,9.4375,-0.9638671875,0.044677734375,0.1807861328125,-0.1903076171875,29.17759226304936,19.04898765839658,53.0242907437566
1588868978.9718163,3.32,-1.51,9.08,-0.10222222222222223,0.47444444444444445,-0.7022222222222222,0.1875,0.125,-0.0625,337.625,19.3125,9.4375,-0.9638671875,0.044677734375,0.1807861328125,-0.1903076171875,30.924832010655972,20.24282612823132,59.714775820285666
1588868979.0030653,3.31,-1.53,9.01,-0.09555555555555556,0.4866666666666667,-0.7233333333333334,0.125,0.1875,-0.125,337.625,19.3125,9.4375,-0.9638671875,0.044677734375,0.1807861328125,-0.1903076171875,31.868554859399378,19.201511991769348,61.434328081998146
1588868979.0230527,3.32,-1.51,9.06,-0.09555555555555556,0.4866666666666667,-0.7233333333333334,0.25,0.1875,0.0,337.625,19.3125,9.4375,-0.9638671875,0.044677734375,0.1807861328125,-0.1903076171875,29.968677916490957,18.15236507143771,61.434328081998146
1588868979.0446362,3.32,-1.52,9.09,-0.10222222222222223,0.49333333333333335,-0.7444444444444445,-0.0625,-0.125,0.0625,337.625,19.3125,9.4375,-0.9638671875,0.044677734375,0.1807861328125,-0.1903076171875,32.50518980856193,18.15236507143771,53.181121364456324
1588868979.0722375,3.32,-1.51,9.03,-0.10222222222222223,0.49333333333333335,-0.7444444444444445,0.125,0.3125,0.0625,337.625,19.3125,9.4375,-0.9638671875,0.044677734375,0.1807861328125,-0.1903076171875,32.99601982984345,19.201511991769348,53.181121364456324
1588868979.094856,3.33,-1.51,9.06,-0.09,0.48,-0.7233333333333334,0.0,0.25,0.0625,337.625,19.3125,9.4375,-0.9638671875,0.044677734375,0.1807861328125,-0.1903076171875,27.300057074428377,20.843242613629013,53.181121364456324
1588868979.1191823,3.31,-1.54,8.97,-0.09,0.48,-0.7233333333333334,0.0625,0.1875,0.125,337.625,19.3125,9.4375,-0.9638671875,0.044677734375,0.1807861328125,-0.1903076171875,29.645452615740986,23.28274212623503,53.181121364456324
1588868979.1426914,3.33,-1.53,9.09,-0.09555555555555556,0.4866666666666667,-0.7233333333333334,0.125,0.125,0.125,337.625,19.3125,9.4375,-0.9638671875,0.044677734375,0.1807861328125,-0.1903076171875,29.17759226304936,24.192660164292448,53.529849725417066
1588868979.1768794,3.31,-1.55,9.06,-0.09555555555555556,0.4866666666666667,-0.7233333333333334,0.0,0.375,0.125,337.625,19.3125,9.4375,-0.9638671875,0.044677734375,0.1807861328125,-0.1903076171875,30.924832010655972,29.500150765590444,53.70432521302676
1588868979.1976235,3.3,-1.53,9.02,-0.09,0.48,-0.7322222222222222,0.0,0.125,0.0,337.625,19.3125,9.4375,-0.9638671875,0.044677734375,0.1807861328125,-0.1903076171875,33.47139600425526,16.24211283445914,57.98403176281673
1588868979.22294,3.31,-1.51,9.09,-0.09,0.48,-0.7322222222222222,-0.125,0.0,0.0,337.625,19.3125,9.4375,-0.9638671875,0.044677734375,0.1807861328125,-0.1903076171875,29.01648694432879,15.958752193264244,57.29712529642835
1588868979.2444134,3.31,-1.51,9.1,-0.09555555555555556,0.49333333333333335,-0.7233333333333334,0.0,0.3125,0.125,337.625,19.3125,9.4375,-0.9638671875,0.044677734375,0.1807861328125,-0.1903076171875,29.17759226304936,16.690837014236124,51.99768282575427
1588868979.2710426,3.32,-1.56,9.06,-0.09555555555555556,0.49333333333333335,-0.7233333333333334,0.125,0.75,0.1875,337.625,19.3125,9.4375,-0.96392822265625,0.044677734375,0.18072509765625,-0.1903076171875,32.99601982984345,16.975847776444198,51.99768282575427
1588868979.2902448,3.31,-1.52,9.09,-0.09,0.5011111111111111,-0.7177777777777777,0.0625,1.0,0.125,337.625,19.3125,9.4375,-0.96392822265625,0.044677734375,0.18060302734375,-0.1903076171875,29.17759226304936,18.15236507143771,52.17149961724854
1588868979.3110592,3.32,-1.53,8.98,-0.09,0.5011111111111111,-0.7177777777777777,-0.125,-0.125,0.125,337.625,19.3125,9.4375,-0.96392822265625,0.044677734375,0.1805419921875,-0.1903076171875,29.500150765590444,18.3039366116672,53.0242907437566
1588868979.3348367,3.32,-1.51,9.08,-0.09,0.49333333333333335,-0.7377777777777778,-0.4375,-0.75,-0.0625,337.625,19.3125,9.4375,-0.96392822265625,0.044677734375,0.18060302734375,-0.1903076171875,28.389294661085362,19.35419451920608,58.6720012948644
1588868979.3555546,3.33,-1.52,8.98,-0.09,0.49333333333333335,-0.7377777777777778,-0.5,-0.625,0.0625,337.625,19.3125,9.4375,-0.96392822265625,0.044677734375,0.18072509765625,-0.1903076171875,29.17759226304936,17.562821226843337,60.742196864440864
1588868979.3845046,3.32,-1.54,9.12,-0.09555555555555556,0.48,-0.7444444444444445,-0.375,0.25,-0.0625,337.625,19.3125,9.4375,-0.96392822265625,0.044677734375,0.18072509765625,-0.1903076171875,31.396230917995325,18.15236507143771,53.3554483828747
1588868979.4060886,3.3,-1.55,9.01,-0.09555555555555556,0.48,-0.7444444444444445,0.0,0.4375,0.125,337.625,19.3125,9.4375,-0.96392822265625,0.044677734375,0.18072509765625,-0.1903076171875,29.01648694432879,16.24211283445914,53.3554483828747
1588868979.424928,3.32,-1.52,9.08,-0.09555555555555556,0.48,-0.7444444444444445,0.375,0.5625,0.25,337.625,19.3125,9.4375,-0.96392822265625,0.044677734375,0.18072509765625,-0.1903076171875,31.23357455664216,18.45567204384738,53.3554483828747
1588868979.4512134,3.3,-1.54,8.93,-0.09,0.48,-0.7233333333333334,0.1875,0.9375,0.0625,337.625,19.3125,9.4375,-0.96392822265625,0.044677734375,0.18048095703125,-0.1903076171875,29.645452615740986,18.896622454348467,53.3554483828747
1588868979.4796731,3.3,-1.52,9.02,-0.09,0.48,-0.7233333333333334,0.0625,0.875,0.0,337.625,19.25,9.4375,-0.9639892578125,0.04473876953125,0.18035888671875,-0.1903076171875,29.01648694432879,19.644723848292585,53.3554483828747
1588868979.5051892,3.29,-1.53,8.98,-0.09555555555555556,0.49333333333333335,-0.7177777777777777,-0.375,0.4375,0.0625,337.625,19.25,9.4375,-0.9639892578125,0.04473876953125,0.1802978515625,-0.1903076171875,31.72187319109737,18.74441732700457,53.3554483828747
1588868979.5369608,3.28,-1.54,9.13,-0.09,0.48,-0.7322222222222222,-0.3125,0.3125,0.125,337.625,19.25,9.4375,-0.9639892578125,0.04473876953125,0.1802978515625,-0.1903076171875,29.01648694432879,18.45567204384738,53.181121364456324
1588868979.557184,3.29,-1.55,9.03,-0.09,0.48,-0.7322222222222222,-0.0625,0.3125,-0.0625,337.625,19.25,9.4375,-0.9639892578125,0.04473876953125,0.1802978515625,-0.1903076171875,31.071028608368866,16.391510137339036,53.0242907437566
1588868979.5784595,3.31,-1.51,9.1,-0.09,0.48,-0.7322222222222222,0.25,0.5625,0.0,337.625,19.25,9.4375,-0.9639892578125,0.04473876953125,0.1802978515625,-0.1903076171875,27.14034681759755,23.8940832812109,53.70432521302676
1588868979.6025946,3.27,-1.54,8.93,-0.12222222222222222,0.48,-0.7322222222222222,0.3125,0.9375,0.25,337.625,19.25,9.4375,-0.9639892578125,0.0447998046875,0.18017578125,-0.1903076171875,27.300057074428377,16.391510137339036,53.0242907437566
1588868979.6275165,3.28,-1.52,9.02,-0.12222222222222222,0.48,-0.7322222222222222,-0.125,0.8125,0.125,337.625,19.25,9.4375,-0.96405029296875,0.0447998046875,0.17999267578125,-0.1903076171875,30.130461553380723,17.864834297117845,53.0242907437566
1588868979.6506865,3.3,-1.52,9.06,-0.09,0.49333333333333335,-0.7444444444444445,-0.5625,-0.125,0.0625,337.625,19.25,9.4375,-0.96405029296875,0.0447998046875,0.17999267578125,-0.1903076171875,27.300057074428377,18.45567204384738,59.02521554402038
1588868979.6702588,3.28,-1.51,9.06,-0.09,0.49333333333333335,-0.7444444444444445,-0.5625,-0.375,0.0625,337.625,19.25,9.4375,-0.96405029296875,0.0447998046875,0.17999267578125,-0.1903076171875,29.645452615740986,17.562821226843337,53.0242907437566
1588868979.692378,3.25,-1.51,9.06,-0.10222222222222223,0.4666666666666667,-0.7322222222222222,-0.5625,-1.0625,-0.125,337.625,19.25,9.4375,-0.9639892578125,0.04486083984375,0.18017578125,-0.1903076171875,31.558997269339205,16.975847776444198,64.57034146910422
1588868979.7138526,3.28,-1.52,8.98,-0.10222222222222223,0.4666666666666667,-0.7322222222222222,-0.5,-1.875,-0.125,337.625,19.3125,9.4375,-0.96392822265625,0.0447998046875,0.18048095703125,-0.1903076171875,29.500150765590444,16.391510137339036,51.99768282575427
1588868979.7343204,3.29,-1.51,9.06,-0.08333333333333333,0.4866666666666667,-0.7322222222222222,-0.6875,-2.6875,-0.25,337.625,19.3125,9.4375,-0.9638671875,0.0447998046875,0.180908203125,-0.1903076171875,27.14034681759755,16.24211283445914,61.61196203839659
1588868979.757206,3.33,-1.52,8.94,-0.08333333333333333,0.4866666666666667,-0.7322222222222222,-0.875,-2.625,-0.0625,337.625,19.375,9.4375,-0.96380615234375,0.04486083984375,0.18133544921875,-0.1903076171875,27.14034681759755,18.60757037094457,53.86141639867227
1588868979.7836854,3.34,-1.52,9.17,-0.11,0.48,-0.7233333333333334,-0.8125,-0.5,0.1875,337.625,19.4375,9.5,-0.96368408203125,0.0450439453125,0.1817626953125,-0.19024658203125,29.17759226304936,16.690837014236124,53.86141639867227
1588868979.8077488,3.31,-1.55,9.06,-0.11,0.48,-0.7233333333333334,-0.625,-0.125,0.0625,337.625,19.4375,9.5,-0.96368408203125,0.045166015625,0.1817626953125,-0.19024658203125,27.14034681759755,18.45567204384738,52.850105437861465
1588868979.8341866,3.32,-1.54,9.17,-0.06888888888888889,0.4866666666666667,-0.7322222222222222,0.75,0.6875,0.0625,337.625,19.4375,9.5,-0.9637451171875,0.04510498046875,0.18170166015625,-0.19024658203125,25.898852998502655,20.843242613629013,53.3554483828747
1588868979.8595555,3.32,-1.52,9.02,-0.06888888888888889,0.4866666666666667,-0.7322222222222222,1.125,1.375,0.125,337.625,19.375,9.5,-0.9637451171875,0.04498291015625,0.18145751953125,-0.1903076171875,29.17759226304936,16.391510137339036,53.0242907437566
1588868979.8806114,3.34,-1.53,9.08,-0.06888888888888889,0.4866666666666667,-0.7322222222222222,0.875,3.125,0.375,337.625,19.375,9.4375,-0.9638671875,0.04486083984375,0.1810302734375,-0.1903076171875,25.898852998502655,18.45567204384738,53.3554483828747
1588868979.9040914,3.28,-1.51,8.93,-0.12222222222222222,0.4866666666666667,-0.7322222222222222,0.375,4.0,0.3125,337.625,19.25,9.4375,-0.96405029296875,0.0450439453125,0.179931640625,-0.19024658203125,29.500150765590444,17.12610518648087,53.0242907437566
1588868979.9261687,3.26,-1.53,9.03,-0.12222222222222222,0.4866666666666667,-0.7322222222222222,-0.0625,2.25,0.25,337.625,19.1875,9.4375,-0.964111328125,0.045166015625,0.179443359375,-0.19024658203125,30.130461553380723,17.412067623262775,52.50195955511234
1588868979.954183,3.24,-1.52,9.05,-0.09,0.49333333333333335,-0.7233333333333334,-0.0625,0.75,0.125,337.625,19.125,9.4375,-0.96417236328125,0.045166015625,0.17926025390625,-0.19024658203125,34.5895150113126,22.970040758248228,53.3554483828747
1588868979.9780984,3.26,-1.54,9.08,-0.09,0.49333333333333335,-0.7233333333333334,0.0,-0.6875,0.0,337.625,19.125,9.4375,-0.96417236328125,0.045166015625,0.1793212890625,-0.19024658203125,30.76249702562618,18.45567204384738,52.327999344795295
1588868980.0039587,3.27,-1.52,8.95,-0.07555555555555556,0.4866666666666667,-0.7111111111111111,0.0,-0.875,-0.0625,337.625,19.1875,9.4375,-0.964111328125,0.04510498046875,0.1795654296875,-0.19024658203125,27.763904644732925,20.089243923297587,53.181121364456324
1588868980.0305705,3.29,-1.53,9.06,-0.07555555555555556,0.4866666666666667,-0.7111111111111111,-0.1875,-0.8125,-0.0625,337.625,19.1875,9.4375,-0.964111328125,0.04510498046875,0.17974853515625,-0.19024658203125,29.645452615740986,25.439225145988775,53.86141639867227
1588868980.0514493,3.27,-1.53,9.07,-0.09,0.48,-0.7233333333333334,-0.375,-1.3125,0.0,337.625,19.25,9.4375,-0.96405029296875,0.0450439453125,0.179931640625,-0.19024658203125,29.17759226304936,22.970040758248228,62.14526429466488
1588868980.07144,3.29,-1.52,9.07,-0.09,0.48,-0.7233333333333334,-0.0625,-2.0625,-0.0625,337.625,19.25,9.4375,-0.9639892578125,0.04498291015625,0.18023681640625,-0.19024658203125,29.500150765590444,24.051168727649376,62.14526429466488
1588868980.0904222,3.29,-1.55,9.2,-0.07555555555555556,0.49333333333333335,-0.7322222222222222,0.1875,-1.5625,-0.125,337.625,19.3125,9.4375,-0.96392822265625,0.044921875,0.1805419921875,-0.1903076171875,29.17759226304936,16.24211283445914,66.68413893816027
1588868980.1146295,3.27,-1.54,9.04,-0.07555555555555556,0.49333333333333335,-0.7322222222222222,0.4375,-0.125,-0.0625,337.625,19.3125,9.4375,-0.96392822265625,0.044921875,0.18060302734375,-0.1903076171875,29.33881369411944,18.45567204384738,57.29712529642835
1588868980.136036,3.28,-1.53,9.08,-0.09,0.47444444444444445,-0.7177777777777777,0.5625,0.1875,0.0,337.625,19.3125,9.4375,-0.96392822265625,0.044921875,0.18060302734375,-0.1903076171875,29.17759226304936,19.04898765839658,51.99768282575427
1588868980.1638017,3.3,-1.53,8.94,-0.09,0.47444444444444445,-0.7177777777777777,0.5,0.5625,0.0,337.625,19.3125,9.4375,-0.96392822265625,0.044921875,0.18060302734375,-0.1903076171875,29.17759226304936,21.15203002598206,53.3554483828747
1588868980.1840005,3.3,-1.51,9.04,-0.09,0.47444444444444445,-0.7177777777777777,0.0,0.5625,0.0625,337.625,19.3125,9.4375,-0.96392822265625,0.044921875,0.1805419921875,-0.1903076171875,27.14034681759755,18.15236507143771,53.3554483828747
1588868980.204289,3.3,-1.54,9.06,-0.09555555555555556,0.48,-0.7588888888888888,-0.125,0.75,0.1875,337.625,19.3125,9.4375,-0.96392822265625,0.044921875,0.180419921875,-0.19024658203125,27.14034681759755,18.15236507143771,53.0242907437566
1588868980.2282002,3.27,-1.53,9.1,-0.09555555555555556,0.48,-0.7588888888888888,-0.1875,0.5,0.0625,337.625,19.25,9.4375,-0.9639892578125,0.04498291015625,0.1802978515625,-0.19024658203125,27.14034681759755,18.74441732700457,53.181121364456324
1588868980.249925,3.27,-1.52,9.09,-0.09,0.5011111111111111,-0.7322222222222222,0.0,-0.125,0.125,337.625,19.25,9.4375,-0.9639892578125,0.04498291015625,0.1802978515625,-0.19024658203125,27.300057074428377,20.089243923297587,53.3554483828747
1588868980.2796214,3.3,-1.52,9.03,-0.09,0.5011111111111111,-0.7322222222222222,-0.0625,-0.5625,0.0,337.625,19.25,9.4375,-0.9639892578125,0.04498291015625,0.1802978515625,-0.19024658203125,33.307373050916304,19.201511991769348,53.0242907437566
1588868980.3052607,3.27,-1.52,8.97,-0.10222222222222223,0.4866666666666667,-0.7233333333333334,-0.4375,-0.25,0.125,337.625,19.25,9.4375,-0.9639892578125,0.04498291015625,0.1802978515625,-0.19024658203125,27.300057074428377,19.35419451920608,53.3554483828747
1588868980.3341556,3.29,-1.51,9.08,-0.10222222222222223,0.4866666666666667,-0.7233333333333334,-0.4375,-0.5,-0.0625,337.625,19.25,9.4375,-0.9639892578125,0.04498291015625,0.1802978515625,-0.19024658203125,27.300057074428377,18.15236507143771,53.0242907437566
1588868980.3546133,3.28,-1.56,9.11,-0.09555555555555556,0.47444444444444445,-0.7377777777777778,-0.375,-0.4375,0.125,337.625,19.25,9.4375,-0.9639892578125,0.04498291015625,0.1802978515625,-0.19024658203125,30.130461553380723,17.412067623262775,53.0242907437566
1588868980.3742704,3.28,-1.51,9.05,-0.09555555555555556,0.47444444444444445,-0.7377777777777778,0.0,-0.3125,-0.0625,337.625,19.25,9.4375,-0.9639892578125,0.04498291015625,0.1802978515625,-0.19024658203125,27.14034681759755,17.27653474707426,61.27451477528292
1588868980.3956628,3.29,-1.51,9.06,-0.09555555555555556,0.48,-0.7377777777777778,0.0,-0.4375,0.0,337.625,19.25,9.4375,-0.9639892578125,0.04498291015625,0.1802978515625,-0.19024658203125,33.307373050916304,16.09289455944724,53.0242907437566
1588868980.4170012,3.3,-1.52,9.02,-0.09555555555555556,0.48,-0.7377777777777778,-0.0625,-0.5,-0.0625,337.625,19.25,9.4375,-0.9639892578125,0.04498291015625,0.1802978515625,-0.19024658203125,27.14034681759755,16.24211283445914,85.7841791629732
1588868980.4387994,3.28,-1.51,9.07,-0.10222222222222223,0.4666666666666667,-0.7444444444444445,-0.1875,-0.4375,0.1875,337.625,19.25,9.4375,-0.9639892578125,0.04498291015625,0.1802978515625,-0.19024658203125,27.14034681759755,17.12610518648087,53.181121364456324
1588868980.461125,3.28,-1.55,8.95,-0.10222222222222223,0.4666666666666667,-0.7444444444444445,-0.4375,-0.625,-0.0625,337.625,19.25,9.4375,-0.9639892578125,0.04498291015625,0.18035888671875,-0.19024658203125,29.33881369411944,22.050822564971767,53.529849725417066
1588868980.4858313,3.29,-1.55,9.12,-0.09,0.49333333333333335,-0.7233333333333334,-0.1875,-2.125,-0.1875,337.625,19.3125,9.4375,-0.9638671875,0.04486083984375,0.1807861328125,-0.1903076171875,27.14034681759755,25.740239454755045,53.86141639867227
1588868980.5080936,3.32,-1.52,9.0,-0.09,0.49333333333333335,-0.7233333333333334,-0.1875,-1.75,-0.1875,337.625,19.375,9.4375,-0.9638671875,0.0447998046875,0.18109130859375,-0.1903076171875,29.33881369411944,16.24211283445914,53.86141639867227
1588868980.53015,3.3,-1.49,9.06,-0.09,0.49333333333333335,-0.7233333333333334,-0.125,-1.4375,0.0625,337.625,19.375,9.4375,-0.96380615234375,0.04473876953125,0.18133544921875,-0.1903076171875,25.898852998502655,18.74441732700457,54.89271110356606
1588868980.5563393,3.32,-1.53,8.97,-0.08333333333333333,0.4866666666666667,-0.7444444444444445,-0.1875,-1.25,0.0,337.625,19.4375,9.4375,-0.9637451171875,0.044677734375,0.181640625,-0.1903076171875,25.898852998502655,22.050822564971767,57.29712529642835
1588868980.5803535,3.32,-1.53,9.08,-0.08333333333333333,0.4866666666666667,-0.7444444444444445,-0.25,-0.75,-0.125,337.625,19.4375,9.4375,-0.96368408203125,0.044677734375,0.1817626953125,-0.19036865234375,29.01648694432879,18.74441732700457,56.08446249375368
1588868980.606522,3.32,-1.54,8.99,-0.10222222222222223,0.4866666666666667,-0.7177777777777777,-0.25,-0.375,0.0,337.625,19.4375,9.4375,-0.96368408203125,0.044677734375,0.18182373046875,-0.19036865234375,29.645452615740986,22.970040758248228,52.327999344795295
1588868980.6306126,3.33,-1.54,9.07,-0.10222222222222223,0.4866666666666667,-0.7177777777777777,-0.3125,-0.5625,0.0625,337.625,19.4375,9.4375,-0.96368408203125,0.044677734375,0.18182373046875,-0.19036865234375,28.389294661085362,18.896622454348467,52.675994980719594
1588868980.6517115,3.32,-1.53,9.09,-0.09555555555555556,0.47444444444444445,-0.7177777777777777,0.0,-0.25,0.0,337.625,19.4375,9.4375,-0.96368408203125,0.044677734375,0.18182373046875,-0.19036865234375,29.17759226304936,19.35419451920608,53.86141639867227
1588868980.6805105,3.33,-1.52,9.03,-0.09555555555555556,0.47444444444444445,-0.7177777777777777,-0.0625,0.0625,0.0625,337.625,19.4375,9.4375,-0.96368408203125,0.044677734375,0.18182373046875,-0.19036865234375,29.968677916490957,22.6734877768669,53.3554483828747
1588868980.7082198,3.32,-1.53,8.96,-0.11,0.48,-0.7444444444444445,0.0625,0.125,0.125,337.625,19.4375,9.4375,-0.96368408203125,0.044677734375,0.18182373046875,-0.19036865234375,28.389294661085362,22.6734877768669,52.675994980719594
1588868980.7357938,3.33,-1.52,9.04,-0.11,0.48,-0.7444444444444445,-0.125,0.125,0.125,337.625,19.4375,9.4375,-0.96368408203125,0.044677734375,0.18182373046875,-0.19036865234375,29.17759226304936,19.35419451920608,52.675994980719594
1588868980.7575953,3.33,-1.53,8.98,-0.09555555555555556,0.4666666666666667,-0.7233333333333334,-0.0625,-0.1875,0.0,337.625,19.4375,9.4375,-0.96368408203125,0.044677734375,0.18182373046875,-0.19036865234375,28.389294661085362,23.28274212623503,53.3554483828747
1588868980.7809286,3.32,-1.5,9.09,-0.09555555555555556,0.4666666666666667,-0.7233333333333334,0.0,-0.3125,0.0625,337.625,19.4375,9.4375,-0.96368408203125,0.044677734375,0.18182373046875,-0.19036865234375,29.500150765590444,16.24211283445914,61.434328081998146
1588868980.803656,3.31,-1.51,9.06,-0.09555555555555556,0.4666666666666667,-0.7177777777777777,-0.0625,-0.25,-0.125,337.625,19.4375,9.4375,-0.96368408203125,0.044677734375,0.18182373046875,-0.19036865234375,29.968677916490957,17.412067623262775,54.03603227195571
1588868980.8310945,3.33,-1.52,9.06,-0.09555555555555556,0.4666666666666667,-0.7177777777777777,-0.125,-0.1875,0.0625,337.625,19.4375,9.4375,-0.96368408203125,0.044677734375,0.18182373046875,-0.19036865234375,30.130461553380723,15.809877462669219,53.0242907437566
1588868980.8580039,3.32,-1.53,8.97,-0.09,0.4866666666666667,-0.7233333333333334,-0.125,-0.1875,-0.0625,337.625,19.4375,9.4375,-0.96368408203125,0.044677734375,0.18182373046875,-0.19036865234375,31.396230917995325,17.27653474707426,53.529849725417066
1588868980.8871696,3.32,-1.51,9.08,-0.09,0.4866666666666667,-0.7233333333333334,0.0625,0.0,0.0,337.625,19.4375,9.4375,-0.96368408203125,0.044677734375,0.18182373046875,-0.19036865234375,29.01648694432879,16.975847776444198,53.181121364456324
1588868980.9095027,3.3,-1.52,8.99,-0.09,0.48,-0.7377777777777778,0.0625,0.0,0.0625,337.625,19.4375,9.4375,-0.96368408203125,0.044677734375,0.18182373046875,-0.19036865234375,27.763904644732925,23.28274212623503,53.3554483828747
1588868980.9315252,3.31,-1.52,9.04,-0.09,0.48,-0.7377777777777778,0.125,-0.1875,0.125,337.625,19.4375,9.4375,-0.96368408203125,0.044677734375,0.18182373046875,-0.19036865234375,30.924832010655972,25.740239454755045,53.3554483828747
1588868980.9537275,3.31,-1.52,8.99,-0.09555555555555556,0.4866666666666667,-0.7233333333333334,0.125,-0.0625,0.0625,337.625,19.4375,9.4375,-0.96368408203125,0.044677734375,0.18182373046875,-0.19036865234375,33.143455387024844,18.45567204384738,53.0242907437566
1588868980.983655,3.33,-1.52,9.02,-0.09555555555555556,0.4866666666666667,-0.7233333333333334,-0.1875,-0.0625,0.0,337.625,19.4375,9.4375,-0.96368408203125,0.044677734375,0.18182373046875,-0.19036865234375,27.14034681759755,18.60757037094457,57.98403176281673
1588868981.0095925,3.32,-1.51,8.96,-0.09555555555555556,0.48,-0.7322222222222222,-0.4375,-0.3125,0.0625,337.625,19.4375,9.4375,-0.96368408203125,0.044677734375,0.18182373046875,-0.19036865234375,27.300057074428377,16.690837014236124,56.08446249375368
1588868981.0383375,3.32,-1.53,9.05,-0.09555555555555556,0.48,-0.7322222222222222,-0.4375,-0.4375,0.0625,337.625,19.4375,9.4375,-0.96368408203125,0.044677734375,0.18182373046875,-0.19036865234375,29.500150765590444,18.74441732700457,52.850105437861465
1588868981.0607722,3.31,-1.54,9.02,-0.09,0.48,-0.7233333333333334,-0.125,-0.625,0.0,337.625,19.5,9.4375,-0.96368408203125,0.04461669921875,0.1820068359375,-0.19036865234375,32.03163782139682,19.644723848292585,53.0242907437566
1588868981.0834892,3.32,-1.55,9.08,-0.09,0.48,-0.7233333333333334,0.0625,-0.25,-0.1875,337.625,19.5,9.4375,-0.96368408203125,0.04461669921875,0.1820068359375,-0.19036865234375,29.33881369411944,19.797859958352586,53.529849725417066
1588868981.114116,3.32,-1.54,8.95,-0.09,0.48,-0.7322222222222222,-0.0625,-0.25,-0.0625,337.625,19.5,9.4375,-0.96368408203125,0.04461669921875,0.1820068359375,-0.19036865234375,29.33881369411944,20.089243923297587,53.529849725417066
1588868981.1340024,3.33,-1.53,9.04,-0.09,0.48,-0.7322222222222222,-0.0625,-0.3125,0.0,337.625,19.5,9.4375,-0.96368408203125,0.04461669921875,0.1820068359375,-0.19036865234375,27.603842137079994,20.843242613629013,53.86141639867227
1588868981.1596973,3.35,-1.53,8.97,-0.10222222222222223,0.48,-0.7022222222222222,-0.3125,0.0,0.0,337.625,19.5,9.4375,-0.96368408203125,0.04461669921875,0.1820068359375,-0.19036865234375,29.33881369411944,18.016091647673772,53.86141639867227
1588868981.1823306,3.33,-1.51,9.06,-0.10222222222222223,0.48,-0.7022222222222222,-0.125,-0.0625,0.0625,337.625,19.5,9.4375,-0.96368408203125,0.04461669921875,0.1820068359375,-0.19036865234375,29.33881369411944,17.713743806569802,53.0242907437566
1588868981.2105534,3.32,-1.53,9.06,-0.11,0.47444444444444445,-0.7233333333333334,-0.125,0.0,0.0625,337.625,19.5,9.4375,-0.96368408203125,0.04461669921875,0.1820068359375,-0.19036865234375,25.898852998502655,22.050822564971767,53.3554483828747
1588868981.2331407,3.31,-1.5,9.05,-0.11,0.47444444444444445,-0.7233333333333334,-0.125,0.0,-0.0625,337.625,19.5,9.4375,-0.96368408203125,0.04461669921875,0.1820068359375,-0.19036865234375,29.17759226304936,17.562821226843337,53.0242907437566
1588868981.262069,3.34,-1.53,8.95,-0.11666666666666667,0.49333333333333335,-0.7377777777777778,0.0625,0.0,0.125,337.625,19.5,9.4375,-0.96368408203125,0.04461669921875,0.1820068359375,-0.19036865234375,29.645452615740986,18.3039366116672,53.0242907437566
1588868981.2838194,3.33,-1.51,9.05,-0.11666666666666667,0.49333333333333335,-0.7377777777777778,-0.125,0.0625,0.125,337.625,19.5,9.4375,-0.96368408203125,0.04461669921875,0.1820068359375,-0.19036865234375,34.75434635473037,25.740239454755045,53.3554483828747
1588868981.3069847,3.33,-1.53,9.1,-0.09555555555555556,0.48,-0.7177777777777777,-0.125,0.1875,0.125,337.625,19.5,9.4375,-0.96368408203125,0.04461669921875,0.1820068359375,-0.19036865234375,33.635523865433896,21.306645047205286,53.181121364456324
1588868981.3340485,3.31,-1.53,9.08,-0.09555555555555556,0.48,-0.7177777777777777,-0.0625,0.0,0.1875,337.625,19.5,9.4375,-0.96368408203125,0.04461669921875,0.1820068359375,-0.19036865234375,34.75434635473037,24.192660164292448,53.181121364456324
1588868981.3552706,3.32,-1.54,9.04,-0.10222222222222223,0.4866666666666667,-0.7444444444444445,0.125,0.0,0.0,337.625,19.5,9.4375,-0.96368408203125,0.04461669921875,0.1820068359375,-0.19036865234375,30.924832010655972,20.24282612823132,53.181121364456324
1588868981.383452,3.31,-1.51,9.07,-0.10222222222222223,0.4866666666666667,-0.7444444444444445,0.0625,0.0625,0.125,337.625,19.5,9.4375,-0.96368408203125,0.04461669921875,0.1820068359375,-0.19036865234375,28.389294661085362,25.439225145988775,52.327999344795295
1588868981.4047706,3.32,-1.55,9.06,-0.09,0.48,-0.7177777777777777,0.0,-0.0625,0.0,337.625,19.5,9.4375,-0.96368408203125,0.04461669921875,0.1820068359375,-0.19036865234375,29.645452615740986,17.412067623262775,54.542834060546106
1588868981.4340518,3.33,-1.51,9.06,-0.09,0.48,-0.7177777777777777,0.125,-0.0625,-0.0625,337.625,19.5,9.4375,-0.96368408203125,0.04461669921875,0.1820068359375,-0.19036865234375,28.389294661085362,18.60757037094457,58.1603332342135
1588868981.457234,3.31,-1.51,9.02,-0.11666666666666667,0.4866666666666667,-0.7177777777777777,0.0,0.0,-0.125,337.625,19.5,9.4375,-0.96368408203125,0.04461669921875,0.1820068359375,-0.19036865234375,29.01648694432879,18.60757037094457,58.1603332342135
1588868981.4838734,3.33,-1.51,9.08,-0.11666666666666667,0.4866666666666667,-0.7177777777777777,0.125,0.0625,0.0625,337.625,19.5,9.4375,-0.96368408203125,0.04461669921875,0.1820068359375,-0.19036865234375,28.389294661085362,20.843242613629013,56.43561033994267
1588868981.505206,3.32,-1.51,9.09,-0.10222222222222223,0.47444444444444445,-0.7111111111111111,0.1875,0.5625,-0.125,337.625,19.5,9.4375,-0.96368408203125,0.04461669921875,0.1820068359375,-0.19036865234375,29.01648694432879,20.843242613629013,52.675994980719594
1588868981.534588,3.3,-1.51,9.04,-0.10222222222222223,0.47444444444444445,-0.7111111111111111,0.125,0.375,-0.125,337.625,19.4375,9.4375,-0.96368408203125,0.04461669921875,0.18194580078125,-0.19036865234375,29.17759226304936,17.864834297117845,53.181121364456324
1588868981.5552313,3.32,-1.53,9.05,-0.11,0.49333333333333335,-0.7233333333333334,-0.125,0.0625,-0.125,337.625,19.4375,9.4375,-0.96368408203125,0.04461669921875,0.18194580078125,-0.19036865234375,29.01648694432879,19.644723848292585,53.3554483828747
1588868981.5758226,3.34,-1.52,9.03,-0.11,0.49333333333333335,-0.7233333333333334,-0.125,-0.0625,-0.0625,337.625,19.4375,9.4375,-0.96368408203125,0.04461669921875,0.18194580078125,-0.19036865234375,27.300057074428377,20.55044610343053,53.181121364456324
1588868981.6078413,3.33,-1.54,9.07,-0.11666666666666667,0.49333333333333335,-0.7233333333333334,-0.0625,0.0625,0.0,337.625,19.4375,9.4375,-0.96368408203125,0.04461669921875,0.18194580078125,-0.19036865234375,31.396230917995325,18.74441732700457,53.0242907437566
1588868981.6291976,3.3,-1.52,9.02,-0.11666666666666667,0.49333333333333335,-0.7233333333333334,-0.0625,0.0625,-0.0625,337.625,19.4375,9.4375,-0.96368408203125,0.04461669921875,0.18194580078125,-0.19036865234375,29.33881369411944,17.864834297117845,53.70432521302676
1588868981.652117,3.33,-1.52,9.1,-0.11666666666666667,0.4866666666666667,-0.7177777777777777,0.1875,-0.0625,-0.0625,337.625,19.4375,9.4375,-0.96368408203125,0.04461669921875,0.18194580078125,-0.19036865234375,33.307373050916304,17.864834297117845,53.0242907437566
1588868981.6733122,3.33,-1.52,9.02,-0.11666666666666667,0.4866666666666667,-0.7177777777777777,0.0625,-0.0625,-0.1875,337.625,19.4375,9.4375,-0.96368408203125,0.04461669921875,0.18194580078125,-0.19036865234375,30.292358577146732,16.54108526057354,53.0242907437566
1588868981.6959481,3.33,-1.5,9.09,-0.06888888888888889,0.48,-0.7444444444444445,-0.0625,0.25,0.0625,337.625,19.4375,9.4375,-0.96368408203125,0.04461669921875,0.18194580078125,-0.19036865234375,29.17759226304936,15.809877462669219,53.0242907437566
1588868981.7220132,3.34,-1.54,8.96,-0.06888888888888889,0.48,-0.7444444444444445,0.0,0.0,0.0625,337.625,19.4375,9.4375,-0.96368408203125,0.04461669921875,0.18194580078125,-0.19036865234375,30.438162473777982,16.09289455944724,53.70432521302676
1588868981.7413776,3.33,-1.55,9.04,-0.06888888888888889,0.48,-0.7444444444444445,-0.0625,0.0625,-0.1875,337.625,19.4375,9.4375,-0.96368408203125,0.04461669921875,0.18194580078125,-0.19036865234375,29.01648694432879,16.975847776444198,62.305371679256304
1588868981.7646375,3.33,-1.51,9.03,-0.09,0.48,-0.7322222222222222,0.25,0.1875,0.0,337.625,19.4375,9.4375,-0.96368408203125,0.04461669921875,0.18194580078125,-0.19036865234375,31.72187319109737,17.27653474707426,53.181121364456324
1588868981.7857711,3.32,-1.52,9.06,-0.09,0.48,-0.7322222222222222,0.125,0.125,-0.0625,337.625,19.4375,9.4375,-0.96368408203125,0.04461669921875,0.18194580078125,-0.19036865234375,27.14034681759755,18.016091647673772,61.434328081998146
1588868981.8069756,3.32,-1.54,9.08,-0.09,0.48,-0.7177777777777777,0.0625,0.0,0.0625,337.625,19.4375,9.4375,-0.96368408203125,0.04461669921875,0.18194580078125,-0.19036865234375,27.300057074428377,15.083055566532677,54.38548473628606
1588868981.836499,3.32,-1.54,9.04,-0.09,0.48,-0.7177777777777777,0.0625,0.125,-0.0625,337.625,19.4375,9.4375,-0.96368408203125,0.04461669921875,0.18194580078125,-0.19036865234375,29.33881369411944,20.997562281441997,53.70432521302676
1588868981.8581262,3.31,-1.52,9.08,-0.09,0.4866666666666667,-0.7233333333333334,-0.0625,0.3125,0.0,337.625,19.4375,9.4375,-0.96368408203125,0.04461669921875,0.18194580078125,-0.19036865234375,27.300057074428377,20.997562281441997,53.70432521302676
1588868981.8781786,3.34,-1.52,9.03,-0.09,0.4866666666666667,-0.7233333333333334,0.125,0.5625,0.0,337.625,19.4375,9.4375,-0.96368408203125,0.04461669921875,0.18194580078125,-0.19036865234375,29.17759226304936,17.412067623262775,57.98403176281673
1588868981.903818,3.3,-1.49,9.1,-0.09,0.4866666666666667,-0.7444444444444445,0.4375,0.4375,0.0625,337.625,19.4375,9.4375,-0.96368408203125,0.04461669921875,0.18194580078125,-0.19036865234375,29.17759226304936,18.60757037094457,55.75113742300153
1588868981.9309642,3.34,-1.53,9.05,-0.09,0.4866666666666667,-0.7444444444444445,0.25,0.0625,0.0625,337.625,19.4375,9.4375,-0.96368408203125,0.04461669921875,0.18194580078125,-0.19036865234375,28.389294661085362,22.050822564971767,53.3554483828747
1588868981.9536088,3.33,-1.5,8.99,-0.11666666666666667,0.49333333333333335,-0.7444444444444445,0.1875,0.125,0.0,337.625,19.4375,9.4375,-0.96368408203125,0.04461669921875,0.18194580078125,-0.19036865234375,29.17759226304936,18.45567204384738,51.99768282575427
1588868981.975334,3.3,-1.53,8.99,-0.11666666666666667,0.49333333333333335,-0.7444444444444445,0.125,0.1875,0.0,337.625,19.4375,9.4375,-0.96368408203125,0.04461669921875,0.18194580078125,-0.19036865234375,28.389294661085362,21.445923834170138,53.529849725417066
1588868981.9968352,3.31,-1.53,9.1,-0.08333333333333333,0.4866666666666667,-0.7177777777777777,0.0625,0.125,-0.125,337.625,19.4375,9.4375,-0.96368408203125,0.04461669921875,0.18194580078125,-0.19036865234375,31.558997269339205,20.843242613629013,53.3554483828747
1588868982.027666,3.31,-1.54,9.06,-0.08333333333333333,0.4866666666666667,-0.7177777777777777,-0.0625,-0.75,-0.0625,337.625,19.5,9.4375,-0.96368408203125,0.04461669921875,0.1820068359375,-0.19036865234375,29.17759226304936,16.825763641936998,53.0242907437566
1588868982.048082,3.32,-1.53,9.07,-0.09555555555555556,0.4866666666666667,-0.7444444444444445,0.1875,-1.6875,-0.25,337.625,19.5,9.4375,-0.963623046875,0.0445556640625,0.182373046875,-0.19036865234375,29.968677916490957,20.55044610343053,53.3554483828747
1588868982.0746095,3.44,-1.46,9.12,-0.09555555555555556,0.4866666666666667,-0.7444444444444445,-0.4375,-4.5,-1.125,337.625,19.5625,9.4375,-0.9635009765625,0.04443359375,0.18304443359375,-0.1903076171875,28.71070843709338,16.24211283445914,52.17149961724854
1588868982.0962975,3.11,-1.32,8.95,-0.09555555555555556,0.4866666666666667,-0.7233333333333334,-0.625,-3.4375,-5.0625,337.6875,19.6875,9.4375,-0.9635009765625,0.04425048828125,0.18359375,-0.18963623046875,29.33881369411944,18.016091647673772,59.18425204597635
1588868982.1216676,2.22,-1.34,8.96,-0.09555555555555556,0.4866666666666667,-0.7233333333333334,-1.25,-6.0,-9.25,337.875,19.8125,9.4375,-0.96356201171875,0.0439453125,0.1846923828125,-0.18829345703125,28.389294661085362,22.050822564971767,59.18425204597635
1588868982.1449766,1.91,-1.42,9.14,-0.09555555555555556,0.4666666666666667,-0.7322222222222222,-0.625,-1.25,0.75,337.9375,19.9375,9.375,-0.963623046875,0.04388427734375,0.18548583984375,-0.18731689453125,29.500150765590444,18.45567204384738,60.742196864440864
1588868982.167537,1.9,-1.39,9.0,-0.09555555555555556,0.4666666666666667,-0.7322222222222222,-0.3125,-0.75,8.0625,337.8125,19.9375,9.4375,-0.96337890625,0.0440673828125,0.18560791015625,-0.1883544921875,33.307373050916304,16.825763641936998,62.14526429466488
1588868982.1901445,2.2,-1.41,9.01,-0.09555555555555556,0.4666666666666667,-0.7322222222222222,-0.375,-1.125,14.4375,337.5625,19.875,9.5625,-0.96295166015625,0.04443359375,0.1856689453125,-0.19049072265625,32.194829156491586,22.517609816543708,53.86141639867227
1588868982.2156756,2.23,-1.4,8.93,-0.09555555555555556,0.48,-0.7322222222222222,-0.625,-1.625,18.9375,337.0625,19.25,9.625,-0.96282958984375,0.04571533203125,0.1807861328125,-0.19525146484375,30.130461553380723,20.997562281441997,54.38548473628606
1588868982.238352,2.33,-1.42,8.99,-0.09555555555555556,0.48,-0.7322222222222222,-1.0,-1.0,23.1875,336.625,18.9375,9.75,-0.96246337890625,0.04669189453125,0.178466796875,-0.19903564453125,30.924832010655972,23.28274212623503,54.03603227195571
1588868982.2659075,1.98,-1.5,8.88,-0.09,0.5011111111111111,-0.7111111111111111,-1.25,-1.125,30.75,335.75,18.4375,10.0,-0.96148681640625,0.04852294921875,0.175048828125,-0.2061767578125,29.01648694432879,25.740239454755045,54.71773610609124
1588868982.293619,2.03,-1.5,9.07,-0.09,0.5011111111111111,-0.7111111111111111,-1.5625,-2.6875,39.1875,335.0,18.0625,10.25,-0.96051025390625,0.04998779296875,0.1727294921875,-0.21246337890625,29.17759226304936,23.737132422429653,55.40054955504759
1588868982.313498,1.86,-1.51,8.98,-0.09777777777777778,0.48,-0.7377777777777778,-1.75,-3.5625,48.25,334.125,17.6875,10.5,-0.95904541015625,0.05169677734375,0.17034912109375,-0.22021484375,29.01648694432879,19.951150726382693,56.43561033994267
1588868982.3398695,2.11,-1.62,9.07,-0.09777777777777778,0.48,-0.7377777777777778,-2.625,-4.3125,66.25,332.3125,17.125,11.0625,-0.95574951171875,0.054931640625,0.16796875,-0.235107421875,29.01648694432879,20.843242613629013,58.336704440592705
1588868982.366875,2.27,-1.78,8.95,-0.06888888888888889,0.47444444444444445,-0.7444444444444445,-3.5,-5.8125,78.0625,330.125,16.6875,11.75,-0.9510498046875,0.05853271484375,0.16668701171875,-0.25360107421875,29.01648694432879,16.690837014236124,57.80780018305879
1588868982.3888605,2.44,-1.86,9.06,-0.06888888888888889,0.47444444444444445,-0.7444444444444445,-3.625,-7.0,79.6875,328.5625,16.4375,12.3125,-0.94732666015625,0.06109619140625,0.1668701171875,-0.26641845703125,29.01648694432879,20.24282612823132,57.80780018305879
1588868982.4096274,2.34,-1.9,9.09,-0.04888888888888889,0.4622222222222222,-0.7322222222222222,-3.375,-6.375,79.4375,327.0,16.25,12.8125,-0.94342041015625,0.06353759765625,0.16729736328125,-0.2791748046875,29.500150765590444,15.379178133421613,54.71773610609124
1588868982.430196,2.31,-2.03,8.94,-0.04888888888888889,0.4622222222222222,-0.7322222222222222,-3.125,-5.875,80.9375,325.4375,16.0,13.3125,-0.9393310546875,0.0660400390625,0.16741943359375,-0.2919921875,29.33881369411944,16.975847776444198,65.44702587416178
1588868982.4563305,3.12,-2.2,8.97,-0.0033333333333333335,0.45444444444444443,-0.7111111111111111,-2.8125,-6.0,79.4375,322.9375,15.625,14.0625,-0.9324951171875,0.06951904296875,0.167724609375,-0.312255859375,29.17759226304936,16.690837014236124,65.98452972714396
1588868982.4822507,2.64,-2.22,8.88,-0.0033333333333333335,0.45444444444444443,-0.7111111111111111,-2.8125,-5.0,72.3125,321.5,15.375,14.5,-0.92828369140625,0.07177734375,0.1678466796875,-0.32391357421875,30.292358577146732,16.09289455944724,57.98403176281673
1588868982.5027704,2.46,-2.25,8.95,-0.0033333333333333335,0.45444444444444443,-0.7233333333333334,-2.625,-4.75,68.6875,320.125,15.0625,14.9375,-0.92425537109375,0.07391357421875,0.16790771484375,-0.3348388671875,29.17759226304936,16.24211283445914,23.28274212623503
1588868982.5272837,2.6,-2.48,8.99,-0.0033333333333333335,0.45444444444444443,-0.7233333333333334,-2.9375,-4.9375,65.9375,318.1875,14.6875,15.5,-0.918212890625,0.07696533203125,0.16796875,-0.350341796875,29.33881369411944,19.491743286409353,22.050822564971767
1588868982.5483634,2.59,-2.41,8.95,0.022222222222222223,0.4477777777777778,-0.7444444444444445,-2.5625,-4.0,63.875,316.8125,14.4375,15.875,-0.913818359375,0.0787353515625,0.1680908203125,-0.36126708984375,29.33881369411944,19.951150726382693,11.534922691402478
1588868982.5759985,2.4,-2.4,8.89,0.022222222222222223,0.4477777777777778,-0.7444444444444445,-2.3125,-4.375,58.25,315.6875,14.25,16.1875,-0.90997314453125,0.0804443359375,0.1680908203125,-0.37042236328125,27.763904644732925,25.12286919678005,9.866669917231507
1588868982.5962765,2.23,-2.54,8.92,0.022222222222222223,0.4477777777777778,-0.7444444444444445,-1.9375,-3.75,53.875,314.625,14.0,16.5,-0.9063720703125,0.08197021484375,0.16802978515625,-0.37884521484375,29.17759226304936,19.35419451920608,9.184274048593661
1588868982.6164632,2.12,-2.55,8.9,0.03,0.43555555555555553,-0.7444444444444445,-2.0625,-3.8125,51.9375,313.5625,13.8125,16.75,-0.90283203125,0.08343505859375,0.16802978515625,-0.38690185546875,28.389294661085362,26.980759054101476,11.392248643567696
1588868982.638659,1.96,-2.57,8.93,0.03,0.43555555555555553,-0.7444444444444445,-1.5625,-2.8125,48.3125,312.125,13.4375,17.125,-0.89776611328125,0.0855712890625,0.16766357421875,-0.39825439453125,28.389294661085362,17.562821226843337,11.107600786498937
1588868982.6590366,2.08,-2.69,8.99,0.051111111111111114,0.43555555555555553,-0.7422222222222222,-2.1875,-3.3125,47.5,311.1875,13.25,17.375,-0.8944091796875,0.08697509765625,0.1676025390625,-0.40545654296875,30.438162473777982,20.843242613629013,11.392248643567696
1588868982.681329,2.04,-2.8,8.9,0.051111111111111114,0.43555555555555553,-0.7422222222222222,-1.9375,-2.875,46.5625,310.3125,13.0,17.625,-0.89105224609375,0.08837890625,0.16748046875,-0.41253662109375,29.17759226304936,18.3039366116672,11.249807283884948
1588868982.7019231,2.15,-2.9,8.96,0.051111111111111114,0.44,-0.7777777777777778,-2.0,-3.625,47.3125,309.375,12.8125,17.875,-0.88763427734375,0.08978271484375,0.16741943359375,-0.4195556640625,28.389294661085362,18.3039366116672,10.414259176907256
1588868982.7313163,2.07,-2.86,8.88,0.051111111111111114,0.44,-0.7777777777777778,-1.8125,-3.0625,46.0,308.0,12.4375,18.25,-0.88238525390625,0.091796875,0.16729736328125,-0.43011474609375,28.389294661085362,25.740239454755045,9.323017779837544
1588868982.752776,2.28,-3.15,8.98,0.06555555555555556,0.4388888888888889,-0.7922222222222223,-2.0,-3.8125,44.0625,307.125,12.25,18.4375,-0.87896728515625,0.09307861328125,0.16729736328125,-0.43670654296875,29.01648694432879,18.016091647673772,6.273097568171245
1588868982.7781513,2.1,-3.18,8.84,0.06555555555555556,0.4388888888888889,-0.7922222222222223,-1.8125,-2.8125,42.75,305.875,11.9375,18.8125,-0.87396240234375,0.094970703125,0.16741943359375,-0.4462890625,29.17759226304936,18.15236507143771,14.655024377823075
1588868982.8050046,1.88,-3.16,8.96,0.07222222222222222,0.43333333333333335,-0.8133333333333334,-2.1875,-3.0,42.5,305.0625,11.75,19.0,-0.87060546875,0.0963134765625,0.16729736328125,-0.45257568359375,29.01648694432879,20.843242613629013,10.287551261135023
1588868982.8242626,1.71,-3.24,8.86,0.07222222222222222,0.43333333333333335,-0.8133333333333334,-2.1875,-3.4375,46.25,304.1875,11.5,19.1875,-0.86700439453125,0.09765625,0.16717529296875,-0.45916748046875,29.8070081185921,17.412067623262775,13.366266717121501
1588868982.8428981,1.6,-3.27,8.9,0.07222222222222222,0.43333333333333335,-0.8133333333333334,-2.1875,-3.6875,53.0625,303.1875,11.25,19.4375,-0.86285400390625,0.09912109375,0.16705322265625,-0.46661376953125,29.645452615740986,18.45567204384738,13.366266717121501
1588868982.8637936,1.72,-3.39,8.86,0.15222222222222223,0.3977777777777778,-0.8066666666666666,-2.9375,-4.6875,61.25,302.0,10.9375,19.6875,-0.85797119140625,0.100830078125,0.16693115234375,-0.4752197265625,29.17759226304936,14.655024377823075,9.46203135992466
1588868982.883546,1.71,-3.46,8.81,0.15222222222222223,0.3977777777777778,-0.8066666666666666,-3.0625,-5.25,66.375,300.75,10.625,20.0,-0.8524169921875,0.102783203125,0.1668701171875,-0.48468017578125,29.01648694432879,20.843242613629013,8.783471326983987
1588868982.904025,1.71,-3.51,8.89,0.16666666666666666,0.37444444444444447,-0.7855555555555556,-3.375,-5.375,69.5625,299.375,10.25,20.3125,-0.84649658203125,0.1048583984375,0.16668701171875,-0.49456787109375,29.17759226304936,19.201511991769348,9.74085639081978
1588868982.9204805,1.66,-3.55,8.81,0.16666666666666666,0.37444444444444447,-0.7855555555555556,-3.5625,-5.3125,72.25,298.0,9.875,20.625,-0.84027099609375,0.10693359375,0.16650390625,-0.5047607421875,29.33881369411944,19.644723848292585,9.866669917231507
1588868982.9489298,1.44,-3.6,8.88,0.1811111111111111,0.39222222222222225,-0.7777777777777778,-3.6875,-5.75,75.75,295.8125,9.25,21.125,-0.8302001953125,0.1102294921875,0.16619873046875,-0.52056884765625,28.389294661085362,22.050822564971767,11.949973783727213
1588868982.9758482,1.42,-3.62,8.76,0.1811111111111111,0.39222222222222225,-0.7777777777777778,-3.8125,-6.25,78.1875,294.25,8.8125,21.4375,-0.82305908203125,0.1124267578125,0.16595458984375,-0.53143310546875,31.23357455664216,16.54108526057354,11.534922691402478
1588868982.9969606,1.39,-3.61,8.86,0.1811111111111111,0.39222222222222225,-0.7777777777777778,-3.875,-6.5,78.9375,292.75,8.375,21.75,-0.81561279296875,0.11456298828125,0.16571044921875,-0.5423583984375,29.33881369411944,17.27653474707426,13.643203308730772
1588868983.0197039,1.4,-3.7,8.74,0.16,0.44,-0.7866666666666666,-3.875,-6.4375,77.5,290.4375,7.6875,22.125,-0.8043212890625,0.1177978515625,0.165283203125,-0.5584716796875,33.307373050916304,16.09289455944724,12.366914055422155
1588868983.0426426,1.34,-3.67,8.84,0.16,0.44,-0.7866666666666666,-3.6875,-6.25,74.1875,288.9375,7.25,22.375,-0.79693603515625,0.1197509765625,0.16497802734375,-0.568603515625,30.600273700923136,16.975847776444198,9.46203135992466
1588868983.0706878,1.22,-3.77,8.76,0.18666666666666668,0.5777777777777777,-0.9911111111111112,-3.3125,-5.9375,68.25,286.875,6.625,22.75,-0.78631591796875,0.12255859375,0.16461181640625,-0.582763671875,33.143455387024844,20.843242613629013,16.24211283445914
1588868983.0991573,1.12,-3.77,8.89,0.48,0.21444444444444444,-1.16,-3.0,-5.3125,61.5625,285.0,6.0625,23.0625,-0.77642822265625,0.12493896484375,0.16424560546875,-0.595458984375,33.143455387024844,19.491743286409353,9.059637895283274
1588868983.1276705,1.0,-3.7,8.78,0.48,0.21444444444444444,-1.16,-2.4375,-5.125,57.875,283.8125,5.6875,23.1875,-0.770263671875,0.1263427734375,0.1639404296875,-0.6031494140625,30.924832010655972,19.951150726382693,8.111686057847136
1588868983.1490052,0.88,-3.65,8.81,0.48,0.21444444444444444,-1.16,-2.3125,-4.5625,53.375,282.75,5.375,23.3125,-0.7645263671875,0.127685546875,0.16363525390625,-0.61029052734375,27.14034681759755,16.09289455944724,9.059637895283274
1588868983.1701665,1.17,-3.86,8.77,0.43,0.13777777777777778,-0.7688888888888888,-2.25,-4.75,48.125,281.3125,4.9375,23.5,-0.7564697265625,0.12933349609375,0.163330078125,-0.6199951171875,29.01648694432879,25.740239454755045,8.783471326983987
1588868983.1929867,0.96,-3.91,8.82,0.43,0.13777777777777778,-0.7688888888888888,-1.625,-3.375,41.125,280.4375,4.6875,23.625,-0.7518310546875,0.13031005859375,0.16314697265625,-0.62548828125,29.01648694432879,29.17759226304936,9.059637895283274
1588868983.214834,1.09,-4.21,8.83,0.3566666666666667,0.23555555555555555,-0.6966666666666667,-1.6875,-3.5,35.1875,279.75,4.5,23.75,-0.74774169921875,0.131103515625,0.16302490234375,-0.630126953125,29.17759226304936,20.997562281441997,10.414259176907256
1588868983.2441375,1.21,-4.03,8.77,0.3566666666666667,0.23555555555555555,-0.6966666666666667,-1.0625,-2.3125,22.8125,278.9375,4.25,23.8125,-0.74322509765625,0.1318359375,0.1632080078125,-0.63531494140625,29.17759226304936,18.896622454348467,8.24821566943219
1588868983.2705507,0.31,-3.45,8.78,0.3711111111111111,0.26222222222222225,-0.6622222222222223,0.3125,-0.8125,7.625,278.625,4.25,23.875,-0.74151611328125,0.13189697265625,0.16339111328125,-0.63720703125,29.17759226304936,22.970040758248228,11.107600786498937
1588868983.2922502,0.8,-3.77,8.86,0.3711111111111111,0.26222222222222225,-0.6622222222222223,-0.3125,-1.6875,7.0625,278.4375,4.1875,23.875,-0.74066162109375,0.13189697265625,0.16339111328125,-0.63824462890625,30.924832010655972,19.491743286409353,10.006708476722268
1588868983.3208838,0.77,-3.96,8.7,0.3388888888888889,0.29777777777777775,-0.6644444444444444,0.0625,-1.125,3.3125,278.3125,4.1875,23.875,-0.7398681640625,0.1319580078125,0.1634521484375,-0.63909912109375,29.17759226304936,18.60757037094457,10.006708476722268
1588868983.3445928,0.72,-4.01,8.75,0.3388888888888889,0.29777777777777775,-0.6644444444444444,0.3125,-0.8125,2.3125,278.25,4.1875,23.875,-0.7396240234375,0.13189697265625,0.16351318359375,-0.639404296875,31.396230917995325,17.713743806569802,9.46203135992466
1588868983.3660293,0.78,-4.11,8.83,0.35888888888888887,0.31555555555555553,-0.6711111111111111,-0.125,-1.0625,3.4375,278.1875,4.1875,23.875,-0.73919677734375,0.13189697265625,0.16363525390625,-0.63983154296875,33.307373050916304,18.15236507143771,9.866669917231507
1588868983.3943536,0.79,-4.07,8.87,0.35888888888888887,0.31555555555555553,-0.6711111111111111,0.25,-1.0625,3.9375,278.0625,4.125,23.9375,-0.73846435546875,0.1319580078125,0.16375732421875,-0.640625,29.17759226304936,16.54108526057354,7.325834451023294
1588868983.412767,0.6,-4.03,8.87,0.3711111111111111,0.3288888888888889,-0.6711111111111111,0.6875,-0.6875,3.6875,278.0,4.125,23.875,-0.73809814453125,0.1319580078125,0.16363525390625,-0.64111328125,29.8070081185921,17.412067623262775,7.325834451023294
1588868983.4360652,0.68,-4.03,8.81,0.3711111111111111,0.3288888888888889,-0.6711111111111111,0.375,-1.1875,6.5,277.875,4.0625,23.9375,-0.7374267578125,0.13201904296875,0.16363525390625,-0.64190673828125,29.17759226304936,17.412067623262775,10.979817579048675
1588868983.4625676,0.65,-4.2,8.82,0.3422222222222222,0.36444444444444446,-0.6577777777777778,0.375,-1.25,8.875,277.625,4.0,23.9375,-0.73602294921875,0.13226318359375,0.16363525390625,-0.6434326171875,29.500150765590444,12.511115952474265,10.414259176907256
1588868983.4891572,0.53,-4.08,8.76,0.3422222222222222,0.36444444444444446,-0.6577777777777778,0.375,-1.0,11.8125,277.4375,3.9375,24.0,-0.73480224609375,0.13262939453125,0.16351318359375,-0.64483642578125,29.01648694432879,41.78219276779781,10.979817579048675
1588868983.5098615,0.53,-3.89,8.84,0.3688888888888889,0.35555555555555557,-0.6711111111111111,0.1875,-1.125,15.5,277.125,3.8125,24.0,-0.73309326171875,0.13299560546875,0.163330078125,-0.64666748046875,30.292358577146732,41.275921339768416,11.392248643567696
1588868983.5328891,0.43,-3.78,8.79,0.3688888888888889,0.35555555555555557,-0.6711111111111111,-0.0625,-1.375,15.625,276.6875,3.6875,24.0,-0.73046875,0.1334228515625,0.1630859375,-0.649658203125,29.17759226304936,41.78219276779781,10.838063471062569
1588868983.5545874,0.43,-3.82,8.89,0.33555555555555555,0.3622222222222222,-0.6855555555555556,-0.3125,-1.9375,18.25,276.3125,3.5625,24.0625,-0.72845458984375,0.13372802734375,0.162841796875,-0.65185546875,29.17759226304936,48.77870417307591,10.979817579048675
1588868983.5797074,0.59,-3.93,9.0,0.33555555555555555,0.3622222222222222,-0.6855555555555556,-0.1875,-1.8125,18.5625,275.9375,3.4375,24.0625,-0.726318359375,0.134033203125,0.16253662109375,-0.65423583984375,27.14034681759755,65.62613008813413,10.979817579048675
1588868983.602332,0.67,-3.84,8.8,0.39444444444444443,0.36777777777777776,-0.6855555555555556,-1.3125,-5.375,14.875,275.4375,3.25,24.0625,-0.7235107421875,0.13458251953125,0.16217041015625,-0.6573486328125,29.01648694432879,64.40948581858558,12.366914055422155
1588868983.62278,0.54,-3.84,8.69,0.39444444444444443,0.36777777777777776,-0.6855555555555556,-0.125,-1.6875,11.75,275.1875,3.25,24.125,-0.7220458984375,0.1346435546875,0.162353515625,-0.658935546875,30.924832010655972,64.40948581858558,12.366914055422155
1588868983.6447635,0.41,-3.88,8.82,0.39444444444444443,0.36777777777777776,-0.6855555555555556,0.1875,-1.25,10.0,275.0,3.1875,24.125,-0.72088623046875,0.134765625,0.16229248046875,-0.66021728515625,29.01648694432879,60.742196864440864,12.655534969889898
1588868983.6819682,0.41,-4.13,8.7,0.4722222222222222,0.35555555555555557,-0.68,-0.0625,-1.4375,9.25,274.6875,3.125,24.125,-0.7191162109375,0.13494873046875,0.1622314453125,-0.66204833984375,28.389294661085362,55.06775888102105,11.949973783727213
1588868983.7028635,0.01,-4.84,8.78,0.6288888888888889,0.35,-0.6522222222222223,-0.125,0.4375,11.0,274.4375,3.0,24.125,-0.71759033203125,0.13519287109375,0.16204833984375,-0.6636962890625,30.130461553380723,26.980759054101476,10.696550788384632
1588868983.7241366,0.74,-4.35,8.69,0.6288888888888889,0.35,-0.6522222222222223,-0.5625,-3.5625,14.75,274.125,2.9375,24.1875,-0.7159423828125,0.13531494140625,0.1619873046875,-0.66552734375,29.17759226304936,28.389294661085362,16.24211283445914
1588868983.7464368,0.28,-4.36,8.93,0.6288888888888889,0.35,-0.6522222222222223,-0.3125,-1.0,16.25,273.8125,2.875,24.1875,-0.714111328125,0.13555908203125,0.16192626953125,-0.66741943359375,29.01648694432879,17.713743806569802,13.220809707139054
1588868983.7675545,0.65,-3.92,8.9,1.0766666666666667,0.25222222222222224,-0.44,-0.875,-3.375,21.8125,273.4375,2.75,24.25,-0.71160888671875,0.1358642578125,0.16180419921875,-0.6700439453125,29.33881369411944,17.27653474707426,8.645809436611888
1588868983.792946,0.34,-4.45,8.66,1.0766666666666667,0.25222222222222224,-0.44,-1.1875,-3.875,22.5,272.9375,2.625,24.25,-0.70892333984375,0.13623046875,0.16180419921875,-0.6728515625,29.01648694432879,16.24211283445914,8.645809436611888
1588868983.8168082,1.14,-3.8,8.85,1.318888888888889,0.8566666666666667,0.051111111111111114,-0.1875,-0.625,16.4375,272.375,2.4375,24.375,-0.70526123046875,0.13702392578125,0.16192626953125,-0.67645263671875,29.33881369411944,18.60757037094457,9.46203135992466
1588868983.8373985,0.44,-4.43,8.81,1.318888888888889,0.8566666666666667,0.051111111111111114,0.0625,-0.75,-3.375,272.3125,2.4375,24.375,-0.705078125,0.136962890625,0.1619873046875,-0.67669677734375,29.17759226304936,18.60757037094457,10.696550788384632
1588868983.868263,0.41,-4.2,8.79,0.7244444444444444,0.7033333333333334,-0.6111111111111112,0.5625,0.3125,-18.125,272.75,2.625,24.3125,-0.70758056640625,0.13629150390625,0.1624755859375,-0.674072265625,29.33881369411944,22.050822564971767,9.059637895283274
1588868983.8892493,-0.12,-4.58,8.6,0.7244444444444444,0.7033333333333334,-0.6111111111111112,0.9375,0.125,-13.6875,273.0625,2.75,24.3125,-0.70941162109375,0.13580322265625,0.16265869140625,-0.67218017578125,29.33881369411944,18.896622454348467,10.147003132025095
1588868983.9131136,-0.07,-4.12,8.88,0.5188888888888888,0.4922222222222222,-0.6966666666666667,-0.375,-2.0,14.625,272.9375,2.6875,24.3125,-0.7086181640625,0.13580322265625,0.1627197265625,-0.67303466796875,28.389294661085362,20.089243923297587,10.838063471062569
1588868983.934856,0.42,-4.07,8.85,0.5188888888888888,0.4922222222222222,-0.6966666666666667,-1.1875,-3.3125,31.125,272.375,2.5625,24.3125,-0.70538330078125,0.1363525390625,0.16253662109375,-0.67633056640625,30.130461553380723,18.3039366116672,10.555281887838765
1588868983.9626224,0.28,-4.05,8.89,0.41333333333333333,0.42444444444444446,-0.6888888888888889,-1.0625,-3.125,37.25,271.6875,2.3125,24.375,-0.70111083984375,0.1370849609375,0.1622314453125,-0.6806640625,32.03163782139682,17.27653474707426,8.921415223084852
1588868983.9830859,0.46,-4.33,8.53,0.41333333333333333,0.42444444444444446,-0.6888888888888889,-1.25,-4.125,38.625,270.875,2.0625,24.4375,-0.696533203125,0.13787841796875,0.16192626953125,-0.685302734375,33.94765446916571,15.083055566532677,9.601311852739261
1588868984.004435,0.55,-4.15,9.02,0.42777777777777776,0.37333333333333335,-0.7177777777777777,-1.0,-3.25,32.125,269.875,1.75,24.5,-0.69024658203125,0.13897705078125,0.16162109375,-0.69146728515625,27.4598892945177,16.09289455944724,8.783471326983987
1588868984.0254204,0.38,-4.42,8.82,0.42777777777777776,0.37333333333333335,-0.7177777777777777,-1.0,-2.75,23.6875,269.375,1.625,24.5625,-0.68707275390625,0.139404296875,0.161865234375,-0.69451904296875,31.868554859399378,23.28274212623503,8.522157585943866
1588868984.0481386,0.89,-3.97,8.82,0.42777777777777776,0.37333333333333335,-0.7177777777777777,-0.25,-0.5,14.0,269.0,1.5,24.625,-0.68505859375,0.13983154296875,0.16156005859375,-0.6964111328125,29.01648694432879,24.192660164292448,9.059637895283274
1588868984.078268,0.75,-3.9,8.54,0.41,0.3711111111111111,-0.7111111111111111,0.0,-0.4375,2.125,268.875,1.4375,24.625,-0.68426513671875,0.139892578125,0.16156005859375,-0.69720458984375,29.645452615740986,16.690837014236124,13.220809707139054
1588868984.0993485,0.89,-4.0,8.91,0.41,0.3711111111111111,-0.7111111111111111,0.4375,-1.0,-7.0,268.9375,1.5,24.625,-0.6846923828125,0.1397705078125,0.16168212890625,-0.69683837890625,29.500150765590444,16.24211283445914,12.930522727600737
1588868984.1243439,0.94,-4.55,8.98,0.4033333333333333,0.35555555555555557,-0.7088888888888889,1.125,2.5625,-30.125,269.625,1.6875,24.5625,-0.688720703125,0.13909912109375,0.16192626953125,-0.69287109375,29.33881369411944,16.825763641936998,16.09289455944724
1588868984.1516669,0.13,-3.74,8.3,0.4033333333333333,0.35555555555555557,-0.7088888888888889,4.5,-2.9375,-54.5625,270.5625,2.125,24.4375,-0.6943359375,0.1373291015625,0.16265869140625,-0.68743896484375,29.01648694432879,19.797859958352586,11.249807283884948
1588868984.1722527,-0.35,-4.82,8.81,0.37777777777777777,0.3477777777777778,-0.68,1.5625,2.6875,-62.4375,271.75,2.5625,24.375,-0.70166015625,0.1357421875,0.163818359375,-0.67999267578125,29.33881369411944,20.396560471079376,11.663526520834106
1588868984.192904,-1.05,-4.78,8.86,0.37777777777777777,0.3477777777777778,-0.68,2.3125,1.75,-46.875,272.75,2.9375,24.3125,-0.7076416015625,0.13433837890625,0.164306640625,-0.6739501953125,29.645452615740986,23.28274212623503,11.80663684052546
1588868984.2153733,-0.72,-4.82,8.76,0.37333333333333335,0.37333333333333335,-0.7022222222222222,0.1875,-1.125,-0.0625,273.3125,3.125,24.25,-0.71075439453125,0.133544921875,0.16455078125,-0.6707763671875,29.8070081185921,22.050822564971767,12.511115952474265
1588868984.2379355,13.47,-23.83,3.74,0.37333333333333335,0.37333333333333335,-0.7022222222222222,4.3125,-1.1875,23.0,272.875,3.0,24.25,-0.70849609375,0.1336669921875,0.16400146484375,-0.67327880859375,32.194829156491586,20.68907183210695,11.949973783727213
1588868984.26513,0.6,-0.64,18.14,0.3322222222222222,0.4,-0.6666666666666666,5.5625,-53.125,176.125,270.625,1.9375,24.5,-0.69488525390625,0.1387939453125,0.1617431640625,-0.68682861328125,57.47315329742263,20.55044610343053,11.663526520834106
1588868984.2890284,0.63,-0.98,8.17,0.3322222222222222,0.4,-0.6666666666666666,-0.75,5.0,106.5625,268.375,1.4375,24.75,-0.68109130859375,0.14013671875,0.1627197265625,-0.70001220703125,54.38548473628606,20.55044610343053,11.663526520834106
1588868984.3154488,-0.09,-3.65,9.49,0.3466666666666667,0.38666666666666666,-0.6733333333333333,-4.3125,-9.125,38.5625,266.5625,0.75,24.8125,-0.66961669921875,0.1424560546875,0.16156005859375,-0.71075439453125,59.53786597311123,19.951150726382693,10.696550788384632
1588868984.33584,0.09,-3.54,8.88,0.3466666666666667,0.38666666666666666,-0.6733333333333333,0.0,-1.25,5.1875,266.3125,0.6875,24.875,-0.66796875,0.1427001953125,0.1614990234375,-0.71234130859375,57.12116780542493,17.864834297117845,10.414259176907256
1588868984.3568046,2.57,-11.58,9.3,0.37777777777777777,0.36777777777777776,-0.6588888888888889,-0.125,-0.625,-13.625,266.5,0.75,24.875,-0.669189453125,0.14239501953125,0.1617431640625,-0.711181640625,56.08446249375368,17.864834297117845,10.006708476722268
1588868984.3838668,0.32,-5.35,9.06,0.37777777777777777,0.36777777777777776,-0.6588888888888889,3.0625,1.25,0.875,266.625,0.75,24.8125,-0.66998291015625,0.1424560546875,0.1611328125,-0.7105712890625,57.98403176281673,16.825763641936998,7.975455535092842
1588868984.402853,0.19,-4.4,8.9,0.37777777777777777,0.36777777777777776,-0.6588888888888889,0.5,-0.375,0.0625,266.625,0.75,24.8125,-0.66998291015625,0.14251708984375,0.16119384765625,-0.71051025390625,61.789662820599744,17.12610518648087,9.866669917231507
1588868984.4257984,0.18,-4.42,8.75,0.37777777777777777,0.36,-0.6588888888888889,0.125,0.0,0.0,266.625,0.75,24.8125,-0.66998291015625,0.14251708984375,0.16119384765625,-0.71051025390625,59.361024664721675,16.54108526057354,9.601311852739261
1588868984.4492908,0.17,-4.43,8.86,0.37777777777777777,0.36,-0.6588888888888889,0.3125,-0.25,-0.125,266.625,0.75,24.8125,-0.669921875,0.142578125,0.16131591796875,-0.71051025390625,59.891754056104936,18.60757037094457,7.447086548616121
1588868984.4766593,0.16,-4.41,8.77,0.3655555555555556,0.35333333333333333,-0.6733333333333333,-0.4375,0.0,-0.125,266.625,0.75,24.875,-0.669921875,0.1427001953125,0.1614990234375,-0.71044921875,56.08446249375368,21.911036124575002,8.783471326983987
1588868984.4996126,0.16,-4.42,8.91,0.3655555555555556,0.35333333333333333,-0.6733333333333333,0.25,-0.1875,-0.0625,266.625,0.75,24.875,-0.66986083984375,0.1429443359375,0.16180419921875,-0.71038818359375,56.43561033994267,26.359547325985286,8.522157585943866
1588868984.526985,0.17,-4.44,8.73,0.38555555555555554,0.35333333333333333,-0.6733333333333333,-0.3125,-0.0625,-0.0625,266.625,0.75,24.9375,-0.6697998046875,0.1431884765625,0.162109375,-0.7103271484375,56.78704340292894,16.825763641936998,10.147003132025095
1588868984.5541675,0.18,-4.39,8.93,0.38555555555555554,0.35333333333333333,-0.6733333333333333,0.3125,0.0,0.0,266.625,0.75,24.9375,-0.66973876953125,0.143310546875,0.16229248046875,-0.7103271484375,56.08446249375368,18.60757037094457,16.09289455944724
1588868984.5746658,0.18,-4.43,8.86,0.3466666666666667,0.36,-0.6733333333333333,-0.3125,0.0,-0.125,266.625,0.75,25.0,-0.66973876953125,0.1434326171875,0.1624755859375,-0.71026611328125,56.94528098488802,17.864834297117845,12.655534969889898
1588868984.600062,0.17,-4.41,8.88,0.3466666666666667,0.36,-0.6733333333333333,0.4375,-0.1875,0.0625,266.625,0.75,25.0,-0.669677734375,0.14361572265625,0.16278076171875,-0.710205078125,59.361024664721675,16.24211283445914,11.80663684052546
1588868984.6274016,0.18,-4.43,8.83,0.3655555555555556,0.36,-0.6522222222222223,-0.3125,0.0625,0.0625,266.625,0.75,25.0625,-0.669677734375,0.1436767578125,0.16290283203125,-0.71014404296875,61.434328081998146,16.54108526057354,11.663526520834106
1588868984.6498158,0.16,-4.39,8.91,0.3655555555555556,0.36,-0.6522222222222223,0.0625,-0.1875,-0.0625,266.625,0.8125,25.0625,-0.66961669921875,0.1439208984375,0.1632080078125,-0.7100830078125,56.78704340292894,18.3039366116672,8.385040702438687
1588868984.6716352,0.15,-4.42,8.88,0.37333333333333335,0.35333333333333333,-0.6588888888888889,-0.125,-0.0625,-0.0625,266.625,0.8125,25.125,-0.66961669921875,0.14398193359375,0.163330078125,-0.7100830078125,57.98403176281673,18.60757037094457,12.093535338039434
1588868984.703909,0.18,-4.42,8.87,0.37333333333333335,0.35333333333333333,-0.6588888888888889,0.1875,-0.1875,-0.0625,266.625,0.8125,25.125,-0.6695556640625,0.1441650390625,0.16351318359375,-0.71002197265625,57.47315329742263,16.24211283445914,13.497354857209498
1588868984.7236862,0.17,-4.44,8.79,0.37777777777777777,0.36777777777777776,-0.6733333333333333,-0.0625,-0.1875,0.0625,266.625,0.8125,25.1875,-0.6695556640625,0.14422607421875,0.1636962890625,-0.71002197265625,56.94528098488802,17.27653474707426,13.497354857209498
1588868984.7444205,0.17,-4.44,8.77,0.37777777777777777,0.36777777777777776,-0.6733333333333333,-0.0625,0.0,-0.125,266.625,0.8125,25.1875,-0.66949462890625,0.14434814453125,0.16387939453125,-0.7099609375,57.47315329742263,16.24211283445914,14.787689412573071
1588868984.7640867,0.17,-4.42,8.89,0.37333333333333335,0.36,-0.6733333333333333,0.25,-0.0625,-0.0625,266.625,0.8125,25.1875,-0.66949462890625,0.14447021484375,0.16400146484375,-0.7099609375,57.12116780542493,16.975847776444198,9.866669917231507
1588868984.78381,0.17,-4.44,8.76,0.37333333333333335,0.36,-0.6733333333333333,-0.1875,-0.0625,-0.0625,266.625,0.8125,25.25,-0.66949462890625,0.14459228515625,0.16412353515625,-0.70989990234375,57.63163865236408,19.201511991769348,12.930522727600737
1588868984.8085744,0.19,-4.41,8.9,0.35888888888888887,0.35333333333333333,-0.68,0.0625,0.0625,-0.0625,266.625,0.8125,25.25,-0.66943359375,0.14471435546875,0.16436767578125,-0.7098388671875,57.29712529642835,19.04898765839658,10.696550788384632
1588868984.8330095,0.19,-4.43,8.74,0.35888888888888887,0.35333333333333333,-0.68,-0.1875,-0.25,0.0,266.625,0.8125,25.25,-0.66943359375,0.14483642578125,0.16448974609375,-0.7098388671875,57.98403176281673,19.35419451920608,12.366914055422155
1588868984.856415,0.19,-4.42,8.84,0.35888888888888887,0.35333333333333333,-0.68,-0.1875,-0.125,0.125,266.625,0.8125,25.3125,-0.66937255859375,0.1448974609375,0.16461181640625,-0.70977783203125,56.94528098488802,19.35419451920608,12.366914055422155
1588868984.8768046,0.17,-4.41,8.86,0.35888888888888887,0.36,-0.68,0.1875,0.0,-0.125,266.625,0.8125,25.3125,-0.66937255859375,0.14495849609375,0.16473388671875,-0.70977783203125,60.40537630069904,17.412067623262775,12.237319529554254
1588868984.9014988,0.18,-4.41,8.85,0.35888888888888887,0.36,-0.68,-0.1875,-0.25,0.0625,266.625,0.8125,25.3125,-0.66937255859375,0.14508056640625,0.1649169921875,-0.709716796875,56.26000068263108,16.825763641936998,11.534922691402478
1588868984.923365,0.18,-4.42,8.88,0.3655555555555556,0.35333333333333333,-0.6733333333333333,0.125,-0.0625,0.0625,266.625,0.8125,25.375,-0.6693115234375,0.1451416015625,0.16497802734375,-0.709716796875,58.84857385381588,24.50747163894603,11.663526520834106
1588868984.9514325,0.19,-4.43,8.84,0.3655555555555556,0.35333333333333333,-0.6733333333333333,-0.125,-0.0625,0.0625,266.625,0.8125,25.375,-0.6693115234375,0.145263671875,0.1651611328125,-0.70965576171875,61.61196203839659,21.60081651031747,9.601311852739261
1588868984.972775,0.17,-4.43,8.83,0.37777777777777777,0.36777777777777776,-0.6877777777777778,0.125,-0.1875,-0.0625,266.625,0.8125,25.375,-0.6693115234375,0.1453857421875,0.165283203125,-0.70965576171875,56.94528098488802,18.3039366116672,9.601311852739261
1588868985.0018494,0.16,-4.43,8.82,0.37777777777777777,0.36777777777777776,-0.6877777777777778,-0.0625,-0.0625,0.0,266.625,0.8125,25.4375,-0.66925048828125,0.14544677734375,0.16546630859375,-0.7095947265625,58.1603332342135,18.016091647673772,12.655534969889898
1588868985.0284054,0.16,-4.4,8.86,0.35333333333333333,0.36,-0.6733333333333333,0.0625,-0.125,0.0,266.625,0.8125,25.4375,-0.66925048828125,0.14556884765625,0.16552734375,-0.7095947265625,57.63163865236408,18.3039366116672,5.2558793362877125
1588868985.052171,0.18,-4.42,8.83,0.35333333333333333,0.36,-0.6733333333333333,-0.25,-0.125,-0.0625,266.625,0.8125,25.4375,-0.66925048828125,0.1456298828125,0.16571044921875,-0.70953369140625,56.78704340292894,17.412067623262775,11.949973783727213
1588868985.0731375,0.17,-4.43,8.87,0.3655555555555556,0.35333333333333333,-0.6666666666666666,0.125,0.125,0.0,266.625,0.8125,25.4375,-0.669189453125,0.14569091796875,0.165771484375,-0.70953369140625,56.78704340292894,16.825763641936998,7.325834451023294
1588868985.1026578,0.18,-4.43,8.86,0.3655555555555556,0.35333333333333333,-0.6666666666666666,-0.1875,-0.0625,0.0,266.625,0.8125,25.5,-0.669189453125,0.14581298828125,0.1658935546875,-0.70953369140625,57.29712529642835,18.896622454348467,9.059637895283274
1588868985.129522,0.18,-4.41,8.75,0.3655555555555556,0.36777777777777776,-0.6733333333333333,0.0,-0.125,-0.125,266.625,0.8125,25.5,-0.669189453125,0.1458740234375,0.16607666015625,-0.70947265625,56.78704340292894,16.24211283445914,19.35419451920608
1588868985.1532867,0.19,-4.45,8.84,0.3655555555555556,0.36777777777777776,-0.6733333333333333,-0.125,0.0625,-0.0625,266.625,0.8125,25.5,-0.66912841796875,0.14599609375,0.1661376953125,-0.70947265625,57.29712529642835,19.201511991769348,9.059637895283274
1588868985.1795692,0.19,-4.41,8.86,0.38555555555555554,0.36777777777777776,-0.6522222222222223,0.0625,0.0625,0.0,266.625,0.8125,25.5,-0.66912841796875,0.14599609375,0.166259765625,-0.70947265625,57.12116780542493,19.04898765839658,9.46203135992466
1588868985.2028966,0.16,-4.42,8.86,0.38555555555555554,0.36777777777777776,-0.6522222222222223,-0.1875,-0.0625,-0.0625,266.625,0.875,25.5625,-0.66912841796875,0.1461181640625,0.1663818359375,-0.70941162109375,56.94528098488802,18.896622454348467,11.534922691402478
1588868985.2248008,0.17,-4.44,8.86,0.37777777777777777,0.3466666666666667,-0.6588888888888889,0.0625,0.0,-0.0625,266.625,0.875,25.5625,-0.6690673828125,0.14617919921875,0.16644287109375,-0.70941162109375,57.29712529642835,17.562821226843337,9.059637895283274
1588868985.2576802,0.18,-4.41,8.86,0.37777777777777777,0.3466666666666667,-0.6588888888888889,-0.0625,-0.0625,-0.0625,266.625,0.875,25.5625,-0.6690673828125,0.146240234375,0.16656494140625,-0.7093505859375,57.63163865236408,16.975847776444198,8.522157585943866
1588868985.2806027,0.18,-4.43,8.76,0.37333333333333335,0.3466666666666667,-0.6666666666666666,0.0625,-0.125,-0.0625,266.625,0.875,25.5625,-0.6690673828125,0.14630126953125,0.16668701171875,-0.7093505859375,57.47315329742263,17.12610518648087,12.366914055422155
1588868985.3079748,0.17,-4.43,8.86,0.37333333333333335,0.3466666666666667,-0.6666666666666666,0.0,-0.0625,0.0625,266.625,0.875,25.625,-0.6690673828125,0.1463623046875,0.166748046875,-0.7093505859375,62.83945010076783,18.016091647673772,11.534922691402478
1588868985.3332565,0.17,-4.43,8.78,0.3655555555555556,0.36,-0.6944444444444444,0.0,-0.1875,0.125,266.625,0.875,25.625,-0.66900634765625,0.146484375,0.1668701171875,-0.70928955078125,59.714775820285666,19.35419451920608,9.46203135992466
1588868985.3545766,0.17,-4.42,8.86,0.3655555555555556,0.36,-0.6944444444444444,-0.0625,0.0,-0.0625,266.625,0.875,25.625,-0.66900634765625,0.146484375,0.16693115234375,-0.70928955078125,61.09700818177693,19.201511991769348,11.534922691402478
1588868985.374756,0.18,-4.42,8.83,0.38555555555555554,0.35333333333333333,-0.6733333333333333,-0.125,-0.0625,-0.125,266.625,0.875,25.625,-0.66900634765625,0.14654541015625,0.1669921875,-0.70928955078125,57.12116780542493,25.740239454755045,8.522157585943866
1588868985.3952506,0.18,-4.42,8.82,0.38555555555555554,0.35333333333333333,-0.6733333333333333,0.0625,-0.0625,0.0,266.625,0.875,25.625,-0.66900634765625,0.1466064453125,0.16705322265625,-0.70928955078125,57.29712529642835,25.740239454755045,12.655534969889898
1588868985.4235039,0.16,-4.44,8.85,0.35888888888888887,0.36,-0.6733333333333333,-0.0625,0.125,0.0,266.625,0.875,25.625,-0.6689453125,0.14666748046875,0.16717529296875,-0.709228515625,57.12116780542493,18.016091647673772,11.534922691402478
1588868985.4470162,0.18,-4.42,8.84,0.35888888888888887,0.36,-0.6733333333333333,0.0,0.0,-0.0625,266.625,0.875,25.6875,-0.6689453125,0.146728515625,0.167236328125,-0.709228515625,56.94528098488802,18.016091647673772,11.534922691402478
1588868985.4679706,0.18,-4.43,8.87,0.3655555555555556,0.35333333333333333,-0.6877777777777778,-0.25,0.0,0.0,266.625,0.875,25.6875,-0.6689453125,0.14678955078125,0.16729736328125,-0.709228515625,56.94528098488802,19.644723848292585,14.360774904886158
1588868985.4919367,0.18,-4.41,8.8,0.3655555555555556,0.35333333333333333,-0.6877777777777778,-0.0625,0.0625,0.0,266.625,0.875,25.6875,-0.6689453125,0.1468505859375,0.1673583984375,-0.70916748046875,56.94528098488802,19.797859958352586,11.249807283884948
1588868985.5177505,0.18,-4.42,8.87,0.37333333333333335,0.36777777777777776,-0.6877777777777778,-0.125,-0.0625,-0.1875,266.625,0.875,25.6875,-0.6689453125,0.1468505859375,0.16741943359375,-0.70916748046875,56.78704340292894,18.45567204384738,11.392248643567696
1588868985.5408068,0.17,-4.43,8.76,0.37333333333333335,0.36777777777777776,-0.6877777777777778,-0.0625,0.0,0.0,266.625,0.875,25.6875,-0.6689453125,0.14691162109375,0.16748046875,-0.70916748046875,56.94528098488802,16.391510137339036,11.663526520834106
1588868985.5601408,0.17,-4.42,8.87,0.37333333333333335,0.36777777777777776,-0.6877777777777778,0.0625,-0.0625,0.0625,266.625,0.875,25.6875,-0.66888427734375,0.14697265625,0.16754150390625,-0.70916748046875,56.94528098488802,16.54108526057354,11.80663684052546
1588868985.5838225,0.19,-4.42,8.75,0.3655555555555556,0.3466666666666667,-0.6877777777777778,-0.0625,0.0,0.0,266.625,0.875,25.75,-0.66888427734375,0.14703369140625,0.16766357421875,-0.7091064453125,56.94528098488802,16.391510137339036,13.789255414487501
1588868985.6050715,0.17,-4.42,8.87,0.3655555555555556,0.3466666666666667,-0.6877777777777778,0.0,0.0,0.0625,266.625,0.875,25.75,-0.66888427734375,0.14703369140625,0.167724609375,-0.7091064453125,56.94528098488802,17.12610518648087,9.184274048593661
1588868985.626514,0.19,-4.42,8.84,0.35333333333333333,0.3411111111111111,-0.68,-0.0625,0.0,0.0,266.625,0.875,25.75,-0.66888427734375,0.1470947265625,0.167724609375,-0.7091064453125,56.94528098488802,17.713743806569802,6.537581783159974
1588868985.6555073,0.19,-4.4,8.84,0.35333333333333333,0.3411111111111111,-0.68,0.0,-0.125,0.0,266.625,0.875,25.75,-0.66888427734375,0.14715576171875,0.1678466796875,-0.7091064453125,56.94528098488802,17.713743806569802,5.2558793362877125
1588868985.6731055,0.18,-4.43,8.88,0.37333333333333335,0.35333333333333333,-0.6666666666666666,0.0625,-0.0625,-0.125,266.625,0.875,25.75,-0.66888427734375,0.14715576171875,0.16790771484375,-0.7091064453125,56.94528098488802,16.690837014236124,5.2558793362877125
1588868985.7056901,0.18,-4.44,8.85,0.37333333333333335,0.35333333333333333,-0.6666666666666666,-0.1875,-0.0625,-0.125,266.625,0.875,25.75,-0.6688232421875,0.147216796875,0.16796875,-0.70904541015625,57.47315329742263,16.391510137339036,6.273097568171245
1588868985.7323127,0.17,-4.4,8.87,0.3655555555555556,0.3466666666666667,-0.6522222222222223,0.0,-0.125,-0.0625,266.625,0.875,25.75,-0.6688232421875,0.147216796875,0.16802978515625,-0.70904541015625,58.1603332342135,17.713743806569802,12.366914055422155
1588868985.755184,0.16,-4.42,8.81,0.3655555555555556,0.3466666666666667,-0.6522222222222223,0.0,-0.1875,0.0625,266.625,0.875,25.8125,-0.6688232421875,0.14727783203125,0.1680908203125,-0.70904541015625,57.29712529642835,19.797859958352586,8.522157585943866
1588868985.783893,0.19,-4.4,8.78,0.37333333333333335,0.35333333333333333,-0.6666666666666666,-0.0625,0.0,-0.0625,266.625,0.875,25.8125,-0.6688232421875,0.1473388671875,0.16815185546875,-0.70904541015625,57.29712529642835,20.089243923297587,9.866669917231507
1588868985.8087096,0.19,-4.42,8.85,0.37333333333333335,0.35333333333333333,-0.6666666666666666,0.0,0.0,-0.0625,266.625,0.875,25.8125,-0.6688232421875,0.14739990234375,0.168212890625,-0.708984375,56.08446249375368,20.089243923297587,9.866669917231507
1588868985.833055,0.17,-4.43,8.76,0.37777777777777777,0.3466666666666667,-0.6733333333333333,0.0625,0.125,-0.125,266.625,0.875,25.8125,-0.6688232421875,0.14739990234375,0.16827392578125,-0.708984375,57.29712529642835,19.04898765839658,9.866669917231507
1588868985.8623035,0.17,-4.41,8.83,0.37777777777777777,0.3466666666666667,-0.6733333333333333,-0.125,0.0,0.0,266.625,0.875,25.8125,-0.66876220703125,0.1474609375,0.1683349609375,-0.708984375,56.61129130124827,18.3039366116672,10.006708476722268
1588868985.8890636,0.18,-4.42,8.76,0.38555555555555554,0.3466666666666667,-0.6877777777777778,0.0,0.125,-0.125,266.625,0.875,25.8125,-0.66876220703125,0.14752197265625,0.16839599609375,-0.708984375,56.08446249375368,21.306645047205286,11.534922691402478
1588868985.9141676,0.17,-4.42,8.86,0.38555555555555554,0.35333333333333333,-0.6944444444444444,-0.0625,-0.0625,-0.0625,266.625,0.875,25.8125,-0.66876220703125,0.14752197265625,0.16845703125,-0.70892333984375,60.05109281711831,18.15236507143771,8.385040702438687
1588868985.9411154,0.19,-4.42,8.78,0.38555555555555554,0.35333333333333333,-0.6944444444444444,-0.0625,0.0,0.0625,266.625,0.875,25.8125,-0.66876220703125,0.1475830078125,0.16845703125,-0.70892333984375,57.29712529642835,16.690837014236124,7.325834451023294
1588868985.964236,0.18,-4.42,8.86,0.35888888888888887,0.36,-0.6733333333333333,0.0625,-0.0625,0.0625,266.625,0.875,25.875,-0.66876220703125,0.1475830078125,0.16851806640625,-0.70892333984375,61.434328081998146,17.27653474707426,9.46203135992466
1588868985.9838765,0.18,-4.41,8.78,0.35888888888888887,0.36,-0.6733333333333333,0.0,0.0,0.0625,266.625,0.875,25.875,-0.66876220703125,0.14764404296875,0.1685791015625,-0.70892333984375,57.63163865236408,16.825763641936998,9.601311852739261
1588868986.0075088,0.17,-4.43,8.85,0.35888888888888887,0.36,-0.6733333333333333,0.0625,-0.25,-0.0625,266.625,0.875,25.875,-0.66876220703125,0.14764404296875,0.16864013671875,-0.70892333984375,57.12116780542493,16.54108526057354,7.325834451023294
1588868986.0344212,0.17,-4.43,8.75,0.37777777777777777,0.36,-0.6666666666666666,0.125,-0.0625,-0.125,266.625,0.875,25.875,-0.668701171875,0.147705078125,0.16864013671875,-0.70892333984375,57.12116780542493,16.690837014236124,10.555281887838765
1588868986.0582736,0.17,-4.43,8.85,0.37777777777777777,0.36,-0.6666666666666666,-0.1875,0.0625,-0.0625,266.625,0.875,25.875,-0.668701171875,0.147705078125,0.168701171875,-0.7088623046875,57.29712529642835,16.975847776444198,13.935509577882957
1588868986.0850267,0.17,-4.44,8.76,0.38555555555555554,0.36,-0.68,0.0,0.0,-0.0625,266.625,0.875,25.875,-0.668701171875,0.14776611328125,0.16876220703125,-0.7088623046875,56.61129130124827,18.60757037094457,20.843242613629013
1588868986.1079824,0.18,-4.43,8.85,0.38555555555555554,0.36,-0.68,-0.0625,0.0,-0.0625,266.625,0.875,25.875,-0.668701171875,0.1478271484375,0.1688232421875,-0.7088623046875,56.61129130124827,18.016091647673772,12.237319529554254
1588868986.1311455,0.18,-4.44,8.85,0.37333333333333335,0.36,-0.68,-0.125,-0.0625,-0.0625,266.625,0.875,25.875,-0.668701171875,0.1478271484375,0.1688232421875,-0.7088623046875,57.47315329742263,18.896622454348467,11.534922691402478
1588868986.152561,0.17,-4.43,8.82,0.37333333333333335,0.36,-0.68,-0.0625,0.0625,0.0,266.625,0.875,25.875,-0.668701171875,0.1478271484375,0.16888427734375,-0.7088623046875,58.336704440592705,16.825763641936998,10.006708476722268
1588868986.1747172,0.17,-4.42,8.85,0.3655555555555556,0.3466666666666667,-0.6733333333333333,-0.0625,0.0625,0.0,266.625,0.875,25.875,-0.668701171875,0.14788818359375,0.16888427734375,-0.7088623046875,58.1603332342135,18.45567204384738,11.949973783727213
1588868986.1967027,0.17,-4.45,8.83,0.3655555555555556,0.3466666666666667,-0.6733333333333333,-0.0625,-0.0625,-0.125,266.625,0.875,25.875,-0.668701171875,0.14788818359375,0.16888427734375,-0.7088623046875,61.434328081998146,22.050822564971767,10.696550788384632
1588868986.2251472,0.15,-4.42,8.88,0.37777777777777777,0.36,-0.6877777777777778,-0.0625,0.0,0.125,266.625,0.875,25.875,-0.668701171875,0.14788818359375,0.16888427734375,-0.7088623046875,56.08446249375368,19.35419451920608,8.385040702438687
1588868986.2449586,0.17,-4.43,8.83,0.37777777777777777,0.36,-0.6877777777777778,-0.0625,-0.0625,0.25,266.625,0.875,25.875,-0.668701171875,0.14788818359375,0.16888427734375,-0.7088623046875,59.53786597311123,20.24282612823132,9.059637895283274
1588868986.2647815,0.17,-4.42,8.85,0.37777777777777777,0.36777777777777776,-0.6877777777777778,-0.0625,-0.0625,0.0625,266.625,0.875,25.875,-0.668701171875,0.14788818359375,0.16888427734375,-0.7088623046875,56.94528098488802,23.28274212623503,9.059637895283274
1588868986.2863832,0.16,-4.42,8.77,0.37777777777777777,0.36777777777777776,-0.6877777777777778,-0.0625,0.0,0.0625,266.625,0.875,25.875,-0.668701171875,0.14788818359375,0.16888427734375,-0.7088623046875,61.434328081998146,23.8940832812109,7.325834451023294
1588868986.3079133,0.16,-4.42,8.85,0.37777777777777777,0.36777777777777776,-0.6877777777777778,0.0,-0.125,0.0625,266.625,0.875,25.875,-0.668701171875,0.14788818359375,0.16888427734375,-0.7088623046875,56.94528098488802,22.20627648330711,9.46203135992466
1588868986.3301175,0.17,-4.43,8.87,0.37777777777777777,0.37333333333333335,-0.6877777777777778,-0.0625,0.125,-0.0625,266.625,0.875,25.875,-0.668701171875,0.14788818359375,0.16888427734375,-0.7088623046875,56.94528098488802,16.825763641936998,9.601311852739261
1588868986.3598561,0.16,-4.43,8.84,0.37777777777777777,0.37333333333333335,-0.6877777777777778,-0.0625,0.125,0.0,266.625,0.875,25.875,-0.668701171875,0.14788818359375,0.16888427734375,-0.7088623046875,58.336704440592705,16.975847776444198,8.645809436611888
1588868986.3863544,0.19,-4.44,8.77,0.37333333333333335,0.35333333333333333,-0.6733333333333333,-0.1875,0.0625,-0.0625,266.625,0.875,25.875,-0.668701171875,0.14788818359375,0.16888427734375,-0.7088623046875,57.47315329742263,18.3039366116672,7.325834451023294
1588868986.4146008,0.17,-4.42,8.84,0.37333333333333335,0.35333333333333333,-0.6733333333333333,-0.125,-0.125,0.0625,266.625,0.875,25.875,-0.668701171875,0.14788818359375,0.16888427734375,-0.7088623046875,57.12116780542493,21.306645047205286,10.414259176907256
1588868986.4344893,0.17,-4.43,8.84,0.37333333333333335,0.36777777777777776,-0.6733333333333333,0.0,0.125,0.125,266.625,0.875,25.875,-0.668701171875,0.14788818359375,0.16888427734375,-0.7088623046875,57.80780018305879,21.306645047205286,11.80663684052546
1588868986.4543386,0.19,-4.42,8.82,0.37333333333333335,0.36777777777777776,-0.6733333333333333,0.0,-0.125,0.0,266.625,0.875,25.875,-0.668701171875,0.14788818359375,0.16888427734375,-0.7088623046875,56.94528098488802,17.412067623262775,18.45567204384738
1588868986.477167,0.19,-4.41,8.88,0.3655555555555556,0.3466666666666667,-0.6522222222222223,0.0,0.0,0.125,266.625,0.875,25.875,-0.668701171875,0.14788818359375,0.16888427734375,-0.7088623046875,56.94528098488802,18.896622454348467,10.555281887838765
1588868986.5007315,0.17,-4.43,8.83,0.3655555555555556,0.3466666666666667,-0.6522222222222223,0.0,-0.125,-0.0625,266.625,0.875,25.875,-0.668701171875,0.14788818359375,0.16888427734375,-0.7088623046875,57.98403176281673,18.3039366116672,10.147003132025095
1588868986.5303476,0.16,-4.44,8.86,0.35333333333333333,0.3411111111111111,-0.68,0.0625,-0.125,0.0,266.625,0.875,25.875,-0.668701171875,0.14788818359375,0.16888427734375,-0.7088623046875,56.94528098488802,19.644723848292585,9.866669917231507
1588868986.5520868,0.17,-4.42,8.8,0.35333333333333333,0.3411111111111111,-0.68,-0.0625,-0.125,-0.0625,266.625,0.875,25.875,-0.668701171875,0.14788818359375,0.16888427734375,-0.7088623046875,57.98403176281673,17.562821226843337,10.147003132025095
1588868986.5767994,0.18,-4.43,8.86,0.38555555555555554,0.36,-0.7022222222222222,-0.125,0.0,0.0,266.625,0.875,25.875,-0.668701171875,0.14788818359375,0.16888427734375,-0.7088623046875,56.08446249375368,22.361872477618228,8.921415223084852
1588868986.5987306,0.18,-4.43,8.8,0.38555555555555554,0.36,-0.7022222222222222,0.0625,0.0625,0.0625,266.625,0.875,25.875,-0.668701171875,0.14788818359375,0.16888427734375,-0.7088623046875,60.05109281711831,18.896622454348467,7.582113633038105
1588868986.6242473,0.17,-4.43,8.9,0.3655555555555556,0.36777777777777776,-0.68,0.0,0.125,0.0625,266.625,0.875,25.875,-0.668701171875,0.14788818359375,0.16888427734375,-0.7088623046875,62.83945010076783,18.74441732700457,10.287551261135023
1588868986.6480865,0.19,-4.43,8.79,0.3655555555555556,0.36777777777777776,-0.68,-0.0625,0.0625,-0.0625,266.625,0.875,25.875,-0.668701171875,0.14788818359375,0.16888427734375,-0.7088623046875,61.96743028650477,17.713743806569802,8.385040702438687
1588868986.6714478,0.17,-4.43,8.89,0.3655555555555556,0.35333333333333333,-0.68,-0.0625,0.0625,0.0,266.625,0.875,25.875,-0.668701171875,0.14788818359375,0.16888427734375,-0.7088623046875,57.63163865236408,17.562821226843337,7.85310689764639
1588868986.7004325,0.17,-4.41,8.81,0.3655555555555556,0.35333333333333333,-0.68,-0.0625,0.0,-0.0625,266.625,0.875,25.875,-0.668701171875,0.14788818359375,0.16888427734375,-0.7088623046875,58.1603332342135,23.8940832812109,14.081964229314526
1588868986.7279887,0.17,-4.43,8.88,0.37333333333333335,0.3466666666666667,-0.6733333333333333,0.0,0.0625,0.0,266.625,0.875,25.875,-0.668701171875,0.14788818359375,0.16888427734375,-0.7088623046875,56.78704340292894,22.970040758248228,9.74085639081978
1588868986.7484353,0.18,-4.43,8.81,0.37333333333333335,0.3466666666666667,-0.6733333333333333,0.0,-0.1875,0.0625,266.625,0.875,25.875,-0.668701171875,0.14788818359375,0.16888427734375,-0.7088623046875,57.12116780542493,41.275921339768416,18.45567204384738
1588868986.7760224,0.17,-4.42,8.87,0.39111111111111113,0.35333333333333333,-0.68,0.0625,-0.1875,-0.0625,266.625,0.875,25.875,-0.668701171875,0.14788818359375,0.16888427734375,-0.7088623046875,61.789662820599744,16.391510137339036,11.534922691402478
1588868986.7975738,0.19,-4.43,8.77,0.39111111111111113,0.35333333333333333,-0.68,-0.0625,0.0625,-0.125,266.625,0.875,25.875,-0.668701171875,0.14788818359375,0.16888427734375,-0.7088623046875,56.26000068263108,17.864834297117845,10.414259176907256
1588868986.8186512,0.18,-4.43,8.87,0.37333333333333335,0.36,-0.7155555555555555,0.0,0.0625,0.0,266.625,0.875,25.875,-0.668701171875,0.14788818359375,0.16888427734375,-0.7088623046875,57.63163865236408,18.45567204384738,11.663526520834106
1588868986.8384664,0.18,-4.43,8.76,0.37333333333333335,0.36,-0.7155555555555555,0.0625,0.0,0.0,266.625,0.875,25.875,-0.668701171875,0.14788818359375,0.16888427734375,-0.7088623046875,56.94528098488802,16.54108526057354,7.325834451023294
1588868986.8608947,0.16,-4.42,8.87,0.37333333333333335,0.36,-0.7155555555555555,-0.125,-0.125,0.0,266.625,0.875,25.875,-0.668701171875,0.14788818359375,0.16888427734375,-0.7088623046875,56.78704340292894,16.975847776444198,5.2558793362877125
1588868986.8880372,0.16,-4.41,8.84,0.35888888888888887,0.36,-0.68,0.0,-0.0625,-0.125,266.625,0.875,25.875,-0.668701171875,0.14788818359375,0.16888427734375,-0.7088623046875,59.891754056104936,17.864834297117845,7.057325277606087
1588868986.9108396,0.19,-4.42,8.86,0.35888888888888887,0.36,-0.68,0.0625,0.0625,0.0,266.625,0.875,25.875,-0.668701171875,0.14788818359375,0.16888427734375,-0.7088623046875,56.78704340292894,16.825763641936998,7.325834451023294
1588868986.933411,0.17,-4.43,8.89,0.39111111111111113,0.36777777777777776,-0.6733333333333333,0.125,0.0,-0.0625,266.625,0.875,25.875,-0.668701171875,0.14788818359375,0.16888427734375,-0.7088623046875,61.434328081998146,18.3039366116672,7.447086548616121
1588868986.9655776,0.18,-4.44,8.84,0.39111111111111113,0.36777777777777776,-0.6733333333333333,0.0,-0.0625,0.0625,266.625,0.875,25.875,-0.668701171875,0.14788818359375,0.16888427734375,-0.7088623046875,62.14526429466488,17.12610518648087,8.921415223084852
1588868986.9866226,0.18,-4.42,8.9,0.37333333333333335,0.35333333333333333,-0.68,0.125,0.0,-0.0625,266.625,0.875,25.875,-0.668701171875,0.14788818359375,0.16888427734375,-0.7088623046875,56.94528098488802,16.825763641936998,6.273097568171245
1588868987.011419,0.18,-4.42,8.84,0.37333333333333335,0.35333333333333333,-0.68,0.125,-0.0625,0.0,266.625,0.875,25.875,-0.668701171875,0.14788818359375,0.16888427734375,-0.7088623046875,61.61196203839659,17.864834297117845,9.601311852739261
